claim_id,score,pred_proba_bad,score_band,fraud
0,584.6562448094663,0.027719532952022955,550-600,0.0
1,531.7110044793568,0.08832888066312412,500-550,0.0
2,528.4840203501535,0.09452006168443856,500-550,0.0
3,521.019969925141,0.11034746334175054,500-550,1.0
4,520.0933309111965,0.1124668934550829,500-550,0.0
5,444.7624251818971,0.419391113222559,<450,0.0
6,507.9743742674584,0.14359094019152918,500-550,0.0
7,502.32865960811927,0.16038909559201645,500-550,0.0
8,482.55668688905814,0.2317410451607005,450-500,0.0
9,550.8301062849664,0.058637314422694625,550-600,0.0
10,525.4045855832044,0.10078768799924796,500-550,0.0
11,537.6265980778542,0.07792416101936114,500-550,0.0
12,495.94560071818364,0.18125676766391355,450-500,1.0
13,452.6956246320793,0.3755289850717241,450-500,1.0
14,522.9706028397393,0.10600006232587567,500-550,0.0
15,580.4641237137014,0.030452882511701727,550-600,0.0
16,597.128393129349,0.020924771230418616,550-600,0.0
17,499.4693110333643,0.16948650305392574,450-500,0.0
18,464.2710761770478,0.31517852134258345,450-500,1.0
19,472.4756687550563,0.2757613161407454,450-500,0.0
20,533.1806556907472,0.08563244914407402,500-550,0.0
21,510.7594697517115,0.13585775857142243,500-550,0.0
22,503.56829536002294,0.15656949609741413,500-550,0.0
23,521.5285453089848,0.10919916853464215,500-550,0.0
24,508.41198379849016,0.14235204843726143,500-550,0.0
25,526.0780329267669,0.09938623189687057,500-550,0.0
26,490.54244900893525,0.20052496124267946,450-500,0.0
27,509.2024974121889,0.1401366767357363,500-550,0.0
28,536.9718707968686,0.07901805922493804,500-550,0.0
29,512.8945392859617,0.13016965804271335,500-550,0.0
30,547.9675329115937,0.06239651311998127,500-550,0.0
31,528.654303839899,0.09418387018050133,500-550,0.0
32,525.235991526804,0.10114127112315802,500-550,0.0
33,540.3968577860746,0.07344762505072781,500-550,0.0
34,475.8934825262752,0.2602723331054274,450-500,0.0
35,504.29270545198466,0.15437191031815664,500-550,0.0
36,565.8186663076661,0.04219807059283553,550-600,0.0
37,583.7049455084799,0.028318100234208936,550-600,0.0
38,536.1618860354963,0.0803907758656047,500-550,0.0
39,505.07992736992196,0.15201243461758238,500-550,0.0
40,481.48466914984726,0.23618009178273625,450-500,0.0
41,503.2457196637618,0.15755623748343286,500-550,0.0
42,503.7261968606935,0.15608832156021066,500-550,0.0
43,528.2868873464554,0.094910604311315,500-550,0.0
44,521.6016543400272,0.10903496273980087,500-550,0.0
45,515.3448536962543,0.12389258033315591,500-550,0.0
46,505.3395682789245,0.1512407515854661,500-550,0.0
47,537.6840989603656,0.07782875539723563,500-550,0.0
48,584.6562448094663,0.027719532952022955,550-600,0.0
49,503.75145968898937,0.15601144987526425,500-550,0.0
50,451.31875466702286,0.38301825033418585,450-500,0.0
51,464.8305769230078,0.3123949879277646,450-500,1.0
52,513.7122116317565,0.12804547873310812,500-550,0.0
53,503.51821545419836,0.15672235711049726,500-550,0.0
54,467.5094936656071,0.29925619401292136,450-500,1.0
55,509.9431123922666,0.13808739696193464,500-550,0.0
56,508.85959801542975,0.14109406888659107,500-550,0.0
57,515.4401711511925,0.12365373346706596,500-550,1.0
58,580.4641237137014,0.030452882511701727,550-600,0.0
59,509.5699139056324,0.13911687257628866,500-550,0.0
60,529.1945927765398,0.09312425859394453,500-550,0.0
61,548.5749324593731,0.06158050937866297,500-550,0.0
62,565.0587347708016,0.04291345712557759,550-600,0.0
63,543.730342153141,0.06837533527131866,500-550,0.0
64,572.1401418371481,0.03667400784104854,550-600,0.0
65,502.7583105986507,0.15905677822446182,500-550,0.0
66,495.94560071818364,0.18125676766391355,450-500,0.0
67,446.7797323566892,0.40808607154287146,<450,0.0
68,506.52786402575146,0.14775002094710174,500-550,0.0
69,464.6337302676745,0.31337277729077,450-500,0.0
70,490.4044940004361,0.2010364421390757,450-500,0.0
71,441.39183084032265,0.43846449550977484,<450,0.0
72,509.62683894320173,0.13895942884181534,500-550,0.0
73,541.5864136321537,0.07159900411778487,500-550,0.0
74,502.8141290627347,0.15888434936189855,500-550,0.0
75,531.6609245735323,0.08842210203867713,500-550,0.0
76,513.183971662224,0.1294143549532064,500-550,0.0
77,606.2093312941944,0.017031893140041908,600-650,0.0
78,480.23122971774427,0.2414444102095494,450-500,0.0
79,513.330700936554,0.1290328771857014,500-550,0.0
80,513.7688801331421,0.12789936450741216,500-550,0.0
81,534.0680374203337,0.08404066302482117,500-550,0.0
82,494.75604487210455,0.18537134118408768,450-500,1.0
83,492.153520035137,0.19462392721752408,450-500,0.0
84,488.77124095036817,0.2071660792990192,450-500,1.0
85,520.2149388089331,0.11218673590473416,500-550,0.0
86,479.44088394329157,0.24480464125588075,450-500,0.0
87,504.571169614237,0.15353388909289853,500-550,0.0
88,487.40529935637846,0.21239766277631683,450-500,0.0
89,517.1533142623379,0.11942798942915615,500-550,1.0
90,517.3677721626428,0.11890787587762612,500-550,0.0
91,523.4641714016707,0.10492423231864109,500-550,0.0
92,559.8716810587749,0.048114463354003045,550-600,0.0
93,455.6995588523379,0.35939870807138147,450-500,0.0
94,542.5363900380585,0.07015363846197269,500-550,0.0
95,510.0898791417754,0.1376842939191924,500-550,0.0
96,478.73289493776275,0.24784144487036205,450-500,0.0
97,532.3650109649959,0.08711960380574907,500-550,0.0
98,492.390407609657,0.19376745144168311,450-500,0.0
99,480.8706563376674,0.23874893197849142,450-500,0.0
100,493.7365504290043,0.18895479438099377,450-500,0.0
101,463.93845561722037,0.3168396468461481,450-500,0.0
102,557.3769264539685,0.05082422475044491,550-600,0.0
103,507.57468197472826,0.14473031591994973,500-550,0.0
104,534.8279422758812,0.08269895569355104,500-550,0.0
105,490.38837286851896,0.20109627638995486,450-500,0.0
106,458.70446784768995,0.34357500053914647,450-500,0.0
107,478.88138319733156,0.24720244071764896,450-500,0.0
108,501.91626919868787,0.16167636659198534,500-550,1.0
109,485.0703510002666,0.22156245208693465,450-500,0.0
110,499.4901717414824,0.1694186692956276,450-500,0.0
111,470.13746370271167,0.2866804514270533,450-500,1.0
112,455.04555236669876,0.36288501791624944,450-500,0.0
113,511.9337545031752,0.13270383447173068,500-550,0.0
114,433.5275752388849,0.4835825846783552,<450,0.0
115,581.4211882542639,0.029806723812318733,550-600,0.0
116,574.6669500239105,0.034666318225231266,550-600,0.0
117,495.94560071818364,0.18125676766391355,450-500,0.0
118,548.6872034273545,0.06143077618100959,500-550,0.0
119,572.3402500894185,0.0365110141691965,550-600,0.0
120,482.967605923188,0.23005502370176986,450-500,0.0
121,465.01738459170326,0.31146860657848574,450-500,0.0
122,460.046935917871,0.33661389656755947,450-500,0.0
123,534.3216692678504,0.08359066036946017,500-550,0.0
124,514.280628251568,0.12658630669430002,500-550,0.0
125,541.4459491298413,0.07181503568991837,500-550,0.0
126,563.9022707356407,0.04402440003181365,550-600,0.0
127,542.3536545599258,0.07042955436003705,500-550,0.0
128,531.9867625435901,0.08781715845622692,500-550,0.0
129,543.493454578621,0.06872480779570402,500-550,0.0
130,456.6871606728979,0.35416221529545766,450-500,0.0
131,494.6435350637423,0.1857642139930796,450-500,0.0
132,492.8082473161225,0.19226372220007415,450-500,0.0
133,496.57676192774693,0.17910267299493202,450-500,0.0
134,477.894756151865,0.2514690142551484,450-500,0.0
135,508.8998168454144,0.14098149357757114,500-550,0.0
136,524.4976009484664,0.10270285365534863,500-550,0.0
137,539.3969425906987,0.07503542809435117,500-550,0.0
138,511.0191106607141,0.1351550131345501,500-550,0.0
139,483.9707853213583,0.2259751564164749,450-500,0.0
140,490.61213181991144,0.20026697664674292,450-500,0.0
141,566.423313682827,0.04163702401833589,550-600,0.0
142,493.9468275082565,0.18821136031167024,450-500,0.0
143,477.6202748000694,0.25266463903644215,450-500,0.0
144,465.5502474387685,0.3088344274407435,450-500,0.0
145,537.3678255113008,0.0783548435652977,500-550,1.0
146,530.6289210897821,0.09036299839350861,500-550,0.0
147,498.78608535001877,0.17172014201272418,450-500,0.0
148,467.51703136529,0.29921967405502126,450-500,1.0
149,510.7661325116152,0.13583968667600466,500-550,0.0
150,498.4443725519912,0.17284601296747107,450-500,1.0
151,503.42790120858683,0.15699833421450518,500-550,0.0
152,529.1241891702173,0.09326172518504164,500-550,0.0
153,521.6641409162944,0.10889478720171636,500-550,0.0
154,501.8603934959488,0.16185142183617218,500-550,0.0
155,472.02175131469636,0.27786081045577304,450-500,0.0
156,526.6442213351081,0.09822142548386142,500-550,0.0
157,486.7727655160978,0.2148527459713864,450-500,1.0
158,543.6636362072561,0.06847357748003968,500-550,0.0
159,574.8996044725116,0.034486880099972604,550-600,0.0
160,487.47685190756147,0.21212123637753824,450-500,1.0
161,548.1514026436196,0.06214843600717803,500-550,0.0
162,546.0155780762802,0.06508764684145592,500-550,0.0
163,464.8305769230078,0.3123949879277646,450-500,0.0
164,531.119609973516,0.08943541648147861,500-550,0.0
165,485.13822494107717,0.22129209514361015,450-500,0.0
166,513.330700936554,0.1290328771857014,500-550,0.0
167,458.48522400214745,0.34471835692653846,450-500,0.0
168,481.3647105635557,0.23668045710701704,450-500,0.0
169,547.9675329115937,0.06239651311998127,500-550,0.0
170,469.1189776208005,0.2915166814467807,450-500,0.0
171,532.1669074523818,0.08748431316690494,500-550,0.0
172,497.89335613345656,0.17467378163400363,450-500,0.0
173,464.7804970171832,0.3126435901678856,450-500,0.0
174,436.15212871949774,0.46845860466294137,<450,1.0
175,598.2809441182605,0.020386116726131713,550-600,0.0
176,455.74963875816246,0.359132352776717,450-500,0.0
177,522.3615591955747,0.10734098456780895,500-550,1.0
178,502.8141290627347,0.15888434936189855,500-550,0.0
179,533.115725211036,0.08574998813704393,500-550,0.0
180,453.8653511461777,0.36921273339593635,450-500,0.0
181,481.69839841860994,0.2352904070101199,450-500,0.0
182,512.0413288658456,0.1324180310850266,500-550,0.0
183,488.740249321249,0.2072837153775908,450-500,0.0
184,488.9169313662775,0.20661373768510413,450-500,0.0
185,551.2512973866484,0.058102442668924004,550-600,0.0
186,486.43517557885724,0.21617145969677268,450-500,0.0
187,567.4182762007496,0.04072930914127799,550-600,0.0
188,521.6016543400272,0.10903496273980087,500-550,0.0
189,559.4519910474557,0.04856052718204013,550-600,0.0
190,550.15293869918,0.0595069392438342,550-600,0.0
191,521.0169474965675,0.1103543190897489,500-550,0.0
192,512.8175808321558,0.13037111878468968,500-550,0.0
193,514.8489957063566,0.1251415008860011,500-550,1.0
194,502.23834536250774,0.16067029933381585,500-550,0.0
195,520.9444704005338,0.11051883002250962,500-550,0.0
196,515.2563014191668,0.12411482982077947,500-550,0.0
197,487.85642299226834,0.21065925102697308,450-500,1.0
198,490.7176737023401,0.19987670600337767,450-500,0.0
199,540.7418627383776,0.07290699423095695,500-550,0.0
200,562.6417620842874,0.04526652463472839,550-600,0.0
201,553.1828006185472,0.05570777188028797,550-600,0.0
202,477.1022569768072,0.2549313244693895,450-500,0.0
203,525.0929976253968,0.10144202681363258,500-550,0.0
204,450.96268917195727,0.3849642447658482,450-500,1.0
205,556.7272823362039,0.05155322368576098,550-600,0.0
206,497.95492685084685,0.1744687925360347,450-500,1.0
207,592.8498012447253,0.02304890491963789,550-600,0.0
208,530.93780967082,0.08977808016070837,500-550,0.0
209,517.522099726354,0.11853480664094572,500-550,0.0
210,531.6609245735323,0.08842210203867713,500-550,0.0
211,495.94560071818364,0.18125676766391355,450-500,0.0
212,462.25044927624947,0.3253412048220967,450-500,0.0
213,479.1115831094704,0.24621398834404523,450-500,0.0
214,496.87599787636395,0.17808842376729717,450-500,0.0
215,529.998404532671,0.09156762149319458,500-550,0.0
216,506.8502718827666,0.14681447680811072,500-550,0.0
217,535.4350463095501,0.08164107322408545,500-550,1.0
218,522.3615591955747,0.10734098456780895,500-550,0.0
219,473.537411605328,0.2708890109069757,450-500,0.0
220,492.8082473161225,0.19226372220007415,450-500,0.0
221,545.0531617546882,0.06645392480715111,500-550,0.0
222,529.5466267731448,0.09243961877631736,500-550,0.0
223,491.19645549457437,0.1981134432438836,450-500,0.0
224,513.840434806371,0.1277150710097894,500-550,0.0
225,555.7225519659572,0.052700182092328476,550-600,0.0
226,504.0355591755633,0.1551490938391408,500-550,0.0
227,501.6074153468499,0.16264590141413673,500-550,1.0
228,489.2445006592609,0.20537583667329318,450-500,0.0
229,504.9926237161259,0.15227263626001225,500-550,0.0
230,492.97894124621365,0.1916519892333716,450-500,0.0
231,550.8222729616047,0.058647305584772845,550-600,0.0
232,478.78687745765245,0.24760900850915815,450-500,0.0
233,527.7530216626308,0.09597551305114277,500-550,0.0
234,548.5070585185626,0.061671196616827205,500-550,0.0
235,490.35915367081253,0.20120475861822615,450-500,1.0
236,496.435046419328,0.17958458602456734,450-500,0.0
237,550.2017964227592,0.05944379341085865,550-600,0.0
238,521.1813579750537,0.1099819297452015,500-550,0.0
239,487.8291059298787,0.21076422039044096,450-500,0.0
240,460.89229937377,0.3322663065537306,450-500,0.0
241,498.9613100434236,0.17114507236916263,450-500,0.0
242,484.9268521500266,0.2221348173652222,450-500,0.0
243,533.5055317790376,0.08504653985290879,500-550,0.0
244,468.77203305800185,0.2931750513799801,450-500,1.0
245,511.65159105749893,0.13345596894341272,500-550,0.0
246,513.7188002273176,0.12802848336611994,500-550,0.0
247,513.0869045835229,0.1296672445937959,500-550,0.0
248,519.801978516184,0.1131405908370408,500-550,0.0
249,511.13847095310075,0.13483298228240045,500-550,0.0
250,532.562143968694,0.08675804693599967,500-550,0.0
251,518.4144226596,0.11639753445171948,500-550,0.0
252,486.27629047607104,0.21679413131487993,450-500,0.0
253,482.8318792644214,0.23061096408242543,450-500,0.0
254,510.5722959492027,0.13636627235584142,500-550,0.0
255,496.11257905489845,0.1806849309675682,450-500,0.0
256,518.6720834977854,0.11578664674457469,500-550,0.0
257,495.99898920507655,0.18107377950187048,450-500,0.0
258,524.8869984117646,0.10187669473967062,500-550,0.0
259,551.0646039009587,0.05833895804171948,550-600,0.0
260,470.80698396177144,0.28352754747144293,450-500,1.0
261,517.522099726354,0.11853480664094572,500-550,0.0
262,539.0005922239728,0.07567349367191173,500-550,0.0
263,505.9490524876048,0.14944194214167333,500-550,0.0
264,520.9945503063583,0.11040513406555384,500-550,0.0
265,551.5305230339171,0.057750380219694614,550-600,0.0
266,510.0898791417754,0.1376842939191924,500-550,0.0
267,542.5363900380585,0.07015363846197269,500-550,0.0
268,513.330700936554,0.1290328771857014,500-550,0.0
269,477.1022569768072,0.2549313244693895,450-500,0.0
270,471.6991052675589,0.27935910270556086,450-500,0.0
271,505.99913239342936,0.14929492499099306,500-550,0.0
272,515.7724145026934,0.12282428676700256,500-550,0.0
273,468.9462637602476,0.29234155110335847,450-500,1.0
274,508.3435024991831,0.14254533190796792,500-550,0.0
275,494.9737138421716,0.18461308591953757,450-500,0.0
276,462.25044927624947,0.3253412048220967,450-500,1.0
277,465.0334751662822,0.31138888363196693,450-500,1.0
278,568.8887016522203,0.03942244568975608,550-600,0.0
279,492.8082473161225,0.19226372220007415,450-500,0.0
280,514.2723814696595,0.1266073748413732,500-550,0.0
281,478.3959137427161,0.24929571300603823,450-500,0.0
282,552.1095741015341,0.05702665554333785,550-600,0.0
283,528.5341002559782,0.09442107727940485,500-550,0.0
284,590.7617178691387,0.024160634221302598,550-600,0.0
285,503.30357476387906,0.1573788906022227,500-550,0.0
286,488.2332389081068,0.20921519807840833,450-500,0.0
287,516.3267411655198,0.12145106081156233,500-550,0.0
288,468.07139871778645,0.2965407985691842,450-500,0.0
289,528.6304778579099,0.09423084537849409,500-550,0.0
290,525.1645522986257,0.10129142851743499,500-550,0.0
291,507.5598314008416,0.14477279381340635,500-550,1.0
292,536.1345689731068,0.08043744854773127,500-550,0.0
293,483.67722924545257,0.22716370554344878,450-500,0.0
294,464.8305769230078,0.3123949879277646,450-500,0.0
295,530.9343005941951,0.0897847058201043,500-550,0.0
296,543.730342153141,0.06837533527131866,500-550,0.0
297,473.4476248519779,0.2712989391267383,450-500,1.0
298,476.34464779401657,0.25827038930240376,450-500,0.0
299,553.9520390576733,0.054780173216659116,550-600,0.0
300,487.7346001901996,0.2111276666810633,450-500,1.0
301,534.837777770367,0.08268171831836806,500-550,0.0
302,564.9116816729281,0.04305322188152988,550-600,0.0
303,469.32655855316136,0.2905271038994288,450-500,0.0
304,573.4783570591004,0.0355971700904783,550-600,0.0
305,455.6995588523379,0.35939870807138147,450-500,1.0
306,486.95768513943887,0.21413288307435593,450-500,0.0
307,577.7656277233776,0.03234863854888368,550-600,0.0
308,531.7267140071849,0.08829965641350875,500-550,0.0
309,538.8865947467484,0.07585793321648743,500-550,0.0
310,529.3992560608539,0.09272567522898996,500-550,0.0
311,522.6196205078945,0.10677100222442008,500-550,0.0
312,476.39472769984116,0.2580487909950115,450-500,0.0
313,510.6471987837303,0.13616258423885697,500-550,0.0
314,448.9760210450664,0.3958880246647643,<450,0.0
315,448.3873011013999,0.3991457279588868,<450,0.0
316,523.9963557749004,0.10377504232243319,500-550,0.0
317,525.4045855832044,0.10078768799924796,500-550,0.0
318,484.78643004710955,0.2226959324779997,450-500,0.0
319,471.40438355241156,0.28073203586333406,450-500,0.0
320,478.0827340408121,0.2506523641540528,450-500,0.0
321,540.4009789292659,0.0734411453939442,500-550,0.0
322,497.3271677251154,0.17656771437602867,450-500,1.0
323,508.73471763741435,0.14144409661048737,500-550,0.0
324,442.70301914340934,0.43101993762701923,<450,1.0
325,425.461094165282,0.5301339385678238,<450,1.0
326,473.2608171832824,0.2721530704306045,450-500,0.0
327,525.8900550378198,0.09977566369200319,500-550,0.0
328,524.4475210426418,0.1028095344283425,500-550,0.0
329,538.714896736705,0.0761365068459302,500-550,0.0
330,442.70301914340934,0.43101993762701923,<450,1.0
331,575.5940386010225,0.03395659872343455,550-600,0.0
332,486.32637038189563,0.21659772799565236,450-500,0.0
333,532.3237637168977,0.0871954266104557,500-550,0.0
334,483.2493528370736,0.22890398281434748,450-500,1.0
335,560.3145556995136,0.0476479779143566,550-600,0.0
336,528.2821477702545,0.09492001170235922,500-550,0.0
337,569.5916741932703,0.038811964438354545,550-600,0.0
338,519.0531859986196,0.1148882007844605,500-550,0.0
339,527.7226844994733,0.09603634655062014,500-550,1.0
340,445.856626590034,0.4132478780202943,<450,0.0
341,476.39472769984116,0.2580487909950115,450-500,0.0
342,450.48321481178493,0.38759051686379975,450-500,0.0
343,592.3258594188469,0.023323074870646127,550-600,0.0
344,530.08125371078,0.09140851518284113,500-550,0.0
345,581.4211882542639,0.029806723812318733,550-600,0.0
346,544.5903478524124,0.06712039529035083,500-550,0.0
347,525.9107333740968,0.09973275827469016,500-550,0.0
348,452.74570453790386,0.3752576781551325,450-500,0.0
349,536.2119613603109,0.0803052836286207,500-550,0.0
350,481.50445352436594,0.23609763841230483,450-500,0.0
351,445.4699544588632,0.4154158128216882,<450,0.0
352,503.56829536002294,0.15656949609741413,500-550,0.0
353,487.9623213621769,0.2102526851048862,450-500,1.0
354,445.95273740010384,0.41270953645823893,<450,1.0
355,459.3396103904093,0.34027298956899227,450-500,0.0
356,543.4484578360173,0.06879137672634365,500-550,0.0
357,507.0467112964434,0.14624686838641435,500-550,0.0
358,505.9490524876048,0.14944194214167333,500-550,0.0
359,507.509751495017,0.14491611641067886,500-550,1.0
360,485.8657808813598,0.2184089205924232,450-500,1.0
361,497.3921109598906,0.1763496591445759,450-500,0.0
362,541.0023177233585,0.07250128648524388,500-550,0.0
363,522.3615591955747,0.10734098456780895,500-550,1.0
364,498.0050067566714,0.17430220006974928,450-500,0.0
365,485.5324972370818,0.21972629361361914,450-500,0.0
366,560.3393727770423,0.04762196528915584,550-600,0.0
367,486.9804338929114,0.21404444708630116,450-500,0.0
368,553.7271311626585,0.05504986647364483,550-600,0.0
369,449.97876922245,0.39036063331864573,<450,0.0
370,542.3426735908519,0.07044616664819732,500-550,0.0
371,562.5778445128875,0.0453303914772603,550-600,0.0
372,524.8353389092572,0.10198595735969129,500-550,0.0
373,492.8082473161225,0.19226372220007415,450-500,0.0
374,452.74570453790386,0.3752576781551325,450-500,0.0
375,514.3792927478794,0.12633447979820547,500-550,0.0
376,514.6621880376612,0.1256148053973443,500-550,0.0
377,538.9958526477719,0.07568115374809221,500-550,0.0
378,493.04513489064254,0.19141516433455863,450-500,0.0
379,516.7057000453982,0.12051990210068649,500-550,0.0
380,498.5283370673806,0.1725688277657244,450-500,1.0
381,544.9213766681434,0.06664307213883637,500-550,1.0
382,477.11841713471864,0.25486041086320727,450-500,0.0
383,540.1569542674595,0.07382573271766853,500-550,0.0
384,511.9374747453992,0.13269394182248637,500-550,0.0
385,580.5142036195259,0.03041873735612247,550-600,0.0
386,492.5701941023609,0.19311933999292813,450-500,0.0
387,543.1025784463995,0.06930507336979788,500-550,0.0
388,543.6390022441543,0.06850989058274996,500-550,1.0
389,477.5654553180439,0.2529038797826298,450-500,0.0
390,511.60817391157804,0.13357202125561227,500-550,0.0
391,471.6991052675589,0.27935910270556086,450-500,0.0
392,490.7292566776307,0.19983390947406693,450-500,0.0
393,537.2299275281782,0.07858523969235943,500-550,0.0
394,547.9675329115937,0.06239651311998127,500-550,1.0
395,500.5459007783564,0.1660138759120871,500-550,0.0
396,505.52072416037436,0.15070424401638352,500-550,0.0
397,485.4976536641218,0.2198643491638932,450-500,0.0
398,519.8552776974349,0.1130170839834273,500-550,0.0
399,499.2933250861491,0.17005962555302595,450-500,0.0
400,466.512902862998,0.30410702716179705,450-500,1.0
401,529.8485992621789,0.09185594482763372,500-550,0.0
402,561.8737581214239,0.04603962176038349,550-600,0.0
403,470.7016665496938,0.2840221174555894,450-500,0.0
404,520.2650187147576,0.11207154028559461,500-550,0.0
405,547.486003527751,0.06305057919080707,500-550,0.0
406,540.7499618456935,0.07289434689226677,500-550,1.0
407,478.31962161533215,0.2496257476207937,450-500,0.0
408,505.3631311083753,0.1511708796891672,500-550,0.0
409,477.1523368826318,0.25471160728014114,450-500,0.0
410,462.804974771409,0.3225353041892138,450-500,1.0
411,432.3562330051009,0.4903438196494618,<450,1.0
412,497.7880656743228,0.17502476798280978,450-500,1.0
413,530.6859010859408,0.09025484225807442,500-550,0.0
414,529.3725886784716,0.09277752325212257,500-550,1.0
415,549.5793247331419,0.06025301610622336,500-550,0.0
416,465.99786165570816,0.3066312258041041,450-500,0.0
417,491.19645549457437,0.1981134432438836,450-500,0.0
418,492.7581674102979,0.19244348063025468,450-500,0.0
419,479.44088394329157,0.24480464125588075,450-500,0.0
420,507.07780483172854,0.14615719102571204,500-550,1.0
421,479.83369540662926,0.2431306251592376,450-500,0.0
422,478.0827340408121,0.2506523641540528,450-500,0.0
423,491.483422974919,0.1970622228923593,450-500,0.0
424,521.6998803219302,0.10881468446644939,500-550,0.0
425,526.3247768337063,0.09887710795084229,500-550,1.0
426,524.9582474743788,0.10172616942775117,500-550,0.0
427,590.0873876830017,0.02453070633480213,550-600,0.0
428,517.2337258002578,0.11923274147950005,500-550,0.0
429,462.300529182074,0.3250872811686714,450-500,0.0
430,468.373977726055,0.29508451046147655,450-500,0.0
431,528.4701826845782,0.09454742861985779,500-550,0.0
432,551.2083547063723,0.058156765429969996,550-600,0.0
433,525.7436955299676,0.10007981401541569,500-550,0.0
434,493.68647052317976,0.18913218349829214,450-500,0.0
435,496.8326476891094,0.17823507846739772,450-500,1.0
436,508.85959801542975,0.14109406888659107,500-550,0.0
437,445.23306688434315,0.4167455830161284,<450,0.0
438,523.5103108185493,0.10482415653632998,500-550,0.0
439,514.2723814696595,0.1266073748413732,500-550,0.0
440,471.6991052675589,0.27935910270556086,450-500,0.0
441,514.9836474860672,0.1248012894269358,500-550,0.0
442,505.29504600196566,0.15137284790516825,500-550,0.0
443,503.4779811144114,0.15684525408949798,500-550,0.0
444,473.7308285904312,0.27000727466574265,450-500,0.0
445,542.5363900380585,0.07015363846197269,500-550,0.0
446,547.1755714174554,0.0634756266544611,500-550,0.0
447,496.9099566502714,0.17797360647673593,450-500,0.0
448,520.043251005372,0.1125824439230958,500-550,1.0
449,499.2755310511631,0.1701176599754399,450-500,0.0
450,545.4875650764845,0.06583396376142461,500-550,0.0
451,542.1169707349101,0.07078841874817798,500-550,0.0
452,517.4056701400027,0.11881616787114047,500-550,0.0
453,479.3414495079989,0.24522962711957208,450-500,0.0
454,488.8645536656501,0.20681218657636846,450-500,0.0
455,498.0050067566714,0.17430220006974928,450-500,0.0
456,536.8979401809825,0.07914245863284741,500-550,0.0
457,589.5024792120835,0.0248561746637053,550-600,0.0
458,477.67573677667355,0.2524227468380547,450-500,0.0
459,532.1735702122855,0.08747202459779813,500-550,0.0
460,477.222019693608,0.254406093086799,450-500,0.0
461,501.5250494794466,0.16290524919359134,500-550,0.0
462,509.24783774181253,0.14001049212674818,500-550,0.0
463,529.1241891702173,0.09326172518504164,500-550,0.0
464,468.77203305800185,0.2931750513799801,450-500,0.0
465,560.5789132985594,0.047371577707477276,550-600,0.0
466,516.8680932407149,0.12012276689803296,500-550,0.0
467,481.64831851278535,0.23549866489940724,450-500,0.0
468,469.5147499633916,0.28963167645805893,450-500,0.0
469,460.9893408789873,0.3317690416089894,450-500,0.0
470,541.4459491298413,0.07181503568991837,500-550,0.0
471,552.6490997085031,0.05636000777300043,550-600,0.0
472,528.7502405747107,0.09399493403268441,500-550,0.0
473,472.2152137700755,0.2769647911353501,450-500,0.0
474,477.11841713471864,0.25486041086320727,450-500,0.0
475,525.255210131257,0.10110090946648197,500-550,0.0
476,480.2653876557799,0.24129989558895973,450-500,0.0
477,497.3271677251154,0.17656771437602867,450-500,1.0
478,543.3312195259674,0.06896510161982787,500-550,0.0
479,529.1881067416173,0.09313691529675733,500-550,0.0
480,511.24251312462667,0.13455280789195403,500-550,0.0
481,455.21017636646815,0.36200608192564315,450-500,1.0
482,495.2380714412176,0.18369541901399744,450-500,0.0
483,591.5990196929006,0.023708695154040144,550-600,0.0
484,531.7110044793568,0.08832888066312412,500-550,0.0
485,494.4873571951776,0.18631063601927347,450-500,0.0
486,511.48630947765776,0.13389821615844383,500-550,0.0
487,510.0397992359508,0.13782172990691008,500-550,0.0
488,449.9286893166254,0.39063603195014746,<450,1.0
489,495.34498271943744,0.183325302150152,450-500,0.0
490,515.8972948807088,0.12251376175948916,500-550,1.0
491,491.19645549457437,0.1981134432438836,450-500,1.0
492,510.95186703390965,0.13533672024686455,500-550,0.0
493,518.588357847735,0.11598484555996258,500-550,0.0
494,538.9505123181483,0.07575446851920008,500-550,0.0
495,513.6087432390391,0.12831262932006887,500-550,1.0
496,495.28392184453907,0.18353661832395035,450-500,0.0
497,475.87744897707296,0.26034366311924406,450-500,0.0
498,534.4058311070785,0.08344182195617578,500-550,0.0
499,542.1169707349101,0.07078841874817798,500-550,0.0
500,496.8353952807179,0.17822578049405322,450-500,0.0
501,526.6740926881479,0.09816031090589096,500-550,0.0
502,516.4237410388856,0.12121212889502615,500-550,0.0
503,483.52715391487544,0.22777303278326472,450-500,1.0
504,532.3285032930986,0.0871867110444111,500-550,0.0
505,491.4322757738676,0.1972492768068478,450-500,0.0
506,593.7429482138879,0.022588774026107816,550-600,0.0
507,491.24653540039895,0.1979296866791521,450-500,0.0
508,515.9603878106304,0.1223571331490017,500-550,0.0
509,490.72818938240397,0.19983785260606796,450-500,0.0
510,483.01704975457244,0.22985273399814654,450-500,0.0
511,539.3748538491611,0.07507085725270975,500-550,0.0
512,515.2550669429043,0.1241179305400994,500-550,0.0
513,476.7796812805461,0.25634955658087694,450-500,0.0
514,624.0956104950083,0.01133175553252925,600-650,0.0
515,533.2662303601577,0.0854777625061448,500-550,0.0
516,564.8616017671035,0.04310091885123508,550-600,0.0
517,573.2384535404852,0.03578795017825237,550-600,0.0
518,460.4162415700893,0.33471115022274167,450-500,0.0
519,510.27668681047084,0.13717264706879925,500-550,0.0
520,494.57859182896715,0.18599128155955003,450-500,1.0
521,557.7255534351947,0.05043704576106311,550-600,0.0
522,478.8404696940497,0.24737839733111802,450-500,0.0
523,518.1761678183798,0.1169649008355407,500-550,0.0
524,516.9848335289421,0.11983797518520804,500-550,0.0
525,543.0286359366888,0.06941535174009776,500-550,0.0
526,458.772191482492,0.3432221873939671,450-500,0.0
527,495.48256051961005,0.18284987195382998,450-500,0.0
528,550.1262713167977,0.059541431823534365,550-600,0.0
529,580.4641237137014,0.030452882511701727,550-600,0.0
530,526.8656399330443,0.09776922424043562,500-550,0.0
531,520.9444704005338,0.11051883002250962,500-550,0.0
532,504.26537888064263,0.15445434914413858,500-550,0.0
533,515.2805121430412,0.12405403151019578,500-550,0.0
534,498.39038205888147,0.17302443334429612,450-500,1.0
535,476.15469441526244,0.2591120397525612,450-500,1.0
536,494.00779031487195,0.18799624704042284,450-500,1.0
537,484.84120539708454,0.22247693447960387,450-500,0.0
538,512.3942186572465,0.13148413430086864,500-550,0.0
539,513.330700936554,0.1290328771857014,500-550,0.0
540,445.5200343646877,0.4151348458659417,<450,1.0
541,544.600183346898,0.0671061674891745,500-550,0.0
542,548.2683380575137,0.06199114610122214,500-550,0.0
543,464.8305769230078,0.3123949879277646,450-500,0.0
544,511.60151115167434,0.13358983810192113,500-550,1.0
545,533.0861124758892,0.08580364247795719,500-550,0.0
546,554.0630947563833,0.05464746274744254,550-600,0.0
547,561.8510047869413,0.04606271660208005,550-600,0.0
548,585.1721516845244,0.027400077840821182,550-600,0.0
549,538.8865947467484,0.07585793321648743,500-550,0.0
550,551.761553205136,0.05746060004723878,550-600,0.0
551,487.9623213621769,0.2102526851048862,450-500,0.0
552,493.03476183234346,0.19145226187155226,450-500,0.0
553,542.6896181536505,0.06992304700896805,500-550,0.0
554,499.4014370925538,0.16970736157394484,450-500,1.0
555,479.17896812564373,0.24592514877684732,450-500,1.0
556,528.9804383648036,0.09354297133116543,500-550,0.0
557,539.7878141419102,0.07441102763599186,500-550,0.0
558,532.6122238745186,0.08666641314161401,500-550,0.0
559,466.98448870117466,0.3018060961747164,450-500,0.0
560,492.3407368085359,0.19394680051407295,450-500,0.0
561,502.0575327882554,0.16123447778130476,500-550,0.0
562,465.9477817498836,0.30687728834376515,450-500,0.0
563,509.62683894320173,0.13895942884181534,500-550,0.0
564,483.8607283330797,0.2264202382993727,450-500,0.0
565,482.68170573807015,0.23122717476576013,450-500,0.0
566,490.1828244163998,0.2018603461528006,450-500,1.0
567,451.66677556342097,0.3811198375539003,450-500,1.0
568,495.42487910991304,0.18304908607731923,450-500,0.0
569,533.2662303601577,0.0854777625061448,500-550,0.0
570,542.3035746541012,0.0705053459172238,500-550,0.0
571,516.5174560292904,0.12098167333989529,500-550,0.0
572,452.04161814644016,0.37907917300517385,450-500,0.0
573,549.4819170941113,0.060380576779389836,500-550,0.0
574,505.1300072757465,0.15186334018550382,500-550,0.0
575,522.4116391013994,0.10723016369716656,500-550,0.0
576,463.2343692257567,0.3203713052632099,450-500,1.0
577,555.0027731183649,0.05353662339662769,550-600,0.0
578,494.4375903190346,0.18648501635311163,450-500,0.0
579,483.9108082389043,0.22621763311847923,450-500,1.0
580,483.7963226409618,0.22668098904684936,450-500,1.0
581,474.59190616593935,0.26610387032110655,450-500,0.0
582,501.63392784221367,0.16256249156538102,500-550,0.0
583,494.57859182896715,0.18599128155955003,450-500,0.0
584,523.9733510171229,0.10382448742556383,500-550,1.0
585,437.89389683734606,0.45845184640704423,<450,0.0
586,563.1017863387659,0.044809387859355516,550-600,0.0
587,510.6471987837303,0.13616258423885697,500-550,0.0
588,484.39359118014494,0.22427105147107437,450-500,0.0
589,504.9926237161259,0.15227263626001225,500-550,0.0
590,476.34464779401657,0.25827038930240376,450-500,0.0
591,522.4116391013994,0.10723016369716656,500-550,0.0
592,533.2662303601577,0.0854777625061448,500-550,0.0
593,523.7431262025066,0.10432046766310481,500-550,1.0
594,551.4478952278896,0.057854352590036795,550-600,0.0
595,452.52440108768087,0.3764571748454834,450-500,0.0
596,473.2608171832824,0.2721530704306045,450-500,0.0
597,490.54244900893525,0.20052496124267946,450-500,0.0
598,547.5766613603823,0.06292695106080612,500-550,0.0
599,480.01928853955485,0.24234240427285164,450-500,0.0
600,521.880029811732,0.10841170252678918,500-550,0.0
601,527.7530216626308,0.09597551305114277,500-550,0.0
602,509.59884777891483,0.1390368283513088,500-550,0.0
603,548.737283333179,0.06136409555932698,500-550,0.0
604,507.3825451242046,0.14528069540323568,500-550,0.0
605,559.4884723903424,0.04852159808503614,550-600,0.0
606,498.72467727243213,0.17192203921650848,450-500,0.0
607,489.65032770314787,0.20384983498127657,450-500,0.0
608,454.99547246087417,0.363152579295348,450-500,1.0
609,476.9376961923125,0.25565418481196184,450-500,0.0
610,524.9063937062057,0.10183569945437938,500-550,0.0
611,510.2964295531379,0.13711866727323213,500-550,0.0
612,495.38613744740246,0.18318298256651258,450-500,0.0
613,511.86115206067694,0.13289701969234674,500-550,0.0
614,500.20984225724317,0.16709169991198658,500-550,1.0
615,560.3532104426176,0.04760746686140311,550-600,0.0
616,464.30171522494896,0.3150257448194134,450-500,0.0
617,493.2370521648431,0.19072979346667507,450-500,0.0
618,603.6905548379083,0.01803408661992593,600-650,0.0
619,467.929991658039,0.2972228027999903,450-500,0.0
620,530.2684704841788,0.09104989336915129,500-550,0.0
621,515.9603878106304,0.1223571331490017,500-550,0.0
622,490.4923691031107,0.20071052430413727,450-500,0.0
623,482.9731428539889,0.23003236423347603,450-500,0.0
624,472.9274465145825,0.2736815005470932,450-500,0.0
625,488.1961496544455,0.20935700977459246,450-500,0.0
626,492.8493645689087,0.1921162302730848,450-500,1.0
627,509.71722353968966,0.13870974939940306,500-550,0.0
628,552.2728917034394,0.05682407922518483,550-600,0.0
629,475.0057164959901,0.26424084869314685,450-500,1.0
630,501.23869132590147,0.16380950553541246,500-550,0.0
631,502.8141290627347,0.15888434936189855,500-550,0.0
632,429.5892976896471,0.5063247266373893,<450,1.0
633,501.91626919868787,0.16167636659198534,500-550,1.0
634,514.3259042609865,0.12647069296250188,500-550,0.0
635,477.3017123345792,0.25405698829176443,450-500,0.0
636,551.0196071583549,0.058396097744290984,550-600,0.0
637,555.0052297768727,0.053533747370803,550-600,0.0
638,497.16770493290954,0.1771040295672511,450-500,0.0
639,565.9099009414557,0.04211295420694034,550-600,0.0
640,465.50415034340074,0.30906181880352285,450-500,0.0
641,473.21073727745784,0.27238233422001373,450-500,0.0
642,488.71648765946514,0.20737394180643515,450-500,0.0
643,535.4990062024609,0.0815303434039105,500-550,0.0
644,498.4710399343735,0.1727579399693876,450-500,0.0
645,513.0869045835229,0.1296672445937959,500-550,0.0
646,543.1025784463995,0.06930507336979788,500-550,0.0
647,478.83466282262197,0.24740337774256901,450-500,0.0
648,490.7793365834553,0.19964895443150374,450-500,0.0
649,498.72467727243213,0.17192203921650848,450-500,1.0
650,529.1241891702173,0.09326172518504164,500-550,0.0
651,539.9767670371568,0.07411089973720629,500-550,0.0
652,529.5466267731448,0.09243961877631736,500-550,0.0
653,538.5335827125922,0.07643170087482212,500-550,0.0
654,522.4116391013994,0.10723016369716656,500-550,0.0
655,497.48339742414345,0.17604351103896157,450-500,0.0
656,529.2646536725297,0.09298764168141292,500-550,0.0
657,545.4875650764845,0.06583396376142461,500-550,0.0
658,603.6499769111015,0.018050697050119368,600-650,0.0
659,539.6719612772677,0.0745955976858164,500-550,0.0
660,505.66886911274565,0.15026666534265318,500-550,0.0
661,506.6381771565972,0.1474293674392833,500-550,0.0
662,492.20783306688065,0.19442730311512352,450-500,1.0
663,549.5793247331419,0.06025301610622336,500-550,0.0
664,557.6389475379826,0.050532967223363694,550-600,0.0
665,433.9179449208245,0.48133050074955885,<450,1.0
666,527.5780613787907,0.09632682556059652,500-550,0.0
667,483.27479803721053,0.22880022933683866,450-500,0.0
668,521.6049629210955,0.10902753666279447,500-550,0.0
669,519.5676004354773,0.11368509867772027,500-550,0.0
670,507.13119331862146,0.14600331875663142,500-550,0.0
671,464.7804970171832,0.3126435901678856,450-500,0.0
672,510.6560675501165,0.13613848380622356,500-550,0.0
673,525.1587870590495,0.10130355503808988,500-550,0.0
674,437.7639205410459,0.4591975273335304,<450,1.0
675,569.8190988104006,0.03861641189004013,550-600,0.0
676,503.51821545419836,0.15672235711049726,500-550,1.0
677,522.4116391013994,0.10723016369716656,500-550,0.0
678,603.6905548379083,0.01803408661992593,600-650,0.0
679,513.330700936554,0.1290328771857014,500-550,0.0
680,511.5541834184683,0.13371645476740052,500-550,0.0
681,511.7231970521778,0.13326475531690135,500-550,0.0
682,483.9707853213583,0.2259751564164749,450-500,0.0
683,480.72337493101855,0.2393679557538907,450-500,0.0
684,464.8305769230078,0.3123949879277646,450-500,1.0
685,555.7225519659572,0.052700182092328476,550-600,0.0
686,548.0176128174182,0.06232885384372635,500-550,0.0
687,541.7413347967594,0.0713614341037229,500-550,0.0
688,511.4429042479444,0.13401456161692665,500-550,0.0
689,509.56101744371654,0.1391414919923604,500-550,0.0
690,517.1687825654827,0.11939040925327223,500-550,0.0
691,600.262527255984,0.01949157966750035,600-650,0.0
692,561.9010846927658,0.04601189960710599,550-600,0.0
693,514.8524122628482,0.12513285878901714,500-550,0.0
694,510.0397992359508,0.13782172990691008,500-550,0.0
695,456.6871606728979,0.35416221529545766,450-500,0.0
696,509.33348449475454,0.13977239210537457,500-550,1.0
697,523.9232711112984,0.10393219832715038,500-550,0.0
698,505.1300072757465,0.15186334018550382,500-550,0.0
699,536.594630702764,0.0796546982552413,500-550,0.0
700,488.9169313662775,0.20661373768510413,450-500,1.0
701,610.3271617602604,0.015510116904186385,600-650,0.0
702,509.8115410563534,0.13844960701593237,500-550,0.0
703,501.32246426585385,0.1635445520470343,500-550,0.0
704,514.3898218323864,0.12630763114956522,500-550,0.0
705,576.461316388235,0.033305372461476634,550-600,0.0
706,437.7639205410459,0.4591975273335304,<450,1.0
707,554.2592144173638,0.054413841221702335,550-600,0.0
708,469.9163143719634,0.287726482843168,450-500,0.0
709,503.51821545419836,0.15672235711049726,500-550,0.0
710,532.4150908708204,0.08702762452620968,500-550,0.0
711,519.6530106422342,0.11348640938045523,500-550,0.0
712,539.7878141419102,0.07441102763599186,500-550,0.0
713,573.7127404920868,0.03541172593128971,550-600,0.0
714,521.5607387146995,0.10912683414375933,500-550,0.0
715,421.30032101894,0.5539927229365796,<450,1.0
716,544.4055223765798,0.06738828068956933,500-550,0.0
717,526.5941414292835,0.0983239613383115,500-550,0.0
718,485.86679378967114,0.2184049255495397,450-500,0.0
719,458.48522400214745,0.34471835692653846,450-500,1.0
720,536.3565470058145,0.08005890200219706,500-550,0.0
721,507.1266625553078,0.14601637176408538,500-550,0.0
722,540.3540025502513,0.07351503736820066,500-550,0.0
723,462.56808719688894,0.32373240677619014,450-500,0.0
724,496.4630375836149,0.17948932000122253,450-500,0.0
725,497.112885450884,0.1772886969134749,450-500,0.0
726,519.8495124578586,0.11303043773539168,500-550,0.0
727,509.24783774181253,0.14001049212674818,500-550,0.0
728,558.9222839820012,0.04912912507930897,550-600,0.0
729,582.0258356294248,0.02940536904921833,550-600,0.0
730,498.6481303415196,0.17217397318316643,450-500,0.0
731,461.1759447981784,0.3308138910017513,450-500,0.0
732,516.1353610807404,0.12192366228905685,500-550,0.0
733,500.8096669008578,0.1651718178746782,500-550,1.0
734,526.6740926881479,0.09816031090589096,500-550,0.0
735,561.6708598781495,0.046245954908798896,550-600,0.0
736,477.9598825010671,0.25118587979152035,450-500,1.0
737,592.8359635791498,0.02305610531567281,550-600,0.0
738,533.2662303601577,0.0854777625061448,500-550,0.0
739,555.0052297768727,0.053533747370803,550-600,0.0
740,577.7656277233776,0.03234863854888368,550-600,0.0
741,585.5632294442044,0.02716030511551875,550-600,0.0
742,537.9931044703882,0.07731788209261188,500-550,0.0
743,535.9465780978896,0.08075931226631058,500-550,0.0
744,540.4040824560759,0.07343626607872067,500-550,0.0
745,514.8650862809355,0.12510080463447215,500-550,0.0
746,533.8733343938266,0.08438760373751561,500-550,0.0
747,523.9833381697933,0.1038030190560785,500-550,0.0
748,475.5526862998783,0.26179119107859733,450-500,0.0
749,444.42498425828774,0.4212907723807412,<450,0.0
750,490.4923691031107,0.20071052430413727,450-500,0.0
751,545.5514826478844,0.06574319840899341,500-550,0.0
752,505.25536087621407,0.1514906724285965,500-550,0.0
753,493.7152319508605,0.18903029141952413,450-500,0.0
754,530.9437635515848,0.08976683935515394,500-550,0.0
755,554.8581499976824,0.05370619171373844,550-600,0.0
756,477.1022569768072,0.2549313244693895,450-500,0.0
757,526.985017561505,0.09752619130661246,500-550,0.0
758,463.0314404251441,0.32139304042701644,450-500,0.0
759,500.60507877355536,0.16582465491729553,500-550,1.0
760,522.3615591955747,0.10734098456780895,500-550,0.0
761,569.8190988104006,0.03861641189004013,550-600,0.0
762,536.7138190256617,0.07945304863633566,500-550,1.0
763,478.7036757400563,0.24796731704827124,450-500,0.0
764,487.4462128596603,0.21223957091388154,450-500,0.0
765,508.8947613874511,0.14099564003019777,500-550,0.0
766,568.8235753030183,0.03947946709911576,550-600,0.0
767,519.7978197595518,0.11315023261391374,500-550,0.0
768,552.1596540073588,0.0569644652744171,550-600,0.0
769,521.7766507246566,0.10864279383810128,500-550,0.0
770,498.5200479639612,0.17259617624773227,450-500,0.0
771,525.4773621413414,0.1006353971139535,500-550,0.0
772,514.5391403972194,0.12592740133425612,500-550,0.0
773,558.1548544130407,0.04996410837840215,550-600,0.0
774,502.8141290627347,0.15888434936189855,500-550,0.0
775,515.0299906524501,0.12468438225115965,500-550,0.0
776,463.6057689232735,0.31850578705070187,450-500,1.0
777,455.27530271567025,0.3616586233027781,450-500,1.0
778,495.0758363885639,0.18425816729266115,450-500,0.0
779,531.1696898793406,0.08934123149446306,500-550,0.0
780,527.7473192051609,0.09598694525647658,500-550,0.0
781,523.9733510171229,0.10382448742556383,500-550,0.0
782,532.3135620885987,0.08721418897084555,500-550,0.0
783,493.04513489064254,0.19141516433455863,450-500,0.0
784,465.8485430908752,0.3073652122909404,450-500,0.0
785,506.552330892193,0.1476788519862676,500-550,0.0
786,479.1115831094704,0.24621398834404523,450-500,0.0
787,580.3946649174468,0.030500301914154506,550-600,0.0
788,541.4459491298413,0.07181503568991837,500-550,0.0
789,463.9431951934214,0.31681594418105846,450-500,0.0
790,526.6442213351081,0.09822142548386142,500-550,0.0
791,504.0355591755633,0.1551490938391408,500-550,0.0
792,498.7360054441942,0.17188478036036248,450-500,0.0
793,577.715547817553,0.032384877669268654,550-600,0.0
794,494.5349979580652,0.18614382327531184,450-500,0.0
795,472.2652936759,0.27673313724073334,450-500,0.0
796,509.64067660877714,0.13892117909712814,500-550,0.0
797,520.1363877744783,0.11236763022127191,500-550,0.0
798,522.1589739819821,0.10779031026845455,500-550,0.0
799,478.0326541349875,0.2508697584415822,450-500,0.0
800,513.7188002273176,0.12802848336611994,500-550,1.0
801,528.332227676079,0.09482065231738962,500-550,0.0
802,452.4743211818563,0.3767288260364664,450-500,0.0
803,511.0772850928446,0.13499797909523353,500-550,0.0
804,538.7899079030642,0.07601468873786998,500-550,0.0
805,449.9286893166254,0.39063603195014746,<450,0.0
806,526.8855919496453,0.09772856771305223,500-550,0.0
807,548.6872034273545,0.06143077618100959,500-550,0.0
808,502.7583105986507,0.15905677822446182,500-550,1.0
809,518.9925155652203,0.11503082369845004,500-550,0.0
810,499.0229729245388,0.17094306489483962,450-500,0.0
811,546.8463210450831,0.06392935828298892,500-550,0.0
812,522.9044091953104,0.10614508162461658,500-550,1.0
813,524.5597965916331,0.102570500282506,500-550,0.0
814,449.97876922245,0.39036063331864573,<450,0.0
815,541.1618458048431,0.07225382016350475,500-550,0.0
816,474.5858452739903,0.26613121927763433,450-500,0.0
817,491.24653540039895,0.1979296866791521,450-500,1.0
818,548.0176128174182,0.06232885384372635,500-550,0.0
819,455.43906775869704,0.3607855525506368,450-500,1.0
820,516.7146111332953,0.12049808054101878,500-550,0.0
821,502.520572986829,0.15979287337991668,500-550,0.0
822,491.483422974919,0.1970622228923593,450-500,0.0
823,492.2060451145697,0.19443377346268648,450-500,0.0
824,542.5363900380585,0.07015363846197269,500-550,0.0
825,526.8423672471175,0.09781666640026322,500-550,0.0
826,498.6973507010901,0.17201194385222546,450-500,0.0
827,474.8227328485103,0.26506363028166074,450-500,0.0
828,544.8712967623187,0.06671508138265661,500-550,0.0
829,544.592126295771,0.06711782242757779,500-550,0.0
830,476.39817058534356,0.2580335611458198,450-500,0.0
831,575.5543317534971,0.033986706322984915,550-600,0.0
832,511.9374747453992,0.13269394182248637,500-550,1.0
833,505.4132110141999,0.15102246365785038,500-550,1.0
834,491.19645549457437,0.1981134432438836,450-500,1.0
835,521.1813579750537,0.1099819297452015,500-550,0.0
836,470.41002568427075,0.28539437367934006,450-500,0.0
837,498.3254388241063,0.17323924175667454,450-500,0.0
838,556.0035008758637,0.05237705718540354,550-600,0.0
839,476.05728677623176,0.259544327258022,450-500,0.0
840,511.65159105749893,0.13345596894341272,500-550,0.0
841,567.368196294925,0.0407745412394443,550-600,0.0
842,498.3254388241063,0.17323924175667454,450-500,0.0
843,510.7594697517115,0.13585775857142243,500-550,1.0
844,510.1098256339468,0.13762958616130508,500-550,0.0
845,494.67309756864626,0.18566092252386351,450-500,1.0
846,449.27468283098636,0.3942388750660197,<450,0.0
847,444.4411053902049,0.4211999632841836,<450,0.0
848,485.13822494107717,0.22129209514361015,450-500,0.0
849,487.23681862298275,0.21304958700502827,450-500,0.0
850,548.0176128174182,0.06232885384372635,500-550,0.0
851,556.6336068556047,0.05165915405604049,550-600,0.0
852,528.1431365410418,0.0951963008773909,500-550,0.0
853,508.73471763741435,0.14144409661048737,500-550,0.0
854,467.4364103410437,0.2996104131763676,450-500,1.0
855,593.7429482138879,0.022588774026107816,550-600,0.0
856,542.3132533580999,0.07049069217166312,500-550,1.0
857,529.1742690760418,0.09316392296586037,500-550,0.0
858,520.1024290005709,0.11244591235347241,500-550,0.0
859,486.62669864521877,0.2154226027006262,450-500,0.0
860,547.4829858797832,0.063054698185565,500-550,0.0
861,490.4923691031107,0.20071052430413727,450-500,0.0
862,529.8452906811106,0.09186232190300322,500-550,0.0
863,547.2701146323134,0.06334589482048768,500-550,0.0
864,513.4303400696966,0.12877437432178301,500-550,0.0
865,545.5204294086527,0.06578728063619883,500-550,0.0
866,579.2299320000706,0.03130619602108203,550-600,0.0
867,502.8642089685593,0.15872977654832465,500-550,0.0
868,495.0257564827393,0.18443214990117351,450-500,0.0
869,488.924068591826,0.20658670703528637,450-500,0.0
870,558.8722040761767,0.04918320734366197,550-600,0.0
871,471.6991052675589,0.27935910270556086,450-500,0.0
872,539.3494086490241,0.0751116890420835,500-550,1.0
873,536.8193609080904,0.07927487633548894,500-550,0.0
874,502.73099353626105,0.15914121866835843,500-550,1.0
875,492.3410484991789,0.1939456746827182,450-500,0.0
876,485.8157009755352,0.21860650795107975,450-500,0.0
877,516.010467716455,0.1222329321610108,500-550,0.0
878,532.1669074523818,0.08748431316690494,500-550,0.0
879,596.2377028186943,0.02135056098733601,550-600,0.0
880,573.9425399319489,0.03523081231317875,550-600,0.0
881,498.4788932359962,0.17273201004082445,450-500,0.0
882,512.063912138311,0.13235809816672386,500-550,0.0
883,482.97650238510386,0.23001861637075097,450-500,1.0
884,515.5691726723992,0.12333111085368767,500-550,0.0
885,483.67392066438424,0.22717712643906285,450-500,0.0
886,561.9010846927658,0.04601189960710599,550-600,0.0
887,523.5690126604517,0.10469695484400529,500-550,0.0
888,510.55591231947744,0.1364108596044787,500-550,0.0
889,468.02131881196186,0.29678222970796575,450-500,1.0
890,548.3829982010154,0.061837277720520625,500-550,0.0
891,528.4201027787536,0.09464653163891058,500-550,1.0
892,452.74570453790386,0.3752576781551325,450-500,1.0
893,544.0596429869622,0.06789226366836176,500-550,0.0
894,405.13258543909456,0.6434501038447888,<450,0.0
895,452.52440108768087,0.3764571748454834,450-500,0.0
896,496.87599787636395,0.17808842376729717,450-500,0.0
897,539.8378940477347,0.07433137331832312,500-550,0.0
898,497.95492685084685,0.1744687925360347,450-500,1.0
899,536.4066269116391,0.07997372421858186,500-550,0.0
900,560.6438565333347,0.04730390951672036,550-600,0.0
901,532.3253305585166,0.08719254527164419,500-550,0.0
902,482.02419017580615,0.23393871262676205,450-500,1.0
903,474.3130505479746,0.26736402209214594,450-500,0.0
904,474.05610073335686,0.2685285306115662,450-500,1.0
905,483.9641967257972,0.22600178393941703,450-500,0.0
906,519.0716065990933,0.1148449284461543,500-550,0.0
907,472.2652936759,0.27673313724073334,450-500,0.0
908,527.14012586585,0.0972112216616823,500-550,0.0
909,528.4010742675051,0.09468421149960236,500-550,0.0
910,523.4602309127248,0.10493278309487007,500-550,0.0
911,485.81671388384655,0.21860251030486028,450-500,0.0
912,521.8521758306182,0.10847392416676174,500-550,0.0
913,483.9707853213583,0.2259751564164749,450-500,0.0
914,508.8947613874511,0.14099564003019777,500-550,0.0
915,490.28978388951793,0.20146248340589717,450-500,1.0
916,465.99786165570816,0.3066312258041041,450-500,0.0
917,457.6049067497917,0.3493272289395683,450-500,0.0
918,497.112885450884,0.1772886969134749,450-500,1.0
919,496.0029720155334,0.1810601342535882,450-500,0.0
920,571.3876692623121,0.037293203700366866,550-600,0.0
921,449.7069628454747,0.39185618205358663,<450,0.0
922,531.6609245735323,0.08842210203867713,500-550,0.0
923,470.60405516115884,0.28448096443248677,450-500,0.0
924,478.0326541349875,0.2508697584415822,450-500,0.0
925,461.61541892532983,0.32856991087466,450-500,1.0
926,489.77552111084486,0.20338078530113585,450-500,0.0
927,509.19775783598794,0.14014987272853774,500-550,0.0
928,532.4150908708204,0.08702762452620968,500-550,0.0
929,534.4125164137756,0.08343000946727129,500-550,0.0
930,562.5778445128875,0.0453303914772603,550-600,0.0
931,519.9519238514491,0.11279343196150068,500-550,1.0
932,517.522099726354,0.11853480664094572,500-550,0.0
933,533.3163102659823,0.08538735451447357,500-550,0.0
934,549.7396653767494,0.06004359033345918,500-550,0.0
935,531.7110044793568,0.08832888066312412,500-550,0.0
936,501.6585625479013,0.1624850202509764,500-550,0.0
937,494.7653994976626,0.18533870470066321,450-500,1.0
938,500.95886107110545,0.16469704301921206,500-550,0.0
939,509.19775783598794,0.14014987272853774,500-550,0.0
940,510.0397992359508,0.13782172990691008,500-550,0.0
941,533.9234142996511,0.0842982424993879,500-550,0.0
942,510.0397992359508,0.13782172990691008,500-550,0.0
943,509.76730344551424,0.13857157020299973,500-550,0.0
944,523.5103108185493,0.10482415653632998,500-550,0.0
945,543.493454578621,0.06872480779570402,500-550,0.0
946,503.51821545419836,0.15672235711049726,500-550,0.0
947,512.052497885999,0.13238838715853213,500-550,0.0
948,466.34220893290683,0.3049422960064169,450-500,0.0
949,500.20805430493215,0.16709744925443334,500-550,0.0
950,522.7337152652192,0.10651985070143767,500-550,0.0
951,511.9875546512237,0.13256083307465624,500-550,0.0
952,502.27930049764115,0.16054273146396195,500-550,0.0
953,536.2531724997492,0.08023498722813964,500-550,0.0
954,479.90423717154675,0.24283082680336737,450-500,0.0
955,462.56808719688894,0.32373240677619014,450-500,1.0
956,526.3194035413042,0.09888817026750685,500-550,1.0
957,533.2662303601577,0.0854777625061448,500-550,0.0
958,541.4459491298413,0.07181503568991837,500-550,0.0
959,503.56829536002294,0.15656949609741413,500-550,0.0
960,516.2121314834668,0.12173389251736959,500-550,0.0
961,517.5132032644381,0.11855628527442046,500-550,0.0
962,493.6773724338053,0.18916442373966194,450-500,1.0
963,545.8272917386616,0.0653528717248408,500-550,0.0
964,457.6049067497917,0.3493272289395683,450-500,0.0
965,522.4116391013994,0.10723016369716656,500-550,0.0
966,462.50097288888634,0.3240719872513035,450-500,0.0
967,480.6351789719551,0.23973916953351201,450-500,1.0
968,532.0517057783652,0.0876970341756235,500-550,0.0
969,446.1375331784296,0.41167503474900713,<450,0.0
970,579.4376003768841,0.031161013280091528,550-600,0.0
971,477.1022569768072,0.2549313244693895,450-500,0.0
972,545.8283613028814,0.06535136227474435,500-550,0.0
973,490.5960412453325,0.2003265262019793,450-500,0.0
974,458.3293168417534,0.3455325083853026,450-500,1.0
975,483.16080055998606,0.22926531491845628,450-500,0.0
976,499.33502844410157,0.1699236736589015,450-500,0.0
977,537.3678255113008,0.0783548435652977,500-550,0.0
978,475.2086147392645,0.26333043747954105,450-500,0.0
979,502.7583105986507,0.15905677822446182,500-550,1.0
980,536.014806256306,0.08064236160308359,500-550,0.0
981,552.7700666220959,0.05621154767595616,550-600,0.0
982,463.1808464344297,0.3206406228451123,450-500,0.0
983,481.50445352436594,0.23609763841230483,450-500,0.0
984,541.3593615521194,0.07194850510241518,500-550,0.0
985,523.4602309127248,0.10493278309487007,500-550,0.0
986,481.16284905816997,0.23752410145294736,450-500,1.0
987,563.2488661179563,0.044664161803773576,550-600,0.0
988,555.6353357566138,0.052800873513329724,550-600,0.0
989,591.998661755388,0.02349590398924894,550-600,0.0
990,582.1861762730324,0.02929981974711146,550-600,0.0
991,513.7434349330052,0.1279649548760421,500-550,0.0
992,473.4476248519779,0.2712989391267383,450-500,0.0
993,492.3038200319351,0.1940801795785272,450-500,0.0
994,512.4706362693572,0.13128263841738544,500-550,0.0
995,503.4316278764765,0.15698693865774999,500-550,0.0
996,509.59884777891483,0.1390368283513088,500-550,0.0
997,502.95875218341723,0.15843829928242936,500-550,0.0
998,526.0302078494893,0.09948518215783156,500-550,0.0
999,471.93599284207886,0.2782585699120893,450-500,0.0
1000,505.07992736992196,0.15201243461758238,500-550,1.0
1001,510.52924493709514,0.13648345983547275,500-550,1.0
1002,511.3103870654372,0.13437029577712853,500-550,0.0
1003,551.2083547063723,0.058156765429969996,550-600,0.0
1004,479.44088394329157,0.24480464125588075,450-500,1.0
1005,485.47252015462783,0.21996397062889786,450-500,0.0
1006,544.6997070841071,0.06696235610940422,500-550,0.0
1007,522.1088940761574,0.10790164007547366,500-550,0.0
1008,501.1957486456255,0.16394545657502382,500-550,0.0
1009,489.71940260334924,0.20359093947357632,450-500,0.0
1010,562.5284854024094,0.045379770137282276,550-600,0.0
1011,513.2806210307294,0.12916297088464798,500-550,0.0
1012,507.096791202268,0.1461024545467195,500-550,0.0
1013,491.19645549457437,0.1981134432438836,450-500,0.0
1014,477.8170513162877,0.25180711040452275,450-500,0.0
1015,537.7263455428284,0.07775872791900713,500-550,0.0
1016,548.7738743332369,0.061315417984000024,500-550,0.0
1017,511.76185179528187,0.1331616297122345,500-550,0.0
1018,503.51821545419836,0.15672235711049726,500-550,0.0
1019,488.8391084655131,0.20690864431790998,450-500,0.0
1020,511.60151115167434,0.13358983810192113,500-550,0.0
1021,555.9598376589275,0.052427151994020704,550-600,0.0
1022,552.5781532433862,0.056447250291832736,550-600,0.0
1023,518.6220035919608,0.11590516256425332,500-550,0.0
1024,528.6396421384068,0.09421277464085646,500-550,0.0
1025,509.19775783598794,0.14014987272853774,500-550,0.0
1026,513.4804199755213,0.12864461420038706,500-550,0.0
1027,523.9232711112984,0.10393219832715038,500-550,0.0
1028,470.80698396177144,0.28352754747144293,450-500,0.0
1029,517.2248668135209,0.1192542385260606,500-550,0.0
1030,472.8164649814532,0.2741915113128391,450-500,1.0
1031,568.3252608354876,0.03991839143451548,550-600,0.0
1032,560.2892928712176,0.04767447162762067,550-600,0.0
1033,530.6051955366582,0.09040806727976512,500-550,1.0
1034,581.4820898815688,0.029766059044931344,550-600,0.0
1035,547.1755714174554,0.0634756266544611,500-550,0.0
1036,471.6490253617343,0.27959210504631193,450-500,0.0
1037,503.0745840477156,0.15808178140363138,500-550,1.0
1038,479.44088394329157,0.24480464125588075,450-500,0.0
1039,523.7431262025066,0.10432046766310481,500-550,0.0
1040,503.51821545419836,0.15672235711049726,500-550,0.0
1041,451.99153824061557,0.3793515651518625,450-500,0.0
1042,484.74348736683356,0.22286772966576382,450-500,0.0
1043,500.4219793049234,0.16641067365410234,500-550,0.0
1044,504.2548961651722,0.15448598295782584,500-550,0.0
1045,549.5292448273173,0.060318566971761876,500-550,0.0
1046,510.6560675501165,0.13613848380622356,500-550,0.0
1047,507.7806690409469,0.1441421874183523,500-550,0.0
1048,503.51821545419836,0.15672235711049726,500-550,0.0
1049,497.5073126339072,0.17596337553808342,450-500,0.0
1050,510.1098256339468,0.13762958616130508,500-550,0.0
1051,510.33490192440087,0.1370135290280265,500-550,1.0
1052,524.3093146108478,0.10310445244906986,500-550,0.0
1053,513.4303400696966,0.12877437432178301,500-550,0.0
1054,515.8972948807088,0.12251376175948916,500-550,0.0
1055,482.7817993585968,0.23081633029792353,450-500,0.0
1056,521.7766507246566,0.10864279383810128,500-550,0.0
1057,559.1031377699319,0.04893428678750648,550-600,0.0
1058,474.9810817903025,0.2643515226615684,450-500,0.0
1059,467.9800715638636,0.2969811646172435,450-500,0.0
1060,523.4987032839877,0.10484932518798479,500-550,0.0
1061,509.24783774181253,0.14001049212674818,500-550,0.0
1062,559.6867919927721,0.04831048964063971,550-600,0.0
1063,577.715547817553,0.032384877669268654,550-600,0.0
1064,504.26994260854974,0.15444057878307899,500-550,1.0
1065,490.40923357663706,0.20101885353963614,450-500,0.0
1066,507.83074894677145,0.1439995013402944,500-550,1.0
1067,478.29071544730726,0.2497508698990083,450-500,0.0
1068,540.4483066624719,0.0733667699119969,500-550,0.0
1069,510.0898791417754,0.1376842939191924,500-550,0.0
1070,502.8378122943477,0.15881123529621885,500-550,1.0
1071,496.0217425395591,0.18099583656222687,450-500,0.0
1072,524.7142799702017,0.1022424105148374,500-550,1.0
1073,538.3875316534114,0.07667024693072996,500-550,0.0
1074,503.9815686824536,0.1553126766354289,500-550,0.0
1075,503.51821545419836,0.15672235711049726,500-550,1.0
1076,465.06746449752785,0.3112205156081198,450-500,0.0
1077,516.6866199690085,0.12056663704768375,500-550,0.0
1078,513.2806210307294,0.12916297088464798,500-550,0.0
1079,503.93943299692637,0.15544043898102744,500-550,1.0
1080,501.3970402676936,0.16330897640282102,500-550,0.0
1081,578.272867459508,0.03198378910292659,550-600,0.0
1082,506.8502718827666,0.14681447680811072,500-550,0.0
1083,577.715547817553,0.032384877669268654,550-600,0.0
1084,521.6016543400272,0.10903496273980087,500-550,1.0
1085,534.1336913789033,0.08392396681280156,500-550,1.0
1086,471.88591293625433,0.27849100906786617,450-500,0.0
1087,485.1204263250811,0.22136296812406966,450-500,0.0
1088,502.0575327882554,0.16123447778130476,500-550,0.0
1089,525.2162992455858,0.10118264239734641,500-550,1.0
1090,542.6561527548591,0.06997334884791781,500-550,0.0
1091,526.6900717384295,0.09812763286525777,500-550,0.0
1092,539.8378940477347,0.07433137331832312,500-550,0.0
1093,573.1553180140116,0.03585429202024611,550-600,0.0
1094,533.9234142996511,0.0842982424993879,500-550,0.0
1095,541.7355695571831,0.07137026198832502,500-550,0.0
1096,510.3267667162954,0.13703575546989577,500-550,0.0
1097,532.562143968694,0.08675804693599967,500-550,0.0
1098,528.4453656070494,0.09459652746067565,500-550,0.0
1099,476.8923558626889,0.2558535859711387,450-500,0.0
1100,481.45437361854135,0.2363063900028034,450-500,0.0
1101,549.0355789852857,0.060968319087744735,500-550,0.0
1102,518.0897191298278,0.11717135725318256,500-550,1.0
1103,525.3048381182301,0.1009967501258803,500-550,0.0
1104,526.6580590006834,0.09819311042984818,500-550,0.0
1105,559.8194075408993,0.048169808985602545,550-600,0.0
1106,544.6502632527227,0.06703376644376317,500-550,0.0
1107,483.3513449681231,0.22848830664854192,450-500,1.0
1108,464.7804970171832,0.3126435901678856,450-500,0.0
1109,525.1087071532248,0.10140894658279301,500-550,0.0
1110,494.19600480016516,0.18733330596231162,450-500,0.0
1111,490.4923691031107,0.20071052430413727,450-500,0.0
1112,491.483422974919,0.1970622228923593,450-500,0.0
1113,562.5778445128875,0.0453303914772603,550-600,0.0
1114,508.76291117174554,0.14136500950275163,500-550,0.0
1115,533.949476215202,0.08425177231494614,500-550,0.0
1116,518.1012124003577,0.11714389086457261,500-550,0.0
1117,447.6563024138771,0.40320316235251175,<450,1.0
1118,530.7359809917655,0.09015987977327969,500-550,0.0
1119,521.1813579750537,0.1099819297452015,500-550,1.0
1120,507.509751495017,0.14491611641067886,500-550,0.0
1121,483.67392066438424,0.22717712643906285,450-500,0.0
1122,531.9747706018583,0.08783935598325757,500-550,0.0
1123,554.8581499976824,0.05370619171373844,550-600,0.0
1124,498.3254388241063,0.17323924175667454,450-500,1.0
1125,516.1442575426563,0.12190165796396943,500-550,0.0
1126,485.1855526742832,0.22110371808459303,450-500,1.0
1127,534.1739357902422,0.08385250742536898,500-550,0.0
1128,468.69879942742995,0.2935258077442961,450-500,1.0
1129,552.1095741015341,0.05702665554333785,550-600,0.0
1130,513.7688801331421,0.12789936450741216,500-550,0.0
1131,503.56829536002294,0.15656949609741413,500-550,0.0
1132,551.4932945666734,0.057797203883594266,550-600,0.0
1133,480.8439889552851,0.23886093348052254,450-500,0.0
1134,476.56742841171365,0.25728556026147875,450-500,0.0
1135,528.2868873464554,0.094910604311315,500-550,0.0
1136,503.02767822864917,0.15822607384333853,500-550,0.0
1137,532.8937471783281,0.0861529240494392,500-550,0.0
1138,500.55973844393174,0.16596961464168455,500-550,0.0
1139,452.6956246320793,0.3755289850717241,450-500,0.0
1140,546.916797471442,0.06383198301149796,500-550,0.0
1141,477.4126938677085,0.2535713446787045,450-500,1.0
1142,497.0442724353336,0.1775200425823845,450-500,0.0
1143,448.4738886791218,0.3986660246960575,<450,0.0
1144,475.24260407051014,0.26317812345990815,450-500,1.0
1145,499.1246533649453,0.17061037342742105,450-500,0.0
1146,505.1300072757465,0.15186334018550382,500-550,0.0
1147,514.3224613754841,0.12647948130692394,500-550,0.0
1148,550.4863093678799,0.05907732206526427,550-600,0.0
1149,552.3417382948654,0.056738885890330444,550-600,0.0
1150,516.010467716455,0.1222329321610108,500-550,0.0
1151,517.4244406640285,0.1187707683922307,500-550,0.0
1152,524.2353721011369,0.10326254527330028,500-550,0.0
1153,478.31962161533215,0.2496257476207937,450-500,0.0
1154,515.9603878106304,0.1223571331490017,500-550,0.0
1155,535.0672436947611,0.08228049043535289,500-550,0.0
1156,441.51346329733025,0.43777268053918383,<450,0.0
1157,477.1523368826318,0.25471160728014114,450-500,0.0
1158,507.096791202268,0.1461024545467195,500-550,1.0
1159,491.0496887450656,0.19865270939673668,450-500,0.0
1160,496.1403037446907,0.18059012079440193,450-500,0.0
1161,495.187991535393,0.18386899002738516,450-500,0.0
1162,564.6018263637908,0.04334914424916905,550-600,0.0
1163,521.8985189970012,0.10837041775823127,500-550,0.0
1164,556.7319629032445,0.051547936185439604,550-600,0.0
1165,501.91626919868787,0.16167636659198534,500-550,0.0
1166,444.1880966837677,0.42262575278194314,<450,0.0
1167,542.170359221803,0.0707073228826007,500-550,0.0
1168,561.9149223583412,0.045997867686403314,550-600,0.0
1169,515.8550682765069,0.12261868591798955,500-550,0.0
1170,480.63075281905225,0.2397578094426136,450-500,0.0
1171,532.4150908708204,0.08702762452620968,500-550,0.0
1172,468.92902424204635,0.2924239610231906,450-500,0.0
1173,507.4326481445488,0.1451370071751473,500-550,1.0
1174,544.4968088408327,0.06725584666255442,500-550,0.0
1175,490.89851450400084,0.19920932348094306,450-500,0.0
1176,528.4707570784813,0.09454629249223448,500-550,0.0
1177,508.15551162396605,0.1430770473511228,500-550,1.0
1178,549.6895854709248,0.060108927932402606,500-550,0.0
1179,468.07139871778645,0.2965407985691842,450-500,0.0
1180,494.035867906062,0.1878972360605578,450-500,0.0
1181,558.9222839820012,0.04912912507930897,550-600,0.0
1182,508.0878444006373,0.14326884206582347,500-550,0.0
1183,544.0981019537819,0.0678360526478813,500-550,0.0
1184,500.95886107110545,0.16469704301921206,500-550,0.0
1185,542.7372835416763,0.0698514589033397,500-550,1.0
1186,459.61423288245487,0.33885003620371984,450-500,0.0
1187,518.5704030573789,0.11602738724507079,500-550,0.0
1188,568.3252608354876,0.03991839143451548,550-600,0.0
1189,520.8566523232357,0.1107184501661809,500-550,0.0
1190,533.1658051168605,0.08565931918706352,500-550,0.0
1191,570.4644324441999,0.03806665373325293,550-600,0.0
1192,540.0247017164302,0.07403493881231625,500-550,0.0
1193,510.0898791417754,0.1376842939191924,500-550,0.0
1194,510.78021834653765,0.1358014872957143,500-550,0.0
1195,530.6051955366582,0.09040806727976512,500-550,0.0
1196,531.8022391131464,0.08815927982656191,500-550,0.0
1197,560.5846785381357,0.04736556684537212,550-600,0.0
1198,517.6848910679993,0.11814237557215934,500-550,0.0
1199,515.2805121430412,0.12405403151019578,500-550,0.0
1200,579.2772597332767,0.03127305131573136,550-600,0.0
1201,477.3786476493484,0.253720262178886,450-500,0.0
1202,546.7342763733997,0.0640844521733131,500-550,0.0
1203,432.92365191301815,0.4870679635535251,<450,0.0
1204,497.5573925397318,0.17579565986228382,450-500,0.0
1205,504.26994260854974,0.15444057878307899,500-550,0.0
1206,560.2892928712176,0.04767447162762067,550-600,0.0
1207,507.4365178644451,0.14512591428690763,500-550,0.0
1208,509.19775783598794,0.14014987272853774,500-550,1.0
1209,524.4141478075753,0.10288068093244412,500-550,0.0
1210,524.0347870461906,0.10369248680352877,500-550,0.0
1211,501.32246426585385,0.1635445520470343,500-550,0.0
1212,563.2417782150791,0.044671150072666095,550-600,0.0
1213,547.1536850459621,0.06350569433471032,500-550,0.0
1214,490.1514852939989,0.20197703106001702,450-500,1.0
1215,474.5429025937143,0.26632504362969467,450-500,0.0
1216,541.3996059634583,0.0718864423860361,500-550,0.0
1217,475.6906413083775,0.26117566573481704,450-500,0.0
1218,494.39603004125473,0.1866307375999785,450-500,0.0
1219,529.2467461720756,0.09302254371652088,500-550,0.0
1220,505.4329060830764,0.1509641284847732,500-550,1.0
1221,520.0933309111965,0.1124668934550829,500-550,0.0
1222,541.4960290356659,0.07173794490750102,500-550,0.0
1223,476.39472769984116,0.2580487909950115,450-500,0.0
1224,495.30300192092886,0.183470566751532,450-500,0.0
1225,505.07992736992196,0.15201243461758238,500-550,0.0
1226,458.48522400214745,0.34471835692653846,450-500,0.0
1227,449.97876922245,0.39036063331864573,<450,0.0
1228,486.1904865331777,0.21713093642204548,450-500,0.0
1229,536.2030925939246,0.08032041898261581,500-550,0.0
1230,523.2988898218294,0.10528341836537357,500-550,0.0
1231,546.3897973799576,0.06456348293190779,500-550,0.0
1232,530.7808184867756,0.09007493443259741,500-550,0.0
1233,520.9444704005338,0.11051883002250962,500-550,1.0
1234,492.8082473161225,0.19226372220007415,450-500,0.0
1235,506.4777887009369,0.1478957679105469,500-550,0.0
1236,546.9286592169568,0.06381560756951626,500-550,0.0
1237,522.4116391013994,0.10723016369716656,500-550,0.0
1238,514.8924128522775,0.12503171630851018,500-550,0.0
1239,464.7804970171832,0.3126435901678856,450-500,0.0
1240,478.84769150224236,0.24734733240677728,450-500,1.0
1241,498.5623263986263,0.17245672163288167,450-500,0.0
1242,538.9295374270243,0.07578840672101374,500-550,0.0
1243,487.47685190756147,0.21212123637753824,450-500,0.0
1244,502.70823069282613,0.15921160921106284,500-550,0.0
1245,463.98853552304496,0.3165892448396525,450-500,0.0
1246,511.60151115167434,0.13358983810192113,500-550,0.0
1247,491.19645549457437,0.1981134432438836,450-500,0.0
1248,493.3818612821607,0.19021389689513576,450-500,0.0
1249,509.8775641832972,0.1382677487007702,500-550,0.0
1250,504.90718581383936,0.1525276308250256,500-550,0.0
1251,486.55409155387287,0.21570627542983845,450-500,0.0
1252,558.2435949131435,0.04986687317425095,550-600,0.0
1253,577.2745963605171,0.03270565975073458,550-600,0.0
1254,511.5180554422508,0.13381317682786925,500-550,0.0
1255,570.4644324441999,0.03806665373325293,550-600,0.0
1256,462.25044927624947,0.3253412048220967,450-500,1.0
1257,521.8985189970012,0.10837041775823127,500-550,0.0
1258,549.1372594256922,0.06083395655538973,500-550,0.0
1259,484.63836404092467,0.22328868657983195,450-500,0.0
1260,582.4391544221313,0.029134035665930723,550-600,0.0
1261,551.2512973866484,0.058102442668924004,550-600,0.0
1262,501.9768272389728,0.16148681446532176,500-550,0.0
1263,483.9707853213583,0.2259751564164749,450-500,0.0
1264,552.8613012558855,0.056099820739137655,550-600,0.0
1265,454.3074164536274,0.3668371696174789,450-500,0.0
1266,476.39817058534356,0.2580335611458198,450-500,1.0
1267,624.1456904008328,0.011318799562112715,600-650,0.0
1268,561.620779972325,0.04629701785693508,550-600,0.0
1269,479.161663015295,0.24599930371799086,450-500,1.0
1270,491.24653540039895,0.1979296866791521,450-500,0.0
1271,555.7759679269017,0.05263860274481184,550-600,0.0
1272,592.1548396239527,0.023413253896011236,550-600,0.0
1273,534.4058311070785,0.08344182195617578,500-550,0.0
1274,459.89345381045143,0.33740623663460706,450-500,0.0
1275,502.70823069282613,0.15921160921106284,500-550,0.0
1276,525.3048381182301,0.1009967501258803,500-550,0.0
1277,485.35318470941587,0.22043742165418923,450-500,1.0
1278,529.5875423984725,0.09236033948752252,500-550,0.0
1279,530.7770982445516,0.09008197974588378,500-550,0.0
1280,437.1397305400578,0.4627810266500323,<450,0.0
1281,485.682485543237,0.21913272823891744,450-500,1.0
1282,492.58657773208625,0.19306036078279595,450-500,0.0
1283,501.1724976814726,0.16401910400066774,500-550,0.0
1284,521.9624365684011,0.10822780167588518,500-550,0.0
1285,536.4155233735551,0.07995860144025488,500-550,0.0
1286,484.02086522718287,0.2257728332670972,450-500,0.0
1287,501.4471201735182,0.16315093398420763,500-550,0.0
1288,484.7225124757096,0.22295167651046702,450-500,0.0
1289,487.684520284375,0.211320447900228,450-500,0.0
1290,522.764243628577,0.10645273832012928,500-550,1.0
1291,525.7697574455185,0.10002559439941905,500-550,0.0
1292,485.5825771429064,0.2195279784859531,450-500,0.0
1293,574.8996044725116,0.034486880099972604,550-600,0.0
1294,523.1621574779485,0.10558138145082142,500-550,0.0
1295,511.1594458442247,0.13477645954863535,500-550,0.0
1296,509.4057392424831,0.13957178598805195,500-550,1.0
1297,538.9505123181483,0.07575446851920008,500-550,0.0
1298,496.435046419328,0.17958458602456734,450-500,0.0
1299,511.81193170110646,0.1330281237731068,500-550,1.0
1300,453.26903484861305,0.37242725893559386,450-500,0.0
1301,464.7804970171832,0.3126435901678856,450-500,0.0
1302,549.4819170941113,0.060380576779389836,500-550,0.0
1303,484.02086522718287,0.2257728332670972,450-500,0.0
1304,532.3650109649959,0.08711960380574907,500-550,0.0
1305,508.5017705518402,0.1420989630964115,500-550,0.0
1306,524.6501108372446,0.10237857901462384,500-550,0.0
1307,501.63392784221367,0.16256249156538102,500-550,1.0
1308,497.13282471242115,0.17722151115596255,450-500,0.0
1309,539.0745347336837,0.07555408035577027,500-550,0.0
1310,485.13822494107717,0.22129209514361015,450-500,0.0
1311,534.2181734010813,0.08377402135292501,500-550,1.0
1312,560.3393727770423,0.04762196528915584,550-600,0.0
1313,454.99547246087417,0.363152579295348,450-500,0.0
1314,558.3358968421599,0.04976592587395594,550-600,0.0
1315,524.2353721011369,0.10326254527330028,500-550,0.0
1316,510.3267667162954,0.13703575546989577,500-550,1.0
1317,515.9603878106304,0.1223571331490017,500-550,0.0
1318,565.6247215516843,0.04237955598224456,550-600,0.0
1319,521.8916738652564,0.10838570074135481,500-550,0.0
1320,505.07992736992196,0.15201243461758238,500-550,0.0
1321,505.13999442841686,0.15183362148675322,500-550,0.0
1322,483.9707853213583,0.2259751564164749,450-500,0.0
1323,503.56829536002294,0.15656949609741413,500-550,0.0
1324,491.34675549137256,0.19756233797162925,450-500,0.0
1325,514.4775696798291,0.12608406823975762,500-550,0.0
1326,560.3393727770423,0.04762196528915584,550-600,0.0
1327,462.300529182074,0.3250872811686714,450-500,0.0
1328,518.2834355770343,0.11670916321177889,500-550,0.0
1329,536.0648861621305,0.08055661741273135,500-550,1.0
1330,521.1813579750537,0.1099819297452015,500-550,0.0
1331,598.8204697252295,0.02013865312810762,550-600,0.0
1332,556.7506948596462,0.05152678037232757,550-600,0.0
1333,467.3601751007742,0.29998016452817683,450-500,0.0
1334,494.34595013543014,0.18680644744367914,450-500,1.0
1335,579.55755253751,0.03107745081658431,550-600,0.0
1336,436.3890162940178,0.4670959721457841,<450,0.0
1337,543.5543562059258,0.06863480393796105,500-550,0.0
1338,525.2547582124056,0.10110185839276684,500-550,0.0
1339,498.59805043569503,0.1723389561120953,450-500,0.0
1340,535.4577996440327,0.08160166608582985,500-550,0.0
1341,517.8046537848,0.1178543897607376,500-550,0.0
1342,471.04861111249244,0.2823948366868522,450-500,0.0
1343,551.5747455364406,0.05769480616275106,550-600,0.0
1344,512.5042756455251,0.13119402214595835,500-550,0.0
1345,510.6471987837303,0.13616258423885697,500-550,0.0
1346,492.10416092465886,0.1948027478855907,450-500,0.0
1347,612.8912557195544,0.014630990883052343,600-650,0.0
1348,474.6359251798149,0.2659052942258441,450-500,0.0
1349,449.75709963841376,0.39158016284612224,<450,0.0
1350,475.0991235210515,0.2638214777939381,450-500,0.0
1351,517.0774961012298,0.1196123372337931,500-550,0.0
1352,522.4116391013994,0.10723016369716656,500-550,0.0
1353,499.0614036639502,0.17081726163742397,450-500,0.0
1354,522.7337152652192,0.10651985070143767,500-550,0.0
1355,495.6731049277471,0.18219298556364946,450-500,0.0
1356,527.9821672658128,0.09551713124837075,500-550,1.0
1357,453.17840757331993,0.37291679481851575,450-500,1.0
1358,536.2531724997492,0.08023498722813964,500-550,0.0
1359,510.7210403513387,0.13596203302120524,500-550,1.0
1360,482.115517329729,0.23356077004228804,450-500,1.0
1361,522.4116391013994,0.10723016369716656,500-550,0.0
1362,532.555555373133,0.08677010895468601,500-550,0.0
1363,546.5672504230951,0.06431630274067318,500-550,0.0
1364,541.4459491298413,0.07181503568991837,500-550,0.0
1365,541.0023177233585,0.07250128648524388,500-550,0.0
1366,575.5042518476724,0.03402471599189033,550-600,0.0
1367,536.0648861621305,0.08055661741273135,500-550,0.0
1368,510.18438488145443,0.13742525234614672,500-550,0.0
1369,542.586469943883,0.07007819647717801,500-550,0.0
1370,476.44825049116815,0.25781209541014455,450-500,0.0
1371,548.3184179633382,0.06192389735170809,500-550,0.0
1372,433.1481944992392,0.48577191221148547,<450,1.0
1373,520.9945503063583,0.11040513406555384,500-550,0.0
1374,511.24251312462667,0.13455280789195403,500-550,1.0
1375,507.05113744934624,0.14623410006541498,500-550,1.0
1376,478.93146310315615,0.24698717662086384,450-500,1.0
1377,477.1022569768072,0.2549313244693895,450-500,0.0
1378,470.5101193047974,0.28492295503006054,450-500,0.0
1379,506.74984663946935,0.147105357781274,500-550,0.0
1380,501.42167497338124,0.16323121868251714,500-550,0.0
1381,488.71648765946514,0.20737394180643515,450-500,0.0
1382,514.818365906226,0.12521900107358203,500-550,0.0
1383,570.0044081897215,0.03845777196665845,550-600,0.0
1384,487.35521945055393,0.21259129112451772,450-500,0.0
1385,474.07226089126823,0.26845519750294,450-500,0.0
1386,543.4031403330096,0.06885848054840536,500-550,0.0
1387,541.8390800906096,0.07121191731725877,500-550,0.0
1388,481.2969888970567,0.23696325717453848,450-500,1.0
1389,504.29091749967364,0.15437730311447134,500-550,0.0
1390,481.5922435125177,0.23573200478536546,450-500,1.0
1391,465.6381225414431,0.30840120676376764,450-500,0.0
1392,539.4898731513366,0.0748865406885252,500-550,0.0
1393,543.1025784463995,0.06930507336979788,500-550,0.0
1394,514.8650862809355,0.12510080463447215,500-550,0.0
1395,475.55742587607926,0.2617700285947543,450-500,1.0
1396,508.73471763741435,0.14144409661048737,500-550,0.0
1397,450.5332947176095,0.38731590061719867,450-500,0.0
1398,477.4744130464517,0.2533015333631677,450-500,0.0
1399,495.2380714412176,0.18369541901399744,450-500,0.0
1400,451.8535832321164,0.3801023161178501,450-500,1.0
1401,557.3769264539685,0.05082422475044491,550-600,0.0
1402,511.28346825976007,0.13444265504700015,500-550,0.0
1403,555.3521743396714,0.05312903803812656,550-600,0.0
1404,518.5203231515543,0.11614611711176519,500-550,0.0
1405,485.64401317197405,0.21928486915964704,450-500,1.0
1406,540.4483066624719,0.0733667699119969,500-550,0.0
1407,505.99913239342936,0.14929492499099306,500-550,1.0
1408,504.0049812058959,0.15524172305225303,500-550,0.0
1409,551.2584346121969,0.058093418649075905,550-600,0.0
1410,524.0347870461906,0.10369248680352877,500-550,0.0
1411,477.1022569768072,0.2549313244693895,450-500,1.0
1412,508.9951726223952,0.14071488612636288,500-550,0.0
1413,462.61816710271347,0.32347913672086814,450-500,0.0
1414,489.1066026761384,0.20589628873452143,450-500,1.0
1415,451.66677556342097,0.3811198375539003,450-500,0.0
1416,488.66640775364056,0.20756419732603745,450-500,0.0
1417,494.4873571951776,0.18631063601927347,450-500,0.0
1418,479.44088394329157,0.24480464125588075,450-500,0.0
1419,505.58222464790936,0.1505224617030669,500-550,1.0
1420,493.17048849111006,0.19096729155156544,450-500,0.0
1421,477.3285677435239,0.2539394155930716,450-500,1.0
1422,487.40529935637846,0.21239766277631683,450-500,0.0
1423,505.77370230947326,0.14995764975416964,500-550,0.0
1424,555.815214538245,0.05259340151647497,550-600,0.0
1425,494.437277289353,0.18648611358952003,450-500,0.0
1426,440.34212106354624,0.44444465033388525,<450,1.0
1427,531.4085821935171,0.08889317827165191,500-550,0.0
1428,540.658727211904,0.07303693327094121,500-550,0.0
1429,592.7858836733253,0.023082182636554323,550-600,0.0
1430,467.3172324204982,0.30018855717978815,450-500,0.0
1431,486.2405664390023,0.21693431249099435,450-500,0.0
1432,506.99364299250044,0.14640002884600112,500-550,0.0
1433,541.4459491298413,0.07181503568991837,500-550,0.0
1434,467.60012094090024,0.29881727653826823,450-500,0.0
1435,430.38125918378535,0.5017505078815817,<450,1.0
1436,478.78687745765245,0.24760900850915815,450-500,0.0
1437,525.0929976253968,0.10144202681363258,500-550,0.0
1438,479.4909638491161,0.2445907867527994,450-500,0.0
1439,504.18923705926716,0.15468424367819403,500-550,0.0
1440,526.9109802626679,0.09767685535872483,500-550,0.0
1441,505.1026807044045,0.15194468007732403,500-550,1.0
1442,514.6121081318366,0.1257419504490773,500-550,0.0
1443,487.96333427048825,0.21024879912002037,450-500,0.0
1444,516.010467716455,0.1222329321610108,500-550,0.0
1445,488.66640775364056,0.20756419732603745,450-500,0.0
1446,486.5632579564156,0.21567044776507127,450-500,0.0
1447,516.3314807417208,0.12143937677292896,500-550,0.0
1448,480.1295492773378,0.24187494661107134,450-500,0.0
1449,541.4459491298413,0.07181503568991837,500-550,0.0
1450,513.37364361683,0.1289214129248615,500-550,0.0
1451,487.71099189047305,0.2112185301297638,450-500,0.0
1452,522.7337152652192,0.10651985070143767,500-550,0.0
1453,543.0304143800474,0.06941269745253129,500-550,1.0
1454,513.2806210307294,0.12916297088464798,500-550,0.0
1455,539.3090323496759,0.07517652257420145,500-550,0.0
1456,580.5142036195259,0.03041873735612247,550-600,0.0
1457,477.9359672913033,0.2512898256882049,450-500,0.0
1458,454.3074164536274,0.3668371696174789,450-500,0.0
1459,530.1421553380846,0.09129171628966871,500-550,1.0
1460,534.6599807465932,0.08299382480134108,500-550,0.0
1461,532.0766745140786,0.08765088951548279,500-550,0.0
1462,480.72337493101855,0.2393679557538907,450-500,0.0
1463,521.9485989028258,0.1082586629747747,500-550,0.0
1464,517.5721796321786,0.11841396208954177,500-550,0.0
1465,488.967011272102,0.2064241264247798,450-500,0.0
1466,581.9873766626051,0.029430740655001543,550-600,0.0
1467,502.7583105986507,0.15905677822446182,500-550,0.0
1468,498.575893109362,0.17241199100211574,450-500,0.0
1469,526.3194035413042,0.09888817026750685,500-550,0.0
1470,480.30657109968854,0.24112573606930607,450-500,0.0
1471,503.4316278764765,0.15698693865774999,500-550,0.0
1472,504.20481625934764,0.15463718275742788,500-550,0.0
1473,537.5765181720295,0.07800734095721801,500-550,0.0
1474,513.4303400696966,0.12877437432178301,500-550,0.0
1475,509.6489276847394,0.13889837587254875,500-550,1.0
1476,479.8312536252311,0.243141007084076,450-500,0.0
1477,495.48256051961005,0.18284987195382998,450-500,0.0
1478,591.483818018884,0.02377038316143086,550-600,0.0
1479,584.0024897471221,0.028129546007629916,550-600,0.0
1480,584.7532446828321,0.027659194631137102,550-600,0.0
1481,482.7817993585968,0.23081633029792353,450-500,0.0
1482,554.9779127144832,0.053565735832990256,550-600,0.0
1483,549.0231670210792,0.06098473949284094,500-550,0.0
1484,472.5569345413231,0.27538647774954533,450-500,1.0
1485,513.6183749840204,0.12828774055108305,500-550,1.0
1486,511.60151115167434,0.13358983810192113,500-550,0.0
1487,511.9949856994626,0.13254109152953733,500-550,0.0
1488,510.1930273515429,0.137401583671978,500-550,0.0
1489,490.1828244163998,0.2018603461528006,450-500,0.0
1490,485.6785074520525,0.21914845627938506,450-500,1.0
1491,516.7671360744658,0.12036952622063501,500-550,1.0
1492,468.7896767869793,0.2930905824790882,450-500,0.0
1493,507.64751063402537,0.14452215008227035,500-550,0.0
1494,502.8642089685593,0.15872977654832465,500-550,1.0
1495,513.1314268604818,0.12955119817816277,500-550,0.0
1496,484.79112549126,0.22267715353926693,450-500,0.0
1497,498.1070876712122,0.17396301317421348,450-500,0.0
1498,456.8472975670011,0.3533163786267786,450-500,0.0
1499,479.161663015295,0.24599930371799086,450-500,0.0
1500,527.1811031012901,0.09712816321683831,500-550,0.0
1501,481.8742448405411,0.23456015783485396,450-500,0.0
1502,554.0481652363102,0.054665285737642906,550-600,0.0
1503,501.1586600158972,0.1640629474258529,500-550,0.0
1504,513.4252441514119,0.12878758441046914,500-550,0.0
1505,500.21982940991353,0.16705958811573274,500-550,0.0
1506,548.9854990794611,0.061034597608223246,500-550,0.0
1507,567.368196294925,0.0407745412394443,550-600,0.0
1508,572.9949773704041,0.035982577814391375,550-600,0.0
1509,509.2024974121889,0.1401366767357363,500-550,0.0
1510,495.7076368100641,0.1820741362134087,450-500,0.0
1511,502.2294489005919,0.16069802104381475,500-550,0.0
1512,520.24038400907,0.11212819300917037,500-550,0.0
1513,520.0933309111965,0.1124668934550829,500-550,1.0
1514,497.87126739191893,0.17474736855775777,450-500,1.0
1515,529.4905425251067,0.09254838852975233,500-550,0.0
1516,511.5541834184683,0.13371645476740052,500-550,0.0
1517,491.19645549457437,0.1981134432438836,450-500,1.0
1518,501.6840077480382,0.16240503133527676,500-550,0.0
1519,476.8043159862337,0.25624106581875566,450-500,0.0
1520,578.8534661460463,0.03157105702403275,550-600,0.0
1521,441.0846387263001,0.4402127869079529,<450,0.0
1522,509.5767590373772,0.1390979323470269,500-550,0.0
1523,541.2119257106676,0.07217629498894727,500-550,0.0
1524,465.6381225414431,0.30840120676376764,450-500,1.0
1525,445.3776525298468,0.4159338050629026,<450,0.0
1526,539.7475798021233,0.07447507900006545,500-550,0.0
1527,495.5965579968346,0.1824566542375601,450-500,0.0
1528,510.0898791417754,0.1376842939191924,500-550,0.0
1529,482.35240490424906,0.23258242924944708,450-500,0.0
1530,491.0318947100796,0.1987181651334427,450-500,0.0
1531,479.29411719378277,0.24543210179139416,450-500,0.0
1532,567.4879590117257,0.04066645165918132,550-600,0.0
1533,554.9082299035069,0.05364741655581862,550-600,0.0
1534,504.0246762747724,0.15518205601347962,500-550,0.0
1535,489.5397008315516,0.20426497903866656,450-500,1.0
1536,511.888478632019,0.13282427947281833,500-550,0.0
1537,479.161663015295,0.24599930371799086,450-500,1.0
1538,506.26838584042196,0.14850653399846428,500-550,0.0
1539,492.05408101883427,0.19498430715168466,450-500,0.0
1540,443.68349620741424,0.42547317751608854,<450,0.0
1541,565.8129010680899,0.04220345473292964,550-600,0.0
1542,520.7596129400642,0.11093939840813358,500-550,1.0
1543,523.3237068993582,0.10522941733917354,500-550,0.0
1544,490.4923691031107,0.20071052430413727,450-500,0.0
1545,490.3544140946115,0.20122235938723365,450-500,0.0
1546,480.1833077935348,0.24164725661970157,450-500,0.0
1547,475.6906413083775,0.26117566573481704,450-500,1.0
1548,546.7263688844572,0.06409541106731266,500-550,0.0
1549,510.0397992359508,0.13782172990691008,500-550,0.0
1550,445.2831467901677,0.4164643574054913,<450,1.0
1551,498.5283370673806,0.1725688277657244,450-500,0.0
1552,521.8087586846973,0.1085709741465688,500-550,0.0
1553,498.8003407681946,0.17167330000001435,450-500,0.0
1554,574.8996044725116,0.034486880099972604,550-600,0.0
1555,482.68170573807015,0.23122717476576013,450-500,0.0
1556,547.1755714174554,0.0634756266544611,500-550,0.0
1557,491.4333430690944,0.19724537216093868,450-500,1.0
1558,485.11155755869487,0.2213982890631335,450-500,0.0
1559,511.9374747453992,0.13269394182248637,500-550,1.0
1560,471.6991052675589,0.27935910270556086,450-500,1.0
1561,516.010467716455,0.1222329321610108,500-550,0.0
1562,606.2490381417199,0.017016540624435608,600-650,0.0
1563,508.3877730746157,0.1424203564483698,500-550,0.0
1564,541.2343243836171,0.07214164601417233,500-550,0.0
1565,502.32865960811927,0.16038909559201645,500-550,1.0
1566,495.15837880024634,0.18397168401754974,450-500,0.0
1567,478.31962161533215,0.2496257476207937,450-500,1.0
1568,436.15212871949774,0.46845860466294137,<450,0.0
1569,477.1022569768072,0.2549313244693895,450-500,0.0
1570,440.8477511517801,0.4415619770779897,<450,0.0
1571,529.1241891702173,0.09326172518504164,500-550,0.0
1572,470.7517464555184,0.2837868775970509,450-500,0.0
1573,488.0976433007972,0.2097339943433765,450-500,0.0
1574,524.5574482649569,0.10257549481563227,500-550,0.0
1575,491.24653540039895,0.1979296866791521,450-500,0.0
1576,514.4432103192793,0.1261715682415051,500-550,0.0
1577,554.4451897049333,0.054193173637971444,550-600,0.0
1578,493.5359653740579,0.1896660594503758,450-500,0.0
1579,564.6018263637908,0.04334914424916905,550-600,1.0
1580,502.7583105986507,0.15905677822446182,500-550,0.0
1581,511.9374747453992,0.13269394182248637,500-550,0.0
1582,523.1633662557507,0.10557874406255588,500-550,0.0
1583,484.02086522718287,0.2257728332670972,450-500,0.0
1584,529.1881067416173,0.09313691529675733,500-550,0.0
1585,510.38498183022546,0.13687677103078247,500-550,0.0
1586,436.34776904591956,0.4673332012103133,<450,0.0
1587,500.49582087253185,0.16617414093205923,500-550,0.0
1588,528.332227676079,0.09482065231738962,500-550,0.0
1589,503.9815686824536,0.1553126766354289,500-550,1.0
1590,541.8826349757142,0.0711453864788434,500-550,0.0
1591,479.161663015295,0.24599930371799086,450-500,0.0
1592,587.2028531824458,0.0261770578346682,550-600,0.0
1593,547.3389237485605,0.06325163069857452,500-550,0.0
1594,498.3254388241063,0.17323924175667454,450-500,0.0
1595,475.03692693570326,0.26410067520679825,450-500,0.0
1596,459.0514124104886,0.3417693886422718,450-500,0.0
1597,492.8082473161225,0.19226372220007415,450-500,0.0
1598,464.7804970171832,0.3126435901678856,450-500,0.0
1599,461.73434077373287,0.3279640266374035,450-500,0.0
1600,470.8117235379724,0.2835053026881528,450-500,0.0
1601,579.7668137662525,0.030932191814385068,550-600,0.0
1602,514.3224613754841,0.12647948130692394,500-550,0.0
1603,484.02086522718287,0.2257728332670972,450-500,0.0
1604,495.720488248645,0.1820299204475979,450-500,0.0
1605,553.1699477872206,0.05572339553092463,550-600,0.0
1606,540.7418627383776,0.07290699423095695,500-550,0.0
1607,500.5295536675938,0.16606617609508018,500-550,0.0
1608,513.8896646748939,0.1275884080920782,500-550,0.0
1609,499.2324234588443,0.1702583186680585,450-500,0.0
1610,453.16951111140406,0.37296486436070303,450-500,1.0
1611,475.9127011307281,0.2601868501188472,450-500,0.0
1612,484.78643004710955,0.2226959324779997,450-500,0.0
1613,483.67392066438424,0.22717712643906285,450-500,1.0
1614,538.1375759328861,0.0770800855115824,500-550,0.0
1615,521.7499602277549,0.10870252739601396,500-550,0.0
1616,510.32569942106863,0.13703867168369643,500-550,1.0
1617,511.86115206067694,0.13289701969234674,500-550,0.0
1618,505.1300072757465,0.15186334018550382,500-550,1.0
1619,497.5338264683096,0.17587456605745735,450-500,1.0
1620,594.3976754948735,0.02225718419526124,550-600,0.0
1621,524.1852921953124,0.10336974044154824,500-550,0.0
1622,535.8687551971253,0.08089289824102296,500-550,0.0
1623,508.41198379849016,0.14235204843726143,500-550,0.0
1624,470.03064494462507,0.28718541775984247,450-500,1.0
1625,528.4201027787536,0.09464653163891058,500-550,1.0
1626,492.22599713117074,0.19436157918436991,450-500,0.0
1627,503.913694741643,0.15551852379711217,500-550,0.0
1628,539.7878141419102,0.07441102763599186,500-550,0.0
1629,514.3259042609865,0.12647069296250188,500-550,0.0
1630,464.8305769230078,0.3123949879277646,450-500,0.0
1631,516.5917025681737,0.12079936121726274,500-550,0.0
1632,499.7307379263749,0.16863796991040012,450-500,0.0
1633,512.8511340562484,0.13028325106443375,500-550,0.0
1634,492.2144216624418,0.1944034613259281,450-500,0.0
1635,503.56829536002294,0.15656949609741413,500-550,0.0
1636,478.0326541349875,0.2508697584415822,450-500,0.0
1637,500.6749574540223,0.16560144113652667,500-550,0.0
1638,584.806633169725,0.02762603903520766,550-600,0.0
1639,511.13847095310075,0.13483298228240045,500-550,0.0
1640,463.6065252954012,0.31850199374498617,450-500,0.0
1641,516.7549204049687,0.12039941339321415,500-550,1.0
1642,503.51821545419836,0.15672235711049726,500-550,0.0
1643,529.6514599698725,0.09223661319235736,500-550,0.0
1644,493.8244255316789,0.18864383855596212,450-500,1.0
1645,523.5103108185493,0.10482415653632998,500-550,0.0
1646,479.6849933260042,0.2437634228333397,450-500,1.0
1647,492.2645015682663,0.19422231242416707,450-500,1.0
1648,555.3521743396714,0.05312903803812656,550-600,0.0
1649,464.30171522494896,0.3150257448194134,450-500,0.0
1650,499.96762550089494,0.16787201356331158,450-500,0.0
1651,439.53182327249243,0.44907200859037527,<450,0.0
1652,495.82739952686484,0.18166241250819862,450-500,0.0
1653,505.07992736992196,0.15201243461758238,500-550,0.0
1654,502.75746056134903,0.1590594052479401,500-550,0.0
1655,471.90948034671516,0.27838160924786387,450-500,1.0
1656,526.0802877553139,0.09938156881034774,500-550,0.0
1657,551.2083547063723,0.058156765429969996,550-600,0.0
1658,541.4662728303393,0.07178374107721142,500-550,1.0
1659,523.9733510171229,0.10382448742556383,500-550,0.0
1660,561.1565970994764,0.04677287182346221,550-600,1.0
1661,485.74349458767216,0.21889162063056555,450-500,0.0
1662,563.232571793873,0.04468022863620688,550-600,0.0
1663,585.751515781823,0.027045593914596044,550-600,0.0
1664,487.3708035748509,0.2125310230457978,450-500,0.0
1665,493.6912100993807,0.18911538987404325,450-500,0.0
1666,458.7221115766675,0.3434830670901333,450-500,0.0
1667,469.53693363231764,0.28952623281745116,450-500,0.0
1668,541.4459491298413,0.07181503568991837,500-550,0.0
1669,486.35283740698355,0.21649398165523673,450-500,0.0
1670,550.8861905330047,0.05856582730548583,550-600,0.0
1671,510.29054903531716,0.13713474367482184,500-550,0.0
1672,478.0099624068917,0.250968303338186,450-500,0.0
1673,524.8869984117646,0.10187669473967062,500-550,0.0
1674,511.5180554422508,0.13381317682786925,500-550,1.0
1675,584.6562448094663,0.027719532952022955,550-600,0.0
1676,512.6695572253664,0.13075935806706276,500-550,0.0
1677,509.35572552778103,0.13971061699354942,500-550,0.0
1678,532.4150908708204,0.08702762452620968,500-550,0.0
1679,519.2653230462998,0.11439072216500744,500-550,0.0
1680,507.7637425524273,0.14419044041004386,500-550,0.0
1681,501.1586600158972,0.1640629474258529,500-550,0.0
1682,482.4436395380386,0.23220639476542698,450-500,1.0
1683,512.2101451757164,0.1319705718456795,500-550,0.0
1684,560.1455420658041,0.04782549297915255,550-600,0.0
1685,477.3285677435239,0.2539394155930716,450-500,0.0
1686,573.9959442305401,0.035188896542013466,550-600,0.0
1687,473.2608171832824,0.2721530704306045,450-500,0.0
1688,488.66640775364056,0.20756419732603745,450-500,1.0
1689,460.1038288896077,0.33632042373113175,450-500,1.0
1690,556.6278433199011,0.051665678310181026,550-600,0.0
1691,517.8482342512588,0.11774974559877727,500-550,0.0
1692,490.97542198497825,0.19892600866614932,450-500,0.0
1693,461.1759447981784,0.3308138910017513,450-500,0.0
1694,482.9731428539889,0.23003236423347603,450-500,0.0
1695,520.7095330342397,0.11105357587066929,500-550,0.0
1696,521.6016543400272,0.10903496273980087,500-550,0.0
1697,551.9937212368916,0.05717076859246249,550-600,0.0
1698,509.19775783598794,0.14014987272853774,500-550,0.0
1699,562.4399465297649,0.045468472472479884,550-600,0.0
1700,504.150582316163,0.15480106065724228,500-550,0.0
1701,511.65159105749893,0.13345596894341272,500-550,0.0
1702,489.65032770314787,0.20384983498127657,450-500,0.0
1703,493.74129000520526,0.18893801283758882,450-500,0.0
1704,510.605987644292,0.13627462062056675,500-550,0.0
1705,457.53255573058834,0.349707289873952,450-500,1.0
1706,524.6501108372446,0.10237857901462384,500-550,0.0
1707,491.24653540039895,0.1979296866791521,450-500,0.0
1708,470.80698396177144,0.28352754747144293,450-500,0.0
1709,560.9806111522612,0.046954495774676,550-600,0.0
1710,518.9513044257819,0.11512778990237524,500-550,0.0
1711,511.5541834184683,0.13371645476740052,500-550,0.0
1712,510.605987644292,0.13627462062056675,500-550,0.0
1713,486.5131780505911,0.2158662419479184,450-500,0.0
1714,510.6560675501165,0.13613848380622356,500-550,0.0
1715,543.2223411632003,0.06912680238306367,500-550,0.0
1716,480.67329502519397,0.23957869202057358,450-500,1.0
1717,503.51821545419836,0.15672235711049726,500-550,0.0
1718,462.61816710271347,0.32347913672086814,450-500,1.0
1719,500.0563601498236,0.16758581325704888,500-550,0.0
1720,492.0067532856282,0.19515600654083992,450-500,0.0
1721,503.2173501832551,0.157643259589203,500-550,0.0
1722,464.7804970171832,0.3126435901678856,450-500,1.0
1723,509.62683894320173,0.13895942884181534,500-550,0.0
1724,579.2299320000706,0.03130619602108203,550-600,0.0
1725,506.1427426058005,0.14887399669843782,500-550,0.0
1726,551.6396887712158,0.05761328352802146,550-600,0.0
1727,506.0926626999759,0.14902067195323307,500-550,0.0
1728,490.54244900893525,0.20052496124267946,450-500,1.0
1729,580.4641237137014,0.030452882511701727,550-600,0.0
1730,469.16905752662507,0.29127775955333945,450-500,1.0
1731,498.5623263986263,0.17245672163288167,450-500,0.0
1732,510.27668681047084,0.13717264706879925,500-550,0.0
1733,539.466625401675,0.07492376126240202,500-550,0.0
1734,464.8305769230078,0.3123949879277646,450-500,0.0
1735,504.29270545198466,0.15437191031815664,500-550,0.0
1736,530.1922352439093,0.09119577220907671,500-550,0.0
1737,562.7183090152,0.04519015124976112,550-600,0.0
1738,483.9707853213583,0.2259751564164749,450-500,0.0
1739,470.80698396177144,0.28352754747144293,450-500,1.0
1740,504.5613931289116,0.1535632476544684,500-550,0.0
1741,533.3163102659823,0.08538735451447357,500-550,1.0
1742,514.3224613754841,0.12647948130692394,500-550,0.0
1743,582.4391544221313,0.029134035665930723,550-600,0.0
1744,464.7804970171832,0.3126435901678856,450-500,0.0
1745,459.61423288245487,0.33885003620371984,450-500,0.0
1746,541.4960290356659,0.07173794490750102,500-550,0.0
1747,480.3552521332797,0.24091998082886176,450-500,1.0
1748,505.2728623330396,0.1514387015910048,500-550,0.0
1749,540.7919426442022,0.07282882324481306,500-550,0.0
1750,531.9747706018583,0.08783935598325757,500-550,0.0
1751,478.88138319733156,0.24720244071764896,450-500,0.0
1752,490.89851450400084,0.19920932348094306,450-500,0.0
1753,539.3748538491611,0.07507085725270975,500-550,1.0
1754,469.9393177907022,0.28761757122256937,450-500,0.0
1755,548.443961007631,0.06175561390423251,500-550,0.0
1756,515.9603878106304,0.1223571331490017,500-550,1.0
1757,539.3468626848742,0.07511577566121494,500-550,0.0
1758,543.0076610455649,0.06944666339051472,500-550,0.0
1759,541.4459491298413,0.07181503568991837,500-550,0.0
1760,491.19645549457437,0.1981134432438836,450-500,0.0
1761,512.1573310827265,0.13211042124594818,500-550,0.0
1762,540.7919426442022,0.07282882324481306,500-550,0.0
1763,469.16905752662507,0.29127775955333945,450-500,0.0
1764,509.62683894320173,0.13895942884181534,500-550,1.0
1765,491.19645549457437,0.1981134432438836,450-500,0.0
1766,488.6327161968136,0.20769226533945118,450-500,0.0
1767,507.70789740702645,0.1443497355787113,500-550,1.0
1768,496.95605374563917,0.17781784137597864,450-500,0.0
1769,531.1852740036377,0.08931194077760184,500-550,0.0
1770,481.60159813807576,0.23569306710904414,450-500,0.0
1771,541.4459491298413,0.07181503568991837,500-550,0.0
1772,498.3254388241063,0.17323924175667454,450-500,0.0
1773,487.9065028980929,0.21046691203046722,450-500,1.0
1774,502.8141290627347,0.15888434936189855,500-550,0.0
1775,532.6564614853578,0.0865855421728055,500-550,0.0
1776,593.7429482138879,0.022588774026107816,550-600,0.0
1777,445.23306688434315,0.4167455830161284,<450,0.0
1778,501.8709288690643,0.1618184034448245,500-550,1.0
1779,541.4960290356659,0.07173794490750102,500-550,0.0
1780,490.3544140946115,0.20122235938723365,450-500,0.0
1781,540.7418627383776,0.07290699423095695,500-550,0.0
1782,500.3477972657423,0.16664856824922983,500-550,0.0
1783,502.0575327882554,0.16123447778130476,500-550,0.0
1784,489.8518437955671,0.20309522927845297,450-500,0.0
1785,502.70823069282613,0.15921160921106284,500-550,1.0
1786,473.10068028917925,0.2728865950221611,450-500,0.0
1787,490.2437872230153,0.201633507714113,450-500,0.0
1788,517.0812566011497,0.11960318798660886,500-550,0.0
1789,447.8586613311721,0.4020786099431047,<450,1.0
1790,556.0035008758637,0.05237705718540354,550-600,0.0
1791,576.5990755272434,0.033203047116694,550-600,0.0
1792,474.07226089126823,0.26845519750294,450-500,0.0
1793,473.49770475780247,0.27107024750860276,450-500,0.0
1794,504.9119658406339,0.15251335530482413,500-550,0.0
1795,529.843859685978,0.09186508017656328,500-550,0.0
1796,465.4040567228741,0.309555886859223,450-500,0.0
1797,476.6316152743612,0.2570022702525505,450-500,0.0
1798,510.0397992359508,0.13782172990691008,500-550,1.0
1799,504.89831704745313,0.15255412024295945,500-550,1.0
1800,509.19775783598794,0.14014987272853774,500-550,0.0
1801,473.02413335826674,0.27323766258937,450-500,0.0
1802,492.24940965461303,0.19427688936392576,450-500,0.0
1803,499.8526023602952,0.16824358395915132,450-500,0.0
1804,494.7249513368194,0.18547985242848003,450-500,0.0
1805,491.19645549457437,0.1981134432438836,450-500,0.0
1806,501.91626919868787,0.16167636659198534,500-550,0.0
1807,536.525784111338,0.07977138975956462,500-550,0.0
1808,541.4459491298413,0.07181503568991837,500-550,0.0
1809,543.0787158425134,0.06934064448996241,500-550,0.0
1810,522.3615591955747,0.10734098456780895,500-550,0.0
1811,523.0659586167201,0.10579146063658107,500-550,0.0
1812,491.8127238087401,0.1958611195778794,450-500,0.0
1813,469.1189776208005,0.2915166814467807,450-500,0.0
1814,631.7345994609307,0.009515728330416329,600-650,0.0
1815,492.7722335229108,0.19239297834674207,450-500,0.0
1816,478.18065633698285,0.25022765089401244,450-500,0.0
1817,526.8169220469806,0.09786856079161746,500-550,0.0
1818,502.8642089685593,0.15872977654832465,500-550,0.0
1819,497.571272526818,0.17574919858351148,450-500,0.0
1820,519.0848174942366,0.11481390310413024,500-550,0.0
1821,445.4699544588632,0.4154158128216882,<450,1.0
1822,497.5073126339072,0.17596337553808342,450-500,0.0
1823,504.5613931289116,0.1535632476544684,500-550,0.0
1824,492.99505498481795,0.19159431758471915,450-500,1.0
1825,511.60817391157804,0.13357202125561227,500-550,0.0
1826,547.9675329115937,0.06239651311998127,500-550,0.0
1827,471.6991052675589,0.27935910270556086,450-500,1.0
1828,503.51821545419836,0.15672235711049726,500-550,0.0
1829,505.66886911274565,0.15026666534265318,500-550,0.0
1830,510.2730434707418,0.1371826104916934,500-550,0.0
1831,510.8418079235852,0.13563456883329536,500-550,0.0
1832,503.6159361229106,0.15642419289570395,500-550,0.0
1833,529.1241891702173,0.09326172518504164,500-550,0.0
1834,526.6580590006834,0.09819311042984818,500-550,0.0
1835,523.177203921326,0.10554855630359665,500-550,0.0
1836,470.80698396177144,0.28352754747144293,450-500,0.0
1837,502.4789596049174,0.15992200215557606,500-550,1.0
1838,511.76185179528187,0.1331616297122345,500-550,0.0
1839,549.6895854709248,0.060108927932402606,500-550,0.0
1840,527.5780613787907,0.09632682556059652,500-550,0.0
1841,484.74348736683356,0.22286772966576382,450-500,1.0
1842,573.2414694845804,0.03578554568909191,550-600,0.0
1843,530.7359809917655,0.09015987977327969,500-550,0.0
1844,509.5767590373772,0.1390979323470269,500-550,0.0
1845,475.1256674358062,0.26370238114094696,450-500,0.0
1846,514.3259042609865,0.12647069296250188,500-550,0.0
1847,480.31546756160446,0.24108812533516624,450-500,0.0
1848,478.0827340408121,0.2506523641540528,450-500,0.0
1849,453.8653511461777,0.36921273339593635,450-500,0.0
1850,535.6605597216668,0.08125126491282245,500-550,0.0
1851,534.8538114578314,0.08265362519529731,500-550,0.0
1852,505.1300072757465,0.15186334018550382,500-550,0.0
1853,474.59298249953883,0.2660990136983959,450-500,0.0
1854,564.7454516844778,0.04321173651041019,550-600,0.0
1855,503.56829536002294,0.15656949609741413,500-550,0.0
1856,523.7431262025066,0.10432046766310481,500-550,0.0
1857,524.6501108372446,0.10237857901462384,500-550,0.0
1858,486.32637038189563,0.21659772799565236,450-500,0.0
1859,560.2892928712176,0.04767447162762067,550-600,0.0
1860,580.7150971231438,0.030282137842985158,550-600,0.0
1861,489.5945092390639,0.204059223703973,450-500,1.0
1862,493.1657489149091,0.19098421089406883,450-500,0.0
1863,571.5411513697318,0.037166095605212335,550-600,0.0
1864,550.013033620717,0.05968810634864635,550-600,0.0
1865,512.8945392859617,0.13016965804271335,500-550,0.0
1866,509.2024974121889,0.1401366767357363,500-550,0.0
1867,466.52119196641735,0.30406649830285726,450-500,0.0
1868,450.48321481178493,0.38759051686379975,450-500,1.0
1869,546.5672504230951,0.06431630274067318,500-550,0.0
1870,509.62683894320173,0.13895942884181534,500-550,0.0
1871,501.4471201735182,0.16315093398420763,500-550,0.0
1872,522.4116391013994,0.10723016369716656,500-550,0.0
1873,516.6126774592976,0.12074790039241912,500-550,0.0
1874,517.8203953784607,0.11781658220667113,500-550,0.0
1875,498.4377097920875,0.17286802326815157,450-500,0.0
1876,479.88607310725666,0.2429079989975294,450-500,0.0
1877,525.1728940158723,0.1012738849513323,500-550,0.0
1878,512.9892686357169,0.12992204044400052,500-550,0.0
1879,511.13847095310075,0.13483298228240045,500-550,0.0
1880,463.6057689232735,0.31850578705070187,450-500,1.0
1881,501.051883657206,0.1644015757329373,500-550,0.0
1882,491.8966962973496,0.19555572298073107,450-500,0.0
1883,536.014806256306,0.08064236160308359,500-550,0.0
1884,534.837777770367,0.08268171831836806,500-550,0.0
1885,497.11762502708496,0.1772727250025108,450-500,1.0
1886,464.23016267376596,0.315382592069811,450-500,1.0
1887,540.5122242338718,0.07326643360356834,500-550,0.0
1888,478.7036757400563,0.24796731704827124,450-500,0.0
1889,517.1687825654827,0.11939040925327223,500-550,0.0
1890,547.1254915116309,0.06354444641544048,500-550,0.0
1891,537.3678255113008,0.0783548435652977,500-550,0.0
1892,484.15633747181164,0.2252261677870569,450-500,0.0
1893,511.5681353480754,0.13367911839482124,500-550,0.0
1894,524.8869984117646,0.10187669473967062,500-550,0.0
1895,524.3093146108478,0.10310445244906986,500-550,0.0
1896,480.1411247460668,0.24182590727922376,450-500,0.0
1897,464.0764106257196,0.31615012185141117,450-500,0.0
1898,525.7436955299676,0.10007981401541569,500-550,0.0
1899,515.7074712679182,0.12298604066370167,500-550,0.0
1900,486.45170226058923,0.21610676596157513,450-500,0.0
1901,532.8937471783281,0.0861529240494392,500-550,0.0
1902,508.0676365212915,0.14332616040427812,500-550,0.0
1903,524.4976009484664,0.10270285365534863,500-550,1.0
1904,488.87398868600144,0.2067764287221999,450-500,0.0
1905,532.562143968694,0.08675804693599967,500-550,0.0
1906,548.5749324593731,0.06158050937866297,500-550,0.0
1907,532.4463845229456,0.08697019363632875,500-550,0.0
1908,473.49770475780247,0.27107024750860276,450-500,0.0
1909,488.42637446906184,0.20847788132159473,450-500,0.0
1910,554.1608400502337,0.05453090877252505,550-600,0.0
1911,464.7804970171832,0.3126435901678856,450-500,1.0
1912,479.8312536252311,0.243141007084076,450-500,0.0
1913,498.3254388241063,0.17323924175667454,450-500,0.0
1914,576.461316388235,0.033305372461476634,550-600,0.0
1915,520.9089883920117,0.11059944655377747,500-550,0.0
1916,508.73471763741435,0.14144409661048737,500-550,0.0
1917,527.2553275398666,0.0969778758929823,500-550,0.0
1918,487.35521945055393,0.21259129112451772,450-500,0.0
1919,571.9994538630217,0.036789020866069076,550-600,0.0
1920,505.03383027455413,0.15214977786677344,500-550,1.0
1921,523.7431262025066,0.10432046766310481,500-550,0.0
1922,494.7653994976626,0.18533870470066321,450-500,0.0
1923,451.8535832321164,0.3801023161178501,450-500,1.0
1924,545.9672342923034,0.06515564940683777,500-550,0.0
1925,514.4554809382914,0.1261403137583385,500-550,0.0
1926,478.0827340408121,0.2506523641540528,450-500,1.0
1927,482.1655972355536,0.23335370279233233,450-500,0.0
1928,480.72337493101855,0.2393679557538907,450-500,0.0
1929,532.6122238745186,0.08666641314161401,500-550,0.0
1930,523.9511076090017,0.10387231593321812,500-550,0.0
1931,548.6446152703494,0.06148753492678147,500-550,0.0
1932,471.90948034671516,0.27838160924786387,450-500,0.0
1933,445.23306688434315,0.4167455830161284,<450,0.0
1934,523.9733510171229,0.10382448742556383,500-550,0.0
1935,561.4858979332976,0.04643481449903823,550-600,0.0
1936,537.1601571344872,0.07870204607254344,500-550,1.0
1937,478.26954170950756,0.24984254838040595,450-500,1.0
1938,481.60159813807576,0.23569306710904414,450-500,1.0
1939,506.0129700590047,0.14925432346016235,500-550,0.0
1940,464.8305769230078,0.3123949879277646,450-500,0.0
1941,519.6900496656527,0.11340033987015155,500-550,1.0
1942,506.71467627545695,0.14720734117990183,500-550,0.0
1943,484.7225124757096,0.22295167651046702,450-500,0.0
1944,556.2111692526772,0.05213941767912884,550-600,0.0
1945,501.39045167213254,0.1633297778945845,500-550,0.0
1946,498.59805043569503,0.1723389561120953,450-500,1.0
1947,544.2584425973895,0.06760216599111507,500-550,0.0
1948,499.0945254757218,0.17070889617563664,450-500,0.0
1949,524.3093146108478,0.10310445244906986,500-550,0.0
1950,530.7359809917655,0.09015987977327969,500-550,0.0
1951,492.99505498481795,0.19159431758471915,450-500,1.0
1952,490.10149755189934,0.20216325459496065,450-500,0.0
1953,492.40700270661205,0.19370755870492598,450-500,1.0
1954,497.00733962046274,0.17764466863297104,450-500,0.0
1955,554.5904910407651,0.05402135473823158,550-600,0.0
1956,476.34464779401657,0.25827038930240376,450-500,0.0
1957,516.8591967787991,0.12014449405236909,500-550,0.0
1958,482.31589723235174,0.23273301883371647,450-500,0.0
1959,476.39472769984116,0.2580487909950115,450-500,1.0
1960,553.2328805243717,0.055646935038916656,550-600,0.0
1961,514.6504195677433,0.1256446738031613,500-550,0.0
1962,530.7359809917655,0.09015987977327969,500-550,0.0
1963,476.5928736118506,0.2571732329463393,450-500,0.0
1964,534.7070447083227,0.08291110417828429,500-550,0.0
1965,541.7373996502032,0.07136745959314142,500-550,0.0
1966,492.99505498481795,0.19159431758471915,450-500,0.0
1967,539.3748538491611,0.07507085725270975,500-550,0.0
1968,560.2892928712176,0.04767447162762067,550-600,0.0
1969,468.77203305800185,0.2931750513799801,450-500,0.0
1970,545.1160681216494,0.06636381303122665,500-550,0.0
1971,537.1601571344872,0.07870204607254344,500-550,0.0
1972,470.6963570901752,0.2840470644249683,450-500,0.0
1973,571.2440439416253,0.037412527179575904,550-600,0.0
1974,575.7572299967713,0.03383312933807333,550-600,0.0
1975,484.34825085052137,0.2244533560266723,450-500,0.0
1976,483.8607283330797,0.2264202382993727,450-500,0.0
1977,479.92188090052423,0.2427558812633229,450-500,1.0
1978,491.19645549457437,0.1981134432438836,450-500,1.0
1979,514.306875749738,0.12651927186690531,500-550,0.0
1980,517.0774961012298,0.1196123372337931,500-550,0.0
1981,497.89335613345656,0.17467378163400363,450-500,1.0
1982,549.6895854709248,0.060108927932402606,500-550,0.0
1983,452.0449267275085,0.3790611798169209,450-500,0.0
1984,485.3458933178907,0.2204663731751951,450-500,1.0
1985,601.9865845549714,0.018744677370600333,600-650,0.0
1986,459.1854648049227,0.3410729595832759,450-500,0.0
1987,502.7583105986507,0.15905677822446182,500-550,0.0
1988,490.16543722360603,0.20192507764095238,450-500,0.0
1989,581.4851058256638,0.029764046659962646,550-600,0.0
1990,535.2549014007583,0.08195368377154337,500-550,0.0
1991,514.842332946453,0.1251583556472889,500-550,0.0
1992,491.1061412489629,0.1984451549935639,450-500,1.0
1993,474.77979016823434,0.26525695814265965,450-500,0.0
1994,515.2550669429043,0.1241179305400994,500-550,0.0
1995,516.2121314834668,0.12173389251736959,500-550,0.0
1996,482.35240490424906,0.23258242924944708,450-500,1.0
1997,538.9958526477719,0.07568115374809221,500-550,0.0
1998,494.19600480016516,0.18733330596231162,450-500,0.0
1999,519.3154029521244,0.11427355473926079,500-550,0.0
2000,549.6895854709248,0.060108927932402606,500-550,0.0
2001,444.67922346430095,0.4198592864451406,<450,0.0
2002,533.115725211036,0.08574998813704393,500-550,0.0
2003,523.5103108185493,0.10482415653632998,500-550,0.0
2004,560.3393727770423,0.04762196528915584,550-600,0.0
2005,472.368695877495,0.2762552098445127,450-500,1.0
2006,471.6490253617343,0.27959210504631193,450-500,1.0
2007,517.491474082896,0.11860875996798217,500-550,0.0
2008,491.9984641822088,0.19518609020621866,450-500,1.0
2009,506.1962653971275,0.14871736953752834,500-550,0.0
2010,483.16080055998606,0.22926531491845628,450-500,1.0
2011,554.398125743204,0.05424893716827019,550-600,0.0
2012,509.392460862495,0.1396086336214881,500-550,0.0
2013,539.4143518837993,0.07500751534795055,500-550,0.0
2014,518.8022828477262,0.11547901824299278,500-550,1.0
2015,482.8318792644214,0.23061096408242543,450-500,0.0
2016,508.5735796392069,0.14189682237826082,500-550,1.0
2017,511.65825381740257,0.13343816720144508,500-550,0.0
2018,542.1169707349101,0.07078841874817798,500-550,0.0
2019,475.64157431086426,0.26139448479434796,450-500,1.0
2020,486.6348105075986,0.21539092682149202,450-500,0.0
2021,584.7049527293186,0.027689218449454538,550-600,0.0
2022,488.1002193452994,0.20972412945459853,450-500,0.0
2023,493.6224556944615,0.18935911769547528,450-500,0.0
2024,547.1254915116309,0.06354444641544048,500-550,0.0
2025,541.4459491298413,0.07181503568991837,500-550,0.0
2026,491.97619306883,0.1952669362156618,450-500,0.0
2027,516.3178821787828,0.12147290264945647,500-550,0.0
2028,571.6573172640558,0.037070168412659844,550-600,0.0
2029,524.1829120203009,0.10337483761471034,500-550,0.0
2030,471.6991052675589,0.27935910270556086,450-500,1.0
2031,492.9251457470128,0.19184462116357198,450-500,0.0
2032,554.0630947563833,0.05464746274744254,550-600,0.0
2033,497.99675833505154,0.17432963008260888,450-500,0.0
2034,541.5098667012412,0.07171665728787763,500-550,1.0
2035,491.76295693259715,0.19604228517916011,450-500,0.0
2036,434.58804198104247,0.47746645888064415,<450,0.0
2037,542.5363900380585,0.07015363846197269,500-550,0.0
2038,458.48522400214745,0.34471835692653846,450-500,1.0
2039,408.2789014941941,0.6266039330527206,<450,0.0
2040,498.28422768466794,0.17337566239277183,450-500,0.0
2041,497.58345445528266,0.1757084292749544,450-500,0.0
2042,482.35240490424906,0.23258242924944708,450-500,0.0
2043,496.03324384270746,0.18095644809011083,450-500,0.0
2044,560.7834781485631,0.04715874043240702,550-600,0.0
2045,540.7418627383776,0.07290699423095695,500-550,0.0
2046,457.520911677064,0.3497684741081297,450-500,1.0
2047,534.8037315520069,0.08274140056994757,500-550,0.0
2048,552.7186177456987,0.05627464477904766,550-600,0.0
2049,471.6490253617343,0.27959210504631193,450-500,0.0
2050,525.4698768444493,0.10065105127467722,500-550,0.0
2051,522.0911000411714,0.1079412213197412,500-550,0.0
2052,534.648105815761,0.08301470828872431,500-550,0.0
2053,509.6489276847394,0.13889837587254875,500-550,0.0
2054,532.3650109649959,0.08711960380574907,500-550,0.0
2055,467.8578692235384,0.2975709966093418,450-500,0.0
2056,534.5508150092946,0.08318598586734277,500-550,0.0
2057,487.3028417499265,0.21279394146927993,450-500,0.0
2058,514.3289202050817,0.12646299486216184,500-550,0.0
2059,580.579146854301,0.030374513405319516,550-600,0.0
2060,527.6106398277898,0.09626132254606812,500-550,0.0
2061,529.9818146944772,0.0915995110795399,500-550,0.0
2062,485.2422953400114,0.22087801848537358,450-500,0.0
2063,493.93298984268114,0.18826021419947686,450-500,0.0
2064,494.437277289353,0.18648611358952003,450-500,0.0
2065,486.2494352053886,0.21689950532420402,450-500,0.0
2066,547.1302310878318,0.06353793031560877,500-550,0.0
2067,541.4459491298413,0.07181503568991837,500-550,0.0
2068,556.2111692526772,0.05213941767912884,550-600,0.0
2069,467.5094936656071,0.29925619401292136,450-500,1.0
2070,593.7429482138879,0.022588774026107816,550-600,0.0
2071,507.5598314008416,0.14477279381340635,500-550,0.0
2072,525.1728940158723,0.1012738849513323,500-550,0.0
2073,536.2620412661355,0.08021986656845655,500-550,0.0
2074,458.48522400214745,0.34471835692653846,450-500,0.0
2075,540.6086473060794,0.07311531001742086,500-550,0.0
2076,533.4937633091197,0.08506770049599559,500-550,0.0
2077,548.7511209987543,0.061345682852751646,500-550,0.0
2078,516.3991479650496,0.1212726686455549,500-550,1.0
2079,474.93992706233746,0.2645364807762707,450-500,0.0
2080,471.88591293625433,0.27849100906786617,450-500,0.0
2081,441.093535188216,0.4401621342990595,<450,0.0
2082,478.0326541349875,0.2508697584415822,450-500,0.0
2083,508.73471763741435,0.14144409661048737,500-550,0.0
2084,490.38837286851896,0.20109627638995486,450-500,0.0
2085,488.2077937079698,0.2093124808331684,450-500,0.0
2086,517.7604161739608,0.11796069423370907,500-550,0.0
2087,528.1857246980469,0.09511157920847013,500-550,0.0
2088,569.7765982361104,0.0386528842949342,550-600,0.0
2089,554.0481652363102,0.054665285737642906,550-600,0.0
2090,482.115517329729,0.23356077004228804,450-500,0.0
2091,559.0997370251387,0.04893794372408548,550-600,0.0
2092,464.7804970171832,0.3126435901678856,450-500,0.0
2093,534.1837712847279,0.08383505158402303,500-550,0.0
2094,541.8181051994858,0.07124397731461717,500-550,0.0
2095,514.6240228935317,0.12571169074659436,500-550,1.0
2096,491.24653540039895,0.1979296866791521,450-500,0.0
2097,530.08125371078,0.09140851518284113,500-550,0.0
2098,461.1258648923539,0.33107009349014965,450-500,0.0
2099,543.1025784463995,0.06930507336979788,500-550,0.0
2100,515.416662783621,0.12371260406248101,500-550,0.0
2101,452.55772664895676,0.37627644818992273,450-500,1.0
2102,432.3562330051009,0.4903438196494618,<450,1.0
2103,522.3615591955747,0.10734098456780895,500-550,0.0
2104,499.09553838403315,0.17070558307860903,450-500,0.0
2105,529.5602253360829,0.09241326303210644,500-550,0.0
2106,560.8288184781866,0.04711168978371714,550-600,0.0
2107,496.6700108101453,0.17878612583156892,450-500,1.0
2108,574.1955180810478,0.035032680659713974,550-600,0.0
2109,497.2486121096506,0.1768317579060807,450-500,0.0
2110,514.9080289612116,0.12499224961141538,500-550,0.0
2111,547.9675329115937,0.06239651311998127,500-550,0.0
2112,487.9623213621769,0.2102526851048862,450-500,0.0
2113,500.1781829518924,0.16719352701940723,500-550,0.0
2114,511.5541834184683,0.13371645476740052,500-550,0.0
2115,457.311350673886,0.3508704663396935,450-500,0.0
2116,554.0982451421347,0.054605521530980604,550-600,1.0
2117,517.6848910679993,0.11814237557215934,500-550,0.0
2118,491.4333430690944,0.19724537216093868,450-500,0.0
2119,478.6639688925308,0.2481384372059564,450-500,0.0
2120,496.4630375836149,0.17948932000122253,450-500,0.0
2121,504.26994260854974,0.15444057878307899,500-550,1.0
2122,459.56415297663034,0.33910930853016974,450-500,1.0
2123,520.7596129400642,0.11093939840813358,500-550,0.0
2124,504.29091749967364,0.15437730311447134,500-550,1.0
2125,530.08125371078,0.09140851518284113,500-550,0.0
2126,525.8606534682722,0.09983669717739382,500-550,1.0
2127,535.9966580037142,0.08067345463807363,500-550,0.0
2128,500.1079606844055,0.16741956274253664,500-550,0.0
2129,524.761092370374,0.10214317470018872,500-550,0.0
2130,548.0176128174182,0.06232885384372635,500-550,0.0
2131,465.09093390808454,0.3111042877208375,450-500,0.0
2132,465.9477817498836,0.30687728834376515,450-500,0.0
2133,482.8318792644214,0.23061096408242543,450-500,0.0
2134,521.1813579750537,0.1099819297452015,500-550,0.0
2135,506.90035178859114,0.14666959876376862,500-550,0.0
2136,547.1755714174554,0.0634756266544611,500-550,0.0
2137,521.6016543400272,0.10903496273980087,500-550,0.0
2138,598.073275741447,0.020482159292242962,550-600,0.0
2139,607.6944964172676,0.01646682493451952,600-650,0.0
2140,506.15634116873855,0.14883418946314741,500-550,0.0
2141,527.1811031012901,0.09712816321683831,500-550,0.0
2142,516.010467716455,0.1222329321610108,500-550,0.0
2143,523.1132863499262,0.10568806025932145,500-550,1.0
2144,564.5517464579661,0.04339715419216947,550-600,0.0
2145,468.07139871778645,0.2965407985691842,450-500,1.0
2146,537.7263455428284,0.07775872791900713,500-550,0.0
2147,485.11155755869487,0.2213982890631335,450-500,0.0
2148,486.5452325671358,0.21574090563377524,450-500,0.0
2149,538.9958526477719,0.07568115374809221,500-550,0.0
2150,548.5749324593731,0.06158050937866297,500-550,0.0
2151,560.2892928712176,0.04767447162762067,550-600,0.0
2152,552.8613012558855,0.056099820739137655,550-600,0.0
2153,465.01738459170326,0.31146860657848574,450-500,0.0
2154,536.2531724997492,0.08023498722813964,500-550,0.0
2155,573.9425399319489,0.03523081231317875,550-600,0.0
2156,481.50445352436594,0.23609763841230483,450-500,0.0
2157,472.308718795041,0.2765323631595262,450-500,1.0
2158,450.91260926613273,0.3852382420332026,450-500,1.0
2159,575.7572299967713,0.03383312933807333,550-600,0.0
2160,502.29924698981256,0.16048063140190758,500-550,0.0
2161,474.8227328485103,0.26506363028166074,450-500,1.0
2162,501.4471201735182,0.16315093398420763,500-550,0.0
2163,455.195271405666,0.3620856223832093,450-500,1.0
2164,572.3344848498423,0.03651570034988135,550-600,0.0
2165,479.8926617028178,0.2428800046382283,450-500,0.0
2166,533.2226364892558,0.08555653205961779,500-550,0.0
2167,440.36298177166435,0.44432564494371257,<450,1.0
2168,453.43804848232253,0.3715150073558393,450-500,0.0
2169,541.3996059634583,0.0718864423860361,500-550,0.0
2170,547.4976475812753,0.0630346877756353,500-550,0.0
2171,456.26574726067906,0.35639245697435046,450-500,1.0
2172,544.0484739668088,0.06790859622266555,500-550,0.0
2173,457.6049067497917,0.3493272289395683,450-500,1.0
2174,480.28130962356886,0.24123255345247346,450-500,0.0
2175,542.3536545599258,0.07042955436003705,500-550,0.0
2176,525.8069195113462,0.09994832701627435,500-550,1.0
2177,545.215507137952,0.06622160066138004,500-550,0.0
2178,610.2622185254852,0.015533045645195948,600-650,0.0
2179,560.4339159919002,0.04752299105836904,550-600,0.0
2180,541.9327148815388,0.0710689594998834,500-550,0.0
2181,497.4881370003444,0.17602762730482152,450-500,0.0
2182,494.69533860167274,0.18558324152794003,450-500,0.0
2183,532.4790084422204,0.08691035791594122,500-550,0.0
2184,558.3859767479845,0.049711236348207725,550-600,0.0
2185,484.02086522718287,0.2257728332670972,450-500,0.0
2186,459.56415297663034,0.33910930853016974,450-500,1.0
2187,521.6016543400272,0.10903496273980087,500-550,0.0
2188,467.76556729452204,0.29801695607024487,450-500,1.0
2189,510.3267667162954,0.13703575546989577,500-550,1.0
2190,512.5636588554578,0.13103771279857243,500-550,0.0
2191,470.4600393989728,0.2851587616709289,450-500,0.0
2192,522.3615591955747,0.10734098456780895,500-550,1.0
2193,493.17148620300435,0.19096373006483214,450-500,0.0
2194,496.2619850641841,0.18017446561774375,450-500,0.0
2195,478.18065633698285,0.25022765089401244,450-500,0.0
2196,502.48719718323,0.1598964337597724,500-550,0.0
2197,525.235991526804,0.10114127112315802,500-550,0.0
2198,457.55482684396713,0.3495902790301484,450-500,1.0
2199,555.3691278527143,0.053109336023262316,550-600,0.0
2200,518.0757672002208,0.11720470680127554,500-550,0.0
2201,563.1518662445905,0.04475988867571436,550-600,0.0
2202,462.89620940519853,0.3220748724316441,450-500,0.0
2203,562.2370482864906,0.0456723684827804,550-600,0.0
2204,464.30171522494896,0.3150257448194134,450-500,0.0
2205,491.4333430690944,0.19724537216093868,450-500,0.0
2206,555.0052297768727,0.053533747370803,550-600,0.0
2207,517.8203953784607,0.11781658220667113,500-550,0.0
2208,479.8926617028178,0.2428800046382283,450-500,0.0
2209,491.9175570054677,0.19547991131860815,450-500,1.0
2210,567.4182762007496,0.04072930914127799,550-600,0.0
2211,563.8535134931172,0.044071835882332676,550-600,0.0
2212,488.3122839911165,0.20891320296862634,450-500,0.0
2213,548.4836459951204,0.06170250732081564,500-550,0.0
2214,467.5595735714317,0.29901360607018324,450-500,0.0
2215,460.89229937377,0.3322663065537306,450-500,0.0
2216,550.0779768554922,0.05960394533995754,550-600,0.0
2217,452.0449267275085,0.3790611798169209,450-500,0.0
2218,476.6316152743612,0.2570022702525505,450-500,0.0
2219,498.5701278697858,0.17243099837842557,450-500,0.0
2220,496.92607778218854,0.1779191199647671,450-500,0.0
2221,478.4074967180067,0.24924563132452007,450-500,0.0
2222,470.0470791062238,0.28710769367429767,450-500,0.0
2223,543.493454578621,0.06872480779570402,500-550,0.0
2224,447.25244021050247,0.405450545659772,<450,0.0
2225,570.1173944625073,0.03836135373339199,550-600,0.0
2226,540.3172949110669,0.07357282465579429,500-550,0.0
2227,488.9169313662775,0.20661373768510413,450-500,0.0
2228,461.4131474524876,0.3296017564963666,450-500,1.0
2229,520.9945503063583,0.11040513406555384,500-550,0.0
2230,520.9444704005338,0.11051883002250962,500-550,0.0
2231,534.040720357944,0.08408926096739647,500-550,1.0
2232,577.8994175495789,0.03225201688652869,550-600,0.0
2233,525.7436955299676,0.10007981401541569,500-550,0.0
2234,503.56829536002294,0.15656949609741413,500-550,0.0
2235,523.0659586167201,0.10579146063658107,500-550,0.0
2236,530.0318946003017,0.09150327609165439,500-550,0.0
2237,522.4116391013994,0.10723016369716656,500-550,0.0
2238,501.8661892928633,0.16183325684331928,500-550,0.0
2239,456.8472975670011,0.3533163786267786,450-500,0.0
2240,512.8676607379804,0.13023999022139937,500-550,0.0
2241,546.5672504230951,0.06431630274067318,500-550,0.0
2242,490.921837721801,0.19912337247910275,450-500,0.0
2243,511.13847095310075,0.13483298228240045,500-550,0.0
2244,540.7418627383776,0.07290699423095695,500-550,0.0
2245,504.5778849800182,0.1535137256653322,500-550,0.0
2246,490.7793365834553,0.19964895443150374,450-500,1.0
2247,508.0175566154669,0.14346829110760834,500-550,0.0
2248,524.3093146108478,0.10310445244906986,500-550,0.0
2249,529.1742690760418,0.09316392296586037,500-550,0.0
2250,509.35221645115615,0.13972036203561172,500-550,1.0
2251,560.3393727770423,0.04762196528915584,550-600,0.0
2252,510.0898791417754,0.1376842939191924,500-550,1.0
2253,490.95265914154334,0.19900983175913464,450-500,0.0
2254,522.5562622220818,0.10691069493706033,500-550,0.0
2255,509.0922120055667,0.14044400441823518,500-550,0.0
2256,532.1237384758081,0.08756397039240385,500-550,0.0
2257,486.55409155387287,0.21570627542983845,450-500,1.0
2258,525.3623390007416,0.10087618626239427,500-550,0.0
2259,506.8502718827666,0.14681447680811072,500-550,0.0
2260,550.8950495197416,0.0585545427811288,550-600,0.0
2261,536.4066269116391,0.07997372421858186,500-550,0.0
2262,559.5020709532804,0.04850709469094176,550-600,0.0
2263,523.5131675150509,0.10481796317080648,500-550,0.0
2264,500.5179096140695,0.16610343758273335,500-550,0.0
2265,498.6481303415196,0.17217397318316643,450-500,0.0
2266,565.1088146766263,0.042865958314354295,550-600,0.0
2267,496.56916042387456,0.17912849673328315,450-500,0.0
2268,543.0577409513894,0.06937192495380051,500-550,0.0
2269,513.840434806371,0.1277150710097894,500-550,0.0
2270,468.6028691182839,0.2939856419380648,450-500,0.0
2271,449.75709963841376,0.39158016284612224,<450,1.0
2272,486.2635859006455,0.21684397658098276,450-500,0.0
2273,482.2610777503262,0.23295926989765503,450-500,1.0
2274,452.515504625765,0.3765054267458763,450-500,1.0
2275,514.3224613754841,0.12647948130692394,500-550,0.0
2276,462.45803020861035,0.3242893629896501,450-500,0.0
2277,437.8438169315215,0.45873913563764784,<450,1.0
2278,509.8098969599684,0.13845413818072927,500-550,0.0
2279,418.2963867986814,0.5710709411442534,<450,1.0
2280,487.47685190756147,0.21212123637753824,450-500,1.0
2281,502.3442437324163,0.16034061293529292,500-550,0.0
2282,506.66531716497883,0.1473505662929927,500-550,0.0
2283,508.72170003230724,0.14148062542172585,500-550,0.0
2284,519.0097688526987,0.11499024932795632,500-550,0.0
2285,562.5778445128875,0.0453303914772603,550-600,0.0
2286,514.9836474860672,0.1248012894269358,500-550,0.0
2287,556.0035008758637,0.05237705718540354,550-600,0.0
2288,538.9796173328489,0.07570739856832075,500-550,0.0
2289,482.115517329729,0.23356077004228804,450-500,0.0
2290,492.70118741413927,0.19264816212170122,450-500,0.0
2291,546.7813778103078,0.06401921101256684,500-550,0.0
2292,514.2723814696595,0.1266073748413732,500-550,0.0
2293,486.6348105075986,0.21539092682149202,450-500,0.0
2294,521.0727926419684,0.11022770626682872,500-550,0.0
2295,476.3150350588699,0.2584014808770807,450-500,0.0
2296,490.54244900893525,0.20052496124267946,450-500,0.0
2297,530.3296532190342,0.09093296994830555,500-550,0.0
2298,502.7583105986507,0.15905677822446182,500-550,0.0
2299,516.2238999533847,0.12170482438219286,500-550,0.0
2300,560.2892928712176,0.04767447162762067,550-600,0.0
2301,572.2844049440178,0.036556431334608404,550-600,0.0
2302,515.9603878106304,0.1223571331490017,500-550,0.0
2303,521.6550428269201,0.10891518701465232,500-550,0.0
2304,541.3996059634583,0.0718864423860361,500-550,0.0
2305,539.8378940477347,0.07433137331832312,500-550,0.0
2306,508.99482903537535,0.14071584601207068,500-550,1.0
2307,496.87599787636395,0.17808842376729717,450-500,0.0
2308,484.02086522718287,0.2257728332670972,450-500,0.0
2309,478.0326541349875,0.2508697584415822,450-500,0.0
2310,523.9232711112984,0.10393219832715038,500-550,1.0
2311,548.5749324593731,0.06158050937866297,500-550,0.0
2312,532.3650109649959,0.08711960380574907,500-550,0.0
2313,537.2577664009764,0.07853867740774295,500-550,0.0
2314,529.0275023265331,0.09345080779738453,500-550,0.0
2315,552.4817301711786,0.05656602482568837,550-600,0.0
2316,491.483422974919,0.1970622228923593,450-500,0.0
2317,569.5696297379266,0.03883096995056089,550-600,0.0
2318,590.0873876830017,0.02453070633480213,550-600,0.0
2319,551.4219913167394,0.05788698420446246,550-600,0.0
2320,503.9018198108108,0.15555456079418856,500-550,0.0
2321,478.83466282262197,0.24740337774256901,450-500,1.0
2322,529.1241891702173,0.09326172518504164,500-550,0.0
2323,509.89303248644205,0.13822517082672042,500-550,0.0
2324,492.2144216624418,0.1944034613259281,450-500,0.0
2325,561.620779972325,0.04629701785693508,550-600,0.0
2326,492.17576691933766,0.194543370793172,450-500,0.0
2327,536.8193609080904,0.07927487633548894,500-550,0.0
2328,501.91626919868787,0.16167636659198534,500-550,0.0
2329,490.98181480425507,0.19890247218571325,450-500,0.0
2330,501.1586600158972,0.1640629474258529,500-550,0.0
2331,509.19775783598794,0.14014987272853774,500-550,0.0
2332,520.0466675618636,0.1125745575336639,500-550,0.0
2333,534.837777770367,0.08268171831836806,500-550,0.0
2334,490.54244900893525,0.20052496124267946,450-500,1.0
2335,502.0041443013625,0.16140136834057578,500-550,0.0
2336,457.6049067497917,0.3493272289395683,450-500,1.0
2337,464.1264905315441,0.31590001279907975,450-500,1.0
2338,478.0326541349875,0.2508697584415822,450-500,1.0
2339,523.6930462966819,0.10442863315222857,500-550,0.0
2340,510.0898791417754,0.1376842939191924,500-550,1.0
2341,532.562143968694,0.08675804693599967,500-550,1.0
2342,510.55591231947744,0.1364108596044787,500-550,0.0
2343,499.72705931600245,0.16864988632979552,450-500,1.0
2344,492.99505498481795,0.19159431758471915,450-500,0.0
2345,482.115517329729,0.23356077004228804,450-500,0.0
2346,488.387186825644,0.20862732963307137,450-500,0.0
2347,483.67392066438424,0.22717712643906285,450-500,1.0
2348,495.10829889442175,0.18414545718334735,450-500,0.0
2349,509.4330082319635,0.13949613982516096,500-550,0.0
2350,554.9082299035069,0.05364741655581862,550-600,0.0
2351,488.9146335714746,0.2066224406270034,450-500,0.0
2352,510.8095496575361,0.13572197275996883,500-550,0.0
2353,480.67329502519397,0.23957869202057358,450-500,0.0
2354,494.193480936322,0.18734218376534223,450-500,1.0
2355,416.472457929453,0.581361163773292,<450,1.0
2356,501.51618071306035,0.162933194386824,500-550,0.0
2357,539.9323997874138,0.07418127132973762,500-550,0.0
2358,432.30615309927634,0.4906329878381566,<450,0.0
2359,569.1507227362343,0.03919383009501273,550-600,1.0
2360,478.9648163599616,0.24684388046486067,450-500,0.0
2361,504.18923705926716,0.15468424367819403,500-550,0.0
2362,476.6935562522616,0.25672908601927963,450-500,0.0
2363,488.8333860903554,0.20693034129415658,450-500,0.0
2364,533.7295835884129,0.08464458669534325,500-550,0.0
2365,533.6854503915316,0.08472362588467494,500-550,0.0
2366,525.693615624143,0.10018407436055912,500-550,0.0
2367,494.87096155179006,0.1849707267002618,450-500,0.0
2368,445.23306688434315,0.4167455830161284,<450,0.0
2369,509.1888988492509,0.14017454082929265,500-550,0.0
2370,468.68603324561775,0.2935869771515326,450-500,0.0
2371,574.8996044725116,0.034486880099972604,550-600,0.0
2372,496.04906911090114,0.18090226226647585,450-500,0.0
2373,511.2270232301883,0.1345944893405165,500-550,0.0
2374,451.66677556342097,0.3811198375539003,450-500,1.0
2375,521.8267306304813,0.10853079236187396,500-550,1.0
2376,513.4252441514119,0.12878758441046914,500-550,0.0
2377,573.4783570591004,0.0355971700904783,550-600,0.0
2378,522.188139424343,0.10772552076551611,500-550,0.0
2379,571.9183741277623,0.036855461394512457,550-600,0.0
2380,524.5597965916331,0.102570500282506,500-550,0.0
2381,513.7188002273176,0.12802848336611994,500-550,0.0
2382,499.82873975640894,0.16832075176342798,450-500,0.0
2383,551.8858353218404,0.05730527886597822,550-600,0.0
2384,498.23415235985345,0.17354154024544818,450-500,0.0
2385,560.3393727770423,0.04762196528915584,550-600,0.0
2386,513.371855664519,0.12892605218995423,500-550,0.0
2387,499.25786865898124,0.17017528062054654,450-500,1.0
2388,537.7857794007721,0.0776603086764925,500-550,0.0
2389,571.4423635440548,0.037247860106958804,550-600,0.0
2390,529.1742690760418,0.09316392296586037,500-550,0.0
2391,445.5200343646877,0.4151348458659417,<450,1.0
2392,499.74501410635855,0.16859173028550686,450-500,0.0
2393,535.4839174375725,0.08155645331190031,500-550,0.0
2394,554.9082299035069,0.05364741655581862,550-600,0.0
2395,484.5882841351001,0.22348942619458792,450-500,0.0
2396,527.2780808743491,0.09693184723638762,500-550,0.0
2397,515.0299906524501,0.12468438225115965,500-550,0.0
2398,555.815214538245,0.05259340151647497,550-600,0.0
2399,510.0397992359508,0.13782172990691008,500-550,0.0
2400,523.9833381697933,0.1038030190560785,500-550,0.0
2401,500.95917410078704,0.16469604802972215,500-550,0.0
2402,549.9802315616419,0.059730657368491924,500-550,0.0
2403,489.65032770314787,0.20384983498127657,450-500,0.0
2404,520.7095330342397,0.11105357587066929,500-550,0.0
2405,541.3495260576337,0.07196368037499971,500-550,0.0
2406,533.4554518732131,0.08513662058062914,500-550,0.0
2407,494.7653994976626,0.18533870470066321,450-500,0.0
2408,515.822489827508,0.1226996892741906,500-550,0.0
2409,557.5411909401074,0.050641446281674864,550-600,0.0
2410,527.7137880375574,0.09605419268631843,500-550,0.0
2411,510.0397992359508,0.13782172990691008,500-550,0.0
2412,497.6058841294977,0.17563338325987976,450-500,0.0
2413,549.5292448273173,0.060318566971761876,500-550,0.0
2414,541.5599466070657,0.07163966396012786,500-550,0.0
2415,484.68421444424615,0.22310501312881129,450-500,1.0
2416,472.50111395519326,0.27564391620042106,450-500,0.0
2417,513.6933550271807,0.12809413022473937,500-550,0.0
2418,494.78886890821934,0.18525684399417405,450-500,0.0
2419,493.3640626661646,0.19027724860287876,450-500,0.0
2420,508.9448412932757,0.14085555609156197,500-550,1.0
2421,495.4107721530901,0.1830978328575443,450-500,0.0
2422,536.6915779926352,0.07949064185639632,500-550,0.0
2423,570.0946411280247,0.03838075189137816,550-600,0.0
2424,495.5326404254346,0.18267704764429044,450-500,0.0
2425,465.5502474387685,0.3088344274407435,450-500,0.0
2426,505.30070120583764,0.15135606382312738,500-550,0.0
2427,464.31061168686483,0.3149813915833191,450-500,0.0
2428,476.6316152743612,0.2570022702525505,450-500,0.0
2429,464.0764106257196,0.31615012185141117,450-500,0.0
2430,479.44088394329157,0.24480464125588075,450-500,0.0
2431,493.33594013296835,0.19037737976207864,450-500,0.0
2432,522.9010848025437,0.10615236942691586,500-550,0.0
2433,510.35332252487467,0.1369632127701646,500-550,0.0
2434,492.98238413171606,0.19163966591016768,450-500,0.0
2435,497.48339742414345,0.17604351103896157,450-500,1.0
2436,521.3165889949994,0.10967645773497679,500-550,0.0
2437,552.1095741015341,0.05702665554333785,550-600,0.0
2438,580.579146854301,0.030374513405319516,550-600,0.0
2439,569.8644163134084,0.03857755849209518,550-600,0.0
2440,545.4875650764845,0.06583396376142461,500-550,0.0
2441,534.837777770367,0.08268171831836806,500-550,0.0
2442,521.2360410361016,0.10985831702241744,500-550,0.0
2443,512.9088154659454,0.13013231518428653,500-550,0.0
2444,510.0898791417754,0.1376842939191924,500-550,0.0
2445,509.4057392424831,0.13957178598805195,500-550,0.0
2446,482.115517329729,0.23356077004228804,450-500,1.0
2447,498.8237532916369,0.17159639054918552,450-500,1.0
2448,491.34104114007806,0.19758326964475678,450-500,0.0
2449,555.3521743396714,0.05312903803812656,550-600,0.0
2450,499.38112553946934,0.16977349888329094,450-500,0.0
2451,555.5549344173055,0.05289385804312048,550-600,0.0
2452,580.5142036195259,0.03041873735612247,550-600,0.0
2453,526.0279530209423,0.09948984956894225,500-550,1.0
2454,538.5732895601177,0.07636696524231486,500-550,0.0
2455,480.71070407791666,0.23942126270289846,450-500,0.0
2456,477.77583039720014,0.25198658628023446,450-500,0.0
2457,549.9629537148925,0.059753081711389266,500-550,0.0
2458,533.2259960203708,0.08555045940001928,500-550,0.0
2459,503.51821545419836,0.15672235711049726,500-550,0.0
2460,465.3466854255244,0.3098392713389204,450-500,0.0
2461,536.8815565512571,0.0791700507805616,500-550,0.0
2462,502.75746056134903,0.1590594052479401,500-550,0.0
2463,489.65032770314787,0.20384983498127657,450-500,0.0
2464,451.14605395515036,0.38396164260258786,450-500,1.0
2465,554.302447226821,0.05436246822938543,550-600,0.0
2466,536.9718707968686,0.07901805922493804,500-550,0.0
2467,489.3368025882773,0.20502801780285274,450-500,0.0
2468,573.8076578929215,0.03533689232438026,550-600,0.0
2469,462.56808719688894,0.32373240677619014,450-500,1.0
2470,468.82211296382644,0.29293533228981616,450-500,0.0
2471,530.6051955366582,0.09040806727976512,500-550,0.0
2472,491.4536667695924,0.19717103005026138,450-500,0.0
2473,516.5683683162408,0.12085663284249325,500-550,0.0
2474,606.3169120825305,0.01699032888471731,600-650,0.0
2475,521.2314378808783,0.10986871789860876,500-550,0.0
2476,512.558575692237,0.13105108658284179,500-550,0.0
2477,533.9234142996511,0.0842982424993879,500-550,0.0
2478,533.3163102659823,0.08538735451447357,500-550,0.0
2479,547.579985753149,0.06292242195890259,500-550,0.0
2480,549.9152883268666,0.05981498591478998,500-550,0.0
2481,520.9945503063583,0.11040513406555384,500-550,0.0
2482,507.2194120083159,0.14574935583228954,500-550,0.0
2483,493.2370521648431,0.19072979346667507,450-500,0.0
2484,544.7780055584095,0.06684941626452283,500-550,0.0
2485,520.5019062892777,0.11152804273544502,500-550,0.0
2486,447.7663594021557,0.40259142478047777,<450,1.0
2487,536.9718707968686,0.07901805922493804,500-550,0.0
2488,457.49815834258146,0.34988804686248076,450-500,1.0
2489,491.19645549457437,0.1981134432438836,450-500,0.0
2490,445.7992552926843,0.4135693284859164,<450,0.0
2491,502.70823069282613,0.15921160921106284,500-550,0.0
2492,522.6569448624928,0.1066887845156162,500-550,0.0
2493,516.6417824739983,0.12067652405341557,500-550,0.0
2494,547.9675329115937,0.06239651311998127,500-550,0.0
2495,541.3593615521194,0.07194850510241518,500-550,1.0
2496,501.3313607277697,0.16351643495579823,500-550,0.0
2497,476.3915819897825,0.2580627067800027,450-500,0.0
2498,548.5248525535486,0.061647409719047926,500-550,0.0
2499,537.2577664009764,0.07853867740774295,500-550,0.0
2500,485.0703510002666,0.22156245208693465,450-500,0.0
2501,504.2393169650917,0.15453300627532005,500-550,0.0
2502,552.8339841934958,0.056133251589404395,550-600,0.0
2503,513.4753240572365,0.12865781294358972,500-550,0.0
2504,553.1415940601189,0.0557578763495356,550-600,0.0
2505,510.0397992359508,0.13782172990691008,500-550,0.0
2506,518.0757672002208,0.11720470680127554,500-550,0.0
2507,496.5879309479003,0.17906473501304615,450-500,0.0
2508,506.1461854913029,0.1488639174682742,500-550,0.0
2509,554.9779127144832,0.053565735832990256,550-600,0.0
2510,468.77203305800185,0.2931750513799801,450-500,1.0
2511,475.049043615227,0.2640462691738204,450-500,0.0
2512,548.0176128174182,0.06232885384372635,500-550,0.0
2513,550.118186570141,0.059551892633094794,550-600,0.0
2514,570.0946411280247,0.03838075189137816,550-600,0.0
2515,503.4316278764765,0.15698693865774999,500-550,0.0
2516,526.5941414292835,0.0983239613383115,500-550,0.0
2517,540.0247017164302,0.07403493881231625,500-550,0.0
2518,510.95186703390965,0.13533672024686455,500-550,0.0
2519,476.39472769984116,0.2580487909950115,450-500,0.0
2520,506.69976673364476,0.14725059198585058,500-550,0.0
2521,520.043251005372,0.1125824439230958,500-550,0.0
2522,527.1868462405596,0.09711652727291703,500-550,0.0
2523,475.5526862998783,0.26179119107859733,450-500,0.0
2524,529.1241891702173,0.09326172518504164,500-550,0.0
2525,476.39472769984116,0.2580487909950115,450-500,1.0
2526,523.7431262025066,0.10432046766310481,500-550,1.0
2527,471.6991052675589,0.27935910270556086,450-500,0.0
2528,471.6490253617343,0.27959210504631193,450-500,1.0
2529,511.81193170110646,0.1330281237731068,500-550,0.0
2530,556.1021230506641,0.05226407433967773,550-600,1.0
2531,537.4179054171253,0.07827132453918116,500-550,0.0
2532,465.8485430908752,0.3073652122909404,450-500,0.0
2533,466.55962323770757,0.3038786316519038,450-500,0.0
2534,521.7766507246566,0.10864279383810128,500-550,0.0
2535,498.4788932359962,0.17273201004082445,450-500,0.0
2536,510.7594697517115,0.13585775857142243,500-550,0.0
2537,565.1830612155095,0.04279563081505683,550-600,0.0
2538,522.4116391013994,0.10723016369716656,500-550,0.0
2539,508.42181929297584,0.14232430642984006,500-550,0.0
2540,560.2892928712176,0.04767447162762067,550-600,0.0
2541,525.255210131257,0.10110090946648197,500-550,1.0
2542,508.0676365212915,0.14332616040427812,500-550,0.0
2543,560.3393727770423,0.04762196528915584,550-600,0.0
2544,533.3163102659823,0.08538735451447357,500-550,0.0
2545,511.2023885245007,0.13466080083916368,500-550,0.0
2546,495.94560071818364,0.18125676766391355,450-500,0.0
2547,497.48339742414345,0.17604351103896157,450-500,1.0
2548,536.6858278613747,0.0795003637405031,500-550,0.0
2549,490.40923357663706,0.20101885353963614,450-500,1.0
2550,544.0484739668088,0.06790859622266555,500-550,0.0
2551,513.7409957900684,0.1279712437885045,500-550,0.0
2552,530.6051955366582,0.09040806727976512,500-550,0.0
2553,461.7495587642166,0.32788653515456356,450-500,1.0
2554,509.79600288291977,0.13849243552472823,500-550,0.0
2555,476.9540798220378,0.25558215673594903,450-500,0.0
2556,529.3992560608539,0.09272567522898996,500-550,0.0
2557,465.5502474387685,0.3088344274407435,450-500,0.0
2558,478.0326541349875,0.2508697584415822,450-500,0.0
2559,568.3252608354876,0.03991839143451548,550-600,0.0
2560,525.2547582124056,0.10110185839276684,500-550,0.0
2561,489.0598823014288,0.206072841337821,450-500,0.0
2562,533.3163102659823,0.08538735451447357,500-550,0.0
2563,480.63075281905225,0.2397578094426136,450-500,0.0
2564,440.6064786625922,0.4429370288123224,<450,0.0
2565,529.795210775286,0.0919588962809816,500-550,0.0
2566,488.924068591826,0.20658670703528637,450-500,0.0
2567,492.5050677531588,0.19335392298703755,450-500,0.0
2568,509.73025454923993,0.13867378344862114,500-550,0.0
2569,487.3274764556141,0.21269861175970273,450-500,0.0
2570,471.5389683734557,0.2801045750372303,450-500,1.0
2571,547.1254915116309,0.06354444641544048,500-550,0.0
2572,477.0799858634285,0.2550290752880466,450-500,1.0
2573,591.2308968951618,0.023906366762148898,550-600,0.0
2574,522.3615591955747,0.10734098456780895,500-550,0.0
2575,473.21073727745784,0.27238233422001373,450-500,0.0
2576,560.3532104426176,0.04760746686140311,550-600,0.0
2577,560.3145556995136,0.0476479779143566,550-600,0.0
2578,491.26893259060813,0.19784754695649392,450-500,0.0
2579,501.6084826420767,0.16264254297536723,500-550,0.0
2580,494.23532326383395,0.18719504332564954,450-500,0.0
2581,530.9388792350398,0.0897760607517725,500-550,0.0
2582,446.7947788000667,0.40800209954005423,<450,0.0
2583,463.8278287456242,0.31739316280099383,450-500,1.0
2584,482.38267673142315,0.23245761325471806,450-500,0.0
2585,518.6720834977854,0.11578664674457469,500-550,1.0
2586,487.85642299226834,0.21065925102697308,450-500,0.0
2587,471.098691018317,0.2821604134645943,450-500,0.0
2588,514.9934829805528,0.12477647015042716,500-550,1.0
2589,464.1264905315441,0.31590001279907975,450-500,0.0
2590,510.57932484291973,0.13634714732699102,500-550,0.0
2591,580.9563696123316,0.03011886757255587,550-600,0.0
2592,473.0742132640913,0.2730079489943325,450-500,0.0
2593,530.8958416273754,0.0898573509690264,500-550,0.0
2594,487.47685190756147,0.21212123637753824,450-500,0.0
2595,493.90244872425944,0.18836807410921555,450-500,0.0
2596,568.8887016522203,0.03942244568975608,550-600,0.0
2597,549.0871795198676,0.06090009848360014,500-550,0.0
2598,522.1333010159774,0.10784736976641544,500-550,0.0
2599,511.48630947765776,0.13389821615844383,500-550,0.0
2600,560.3393727770423,0.04762196528915584,550-600,0.0
2601,531.7378830273382,0.08827888412852065,500-550,0.0
2602,492.1805064955387,0.19452621195865233,450-500,0.0
2603,521.7766507246566,0.10864279383810128,500-550,0.0
2604,496.8262726320725,0.17825665340976296,450-500,0.0
2605,539.8378940477347,0.07433137331832312,500-550,0.0
2606,549.0634704415784,0.06093143517441857,500-550,0.0
2607,522.3615591955747,0.10734098456780895,500-550,0.0
2608,490.7793365834553,0.19964895443150374,450-500,0.0
2609,491.76264390291556,0.19604342509724512,450-500,0.0
2610,471.6991052675589,0.27935910270556086,450-500,0.0
2611,495.48256051961005,0.18284987195382998,450-500,0.0
2612,442.1115013560834,0.43437475806644593,<450,0.0
2613,513.2806210307294,0.12916297088464798,500-550,0.0
2614,492.1108236845625,0.19477860243424855,450-500,0.0
2615,548.2959882891232,0.06195400813993198,500-550,0.0
2616,467.16803825025056,0.30091321008209254,450-500,0.0
2617,483.72730915127715,0.2269606302770384,450-500,0.0
2618,483.9707853213583,0.2259751564164749,450-500,0.0
2619,542.7930203552455,0.0697678343972187,500-550,0.0
2620,534.1484905901052,0.08389768238593438,500-550,1.0
2621,512.933450171633,0.13006789847912958,500-550,1.0
2622,468.07139871778645,0.2965407985691842,450-500,0.0
2623,470.6469132587908,0.284279444137661,450-500,0.0
2624,491.24653540039895,0.1979296866791521,450-500,0.0
2625,494.23057093256904,0.187211750635113,450-500,0.0
2626,472.67856699833067,0.27482603869523814,450-500,0.0
2627,509.19775783598794,0.14014987272853774,500-550,0.0
2628,484.23124030633915,0.22492431883567587,450-500,1.0
2629,559.7043844002995,0.04829180492596359,550-600,0.0
2630,541.3996059634583,0.0718864423860361,500-550,0.0
2631,503.18628513237917,0.15773859504560062,500-550,1.0
2632,485.77449441710695,0.21876918255582145,450-500,1.0
2633,502.7583105986507,0.15905677822446182,500-550,0.0
2634,502.0614732772013,0.16122216547502144,500-550,0.0
2635,478.13057643115826,0.25044479993393726,450-500,0.0
2636,599.8426560339841,0.019677850319587475,550-600,0.0
2637,506.1995739781958,0.14870769189019853,500-550,1.0
2638,492.4969146771006,0.1933833053554906,450-500,0.0
2639,500.5295536675938,0.16606617609508018,500-550,0.0
2640,447.8970920705835,0.4018651579478684,<450,1.0
2641,509.76730344551424,0.13857157020299973,500-550,0.0
2642,549.8413458171558,0.05991113570504952,500-550,0.0
2643,444.59048084215226,0.4203587971366747,<450,1.0
2644,519.4484225149317,0.11396284835169587,500-550,0.0
2645,550.5972909010093,0.05893494544484381,550-600,0.0
2646,529.1241891702173,0.09326172518504164,500-550,0.0
2647,549.4140431533007,0.06046961079068316,500-550,0.0
2648,492.5938103753075,0.1930343284471367,450-500,0.0
2649,499.4901717414824,0.1694186692956276,450-500,0.0
2650,470.80698396177144,0.28352754747144293,450-500,0.0
2651,561.9215851182448,0.04599111284647033,550-600,0.0
2652,429.2099169500014,0.5085156295885882,<450,1.0
2653,481.4615108440899,0.2362766316173662,450-500,0.0
2654,527.1221544290793,0.09724766869585666,500-550,0.0
2655,457.03410523569653,0.352330827871306,450-500,0.0
2656,478.6639688925308,0.2481384372059564,450-500,0.0
2657,503.22027446362483,0.15763428768493543,500-550,0.0
2658,538.7452338998626,0.07608721774471316,500-550,0.0
2659,491.19645549457437,0.1981134432438836,450-500,0.0
2660,514.3224613754841,0.12647948130692394,500-550,0.0
2661,504.1956960696665,0.1546647311810893,500-550,0.0
2662,541.4459491298413,0.07181503568991837,500-550,0.0
2663,533.1658051168605,0.08565931918706352,500-550,0.0
2664,561.7358031129247,0.046179816675119695,550-600,0.0
2665,445.2831467901677,0.4164643574054913,<450,1.0
2666,484.23124030633915,0.22492431883567587,450-500,0.0
2667,562.5778445128875,0.0453303914772603,550-600,0.0
2668,590.037307777177,0.024558409558930183,550-600,0.0
2669,476.17305811580485,0.2590305955553497,450-500,1.0
2670,501.21218280722417,0.16389341740788319,500-550,1.0
2671,535.2180572925545,0.08201775453261578,500-550,1.0
2672,561.6708598781495,0.046245954908798896,550-600,0.0
2673,555.110353906701,0.05341081436929696,550-600,0.0
2674,516.191479588236,0.12178491717957395,500-550,1.0
2675,519.6305068024385,0.11353873054058954,500-550,0.0
2676,467.2992734734694,0.3002757330419527,450-500,1.0
2677,541.3021983244276,0.07203674405276132,500-550,0.0
2678,457.42498136791795,0.3502727325683997,450-500,0.0
2679,500.95886107110545,0.16469704301921206,500-550,1.0
2680,509.5767590373772,0.1390979323470269,500-550,0.0
2681,519.4484225149317,0.11396284835169587,500-550,0.0
2682,520.2904639148946,0.11201304991876267,500-550,0.0
2683,483.7388638991594,0.22691379369841,450-500,1.0
2684,490.4044940004361,0.2010364421390757,450-500,0.0
2685,508.4620637043147,0.14221083996658002,500-550,0.0
2686,547.1755714174554,0.0634756266544611,500-550,0.0
2687,561.4264369596307,0.04649568417090779,550-600,0.0
2688,540.9111205647478,0.07264310592428964,500-550,0.0
2689,478.71404879835535,0.24792262647261432,450-500,1.0
2690,521.4636020742097,0.10934521556530181,500-550,1.0
2691,567.4743604487877,0.04067871096311258,550-600,0.0
2692,481.16284905816997,0.23752410145294736,450-500,0.0
2693,579.6220823137385,0.03103258710412639,550-600,0.0
2694,508.68837447103135,0.14157417646483678,500-550,0.0
2695,536.9718707968686,0.07901805922493804,500-550,0.0
2696,487.7137394820815,0.21120795374744655,450-500,0.0
2697,514.6621880376612,0.1256148053973443,500-550,1.0
2698,538.8865947467484,0.07585793321648743,500-550,0.0
2699,515.7533878361005,0.12287165746382574,500-550,0.0
2700,501.7764289805594,0.16211476520103524,500-550,1.0
2701,501.16210290139963,0.16405203806604776,500-550,0.0
2702,501.28698327941504,0.163656727689966,500-550,0.0
2703,440.23596668933277,0.4450503343055917,<450,1.0
2704,551.2584346121969,0.058093418649075905,550-600,0.0
2705,488.8904228476002,0.20671415568553705,450-500,0.0
2706,549.5793247331419,0.06025301610622336,500-550,0.0
2707,510.6471987837303,0.13616258423885697,500-550,0.0
2708,496.7200907159699,0.17861630288688649,450-500,1.0
2709,552.5398418074795,0.056494414454819966,550-600,0.0
2710,510.0397992359508,0.13782172990691008,500-550,0.0
2711,522.4116391013994,0.10723016369716656,500-550,0.0
2712,543.24965822559,0.06908619947960104,500-550,0.0
2713,542.7372835416763,0.0698514589033397,500-550,0.0
2714,530.1922352439093,0.09119577220907671,500-550,1.0
2715,501.3970402676936,0.16330897640282102,500-550,1.0
2716,490.1178811816246,0.20210220516415403,450-500,0.0
2717,510.95186703390965,0.13533672024686455,500-550,0.0
2718,507.0765826494832,0.14616071508031692,500-550,0.0
2719,505.29504600196566,0.15137284790516825,500-550,0.0
2720,544.0484739668088,0.06790859622266555,500-550,0.0
2721,506.0926626999759,0.14902067195323307,500-550,1.0
2722,500.95886107110545,0.16469704301921206,500-550,0.0
2723,497.95492685084685,0.1744687925360347,450-500,0.0
2724,483.9707853213583,0.2259751564164749,450-500,1.0
2725,486.7179332790083,0.2150665367927026,450-500,0.0
2726,524.204024151714,0.10332963349403045,500-550,1.0
2727,503.0745840477156,0.15808178140363138,500-550,0.0
2728,580.579146854301,0.030374513405319516,550-600,0.0
2729,510.0898791417754,0.1376842939191924,500-550,1.0
2730,511.13847095310075,0.13483298228240045,500-550,0.0
2731,516.5917025681737,0.12079936121726274,500-550,1.0
2732,473.21073727745784,0.27238233422001373,450-500,1.0
2733,483.93687015445516,0.2261122468039081,450-500,1.0
2734,505.2415232106387,0.15153177395408698,500-550,0.0
2735,479.1115831094704,0.24621398834404523,450-500,1.0
2736,458.37516701386886,0.34529298326479546,450-500,1.0
2737,502.7583105986507,0.15905677822446182,500-550,0.0
2738,495.39118741482383,0.18316552488237609,450-500,0.0
2739,549.5793247331419,0.06025301610622336,500-550,0.0
2740,509.1888988492509,0.14017454082929265,500-550,0.0
2741,587.0870818428727,0.026245332035213897,550-600,0.0
2742,536.1618860354963,0.0803907758656047,500-550,0.0
2743,505.11963421744747,0.1518942122764003,500-550,0.0
2744,476.34464779401657,0.25827038930240376,450-500,0.0
2745,513.37364361683,0.1289214129248615,500-550,0.0
2746,505.43865621433685,0.1509471005636626,500-550,0.0
2747,520.8065724174112,0.11083242857938912,500-550,0.0
2748,482.1655972355536,0.23335370279233233,450-500,0.0
2749,541.4459491298413,0.07181503568991837,500-550,0.0
2750,488.71648765946514,0.20737394180643515,450-500,0.0
2751,464.3098553147372,0.31498516233899826,450-500,0.0
2752,455.74963875816246,0.359132352776717,450-500,0.0
2753,477.01566939908537,0.25531150698409205,450-500,0.0
2754,522.4116391013994,0.10723016369716656,500-550,0.0
2755,491.24653540039895,0.1979296866791521,450-500,0.0
2756,497.9440439500559,0.17450501147098973,450-500,0.0
2757,545.2658954924482,0.0661496460616076,500-550,0.0
2758,523.946024445781,0.10388324865195663,500-550,0.0
2759,474.5207189247882,0.26642520616122006,450-500,0.0
2760,490.38837286851896,0.20109627638995486,450-500,0.0
2761,561.9010846927658,0.04601189960710599,550-600,0.0
2762,499.67697941017786,0.16881218098446413,450-500,0.0
2763,475.10909100205544,0.26377675187303523,450-500,0.0
2764,542.5363900380585,0.07015363846197269,500-550,0.0
2765,455.04555236669876,0.36288501791624944,450-500,0.0
2766,491.483422974919,0.1970622228923593,450-500,0.0
2767,540.4983865682965,0.07328814492390988,500-550,1.0
2768,497.10402646414695,0.1773185538645399,450-500,0.0
2769,482.97980561389255,0.23000509947002498,450-500,0.0
2770,496.04906911090114,0.18090226226647585,450-500,0.0
2771,489.6550672793488,0.20383206303525833,450-500,0.0
2772,495.94560071818364,0.18125676766391355,450-500,0.0
2773,483.62384075855965,0.22738033843944833,450-500,0.0
2774,536.7514869672798,0.07938941691799194,500-550,0.0
2775,482.1655972355536,0.23335370279233233,450-500,0.0
2776,504.37584097845826,0.15412132814407914,500-550,0.0
2777,495.2380714412176,0.18369541901399744,450-500,0.0
2778,486.1026684558798,0.21747603895990303,450-500,0.0
2779,511.9875546512237,0.13256083307465624,500-550,0.0
2780,523.929933871202,0.10391786249604987,500-550,0.0
2781,465.9477817498836,0.30687728834376515,450-500,1.0
2782,513.3235637110054,0.12905141089463049,500-550,0.0
2783,541.409441457944,0.07187128213956312,500-550,0.0
2784,466.1851353162215,0.3057120519399489,450-500,0.0
2785,534.5508150092946,0.08318598586734277,500-550,0.0
2786,481.64831851278535,0.23549866489940724,450-500,0.0
2787,445.4699544588632,0.4154158128216882,<450,1.0
2788,523.7431262025066,0.10432046766310481,500-550,0.0
2789,459.943533716276,0.3371476021607236,450-500,1.0
2790,506.32955027449594,0.14832792048880888,500-550,0.0
2791,507.5288197934615,0.14486153137327407,500-550,1.0
2792,528.2821477702545,0.09492001170235922,500-550,1.0
2793,505.07992736992196,0.15201243461758238,500-550,0.0
2794,464.683810173499,0.31312385936555814,450-500,0.0
2795,490.28978388951793,0.20146248340589717,450-500,0.0
2796,584.7049527293186,0.027689218449454538,550-600,0.0
2797,540.7919426442022,0.07282882324481306,500-550,0.0
2798,536.6858278613747,0.0795003637405031,500-550,0.0
2799,504.0049812058959,0.15524172305225303,500-550,0.0
2800,458.48522400214745,0.34471835692653846,450-500,1.0
2801,491.19645549457437,0.1981134432438836,450-500,0.0
2802,469.5830307276854,0.2893071963895444,450-500,0.0
2803,436.81496786286317,0.46464704742234886,<450,0.0
2804,493.6773724338053,0.18916442373966194,450-500,0.0
2805,513.6183749840204,0.12828774055108305,500-550,0.0
2806,510.3267667162954,0.13703575546989577,500-550,0.0
2807,598.653100187905,0.020215103882500043,550-600,0.0
2808,554.1398651591097,0.05455590000944263,550-600,0.0
2809,468.68703095751204,0.29358219632733606,450-500,0.0
2810,530.6552754424829,0.09031295958229661,500-550,0.0
2811,510.0898791417754,0.1376842939191924,500-550,0.0
2812,492.99505498481795,0.19159431758471915,450-500,0.0
2813,510.808116228496,0.13572585774437704,500-550,0.0
2814,510.67840922344345,0.13607778734564158,500-550,0.0
2815,507.13119331862146,0.14600331875663142,500-550,0.0
2816,536.1618860354963,0.0803907758656047,500-550,0.0
2817,503.51821545419836,0.15672235711049726,500-550,0.0
2818,529.4249943161373,0.09267565833135673,500-550,0.0
2819,538.6453222575605,0.0762496558782818,500-550,1.0
2820,528.4201027787536,0.09464653163891058,500-550,0.0
2821,476.8876162864879,0.2558744359312728,450-500,0.0
2822,503.54520191460006,0.15663997010607766,500-550,1.0
2823,498.3254388241063,0.17323924175667454,450-500,1.0
2824,493.8876495130575,0.18842035650367986,450-500,0.0
2825,497.01172453513055,0.17762986859398391,450-500,0.0
2826,530.6051955366582,0.09040806727976512,500-550,0.0
2827,491.2943777907451,0.19775426008890878,450-500,0.0
2828,537.4179054171253,0.07827132453918116,500-550,0.0
2829,501.00180375138143,0.16456059140411206,500-550,0.0
2830,553.6779487771614,0.05510900882046147,550-600,0.0
2831,550.4351598978355,0.059143049456290044,550-600,0.0
2832,551.3223521835969,0.0580126624583227,550-600,0.0
2833,445.2831467901677,0.4164643574054913,<450,1.0
2834,525.7970840168605,0.09996877181598054,500-550,0.0
2835,571.2440439416253,0.037412527179575904,550-600,0.0
2836,491.483422974919,0.1970622228923593,450-500,0.0
2837,514.8924128522775,0.12503171630851018,500-550,0.0
2838,490.92534207915367,0.19911046058750223,450-500,0.0
2839,495.94560071818364,0.18125676766391355,450-500,1.0
2840,496.41295767779036,0.17965979143125327,450-500,0.0
2841,510.6471987837303,0.13616258423885697,500-550,0.0
2842,483.8607283330797,0.2264202382993727,450-500,0.0
2843,473.10068028917925,0.2728865950221611,450-500,0.0
2844,519.0598487585232,0.11487254747464543,500-550,0.0
2845,543.2908647840183,0.06902499359905664,500-550,0.0
2846,539.7878141419102,0.07441102763599186,500-550,0.0
2847,582.1408587700246,0.029329614122989584,550-600,0.0
2848,522.4116391013994,0.10723016369716656,500-550,0.0
2849,479.6488653497867,0.24391733286764639,450-500,0.0
2850,508.3877730746157,0.1424203564483698,500-550,0.0
2851,513.1314268604818,0.12955119817816277,500-550,0.0
2852,559.1636545965385,0.048869254317610585,550-600,0.0
2853,510.0397992359508,0.13782172990691008,500-550,0.0
2854,555.0052297768727,0.053533747370803,550-600,0.0
2855,495.48256051961005,0.18284987195382998,450-500,0.0
2856,529.2173259393237,0.0930799097944927,500-550,0.0
2857,521.6016543400272,0.10903496273980087,500-550,1.0
2858,562.5778445128875,0.0453303914772603,550-600,0.0
2859,593.7429482138879,0.022588774026107816,550-600,0.0
2860,482.02419017580615,0.23393871262676205,450-500,1.0
2861,521.71896039832,0.10877194147153284,500-550,0.0
2862,463.39473059021094,0.3195651107790515,450-500,1.0
2863,517.6821434763908,0.11814898967721707,500-550,0.0
2864,486.40162235476464,0.21630284701277874,450-500,0.0
2865,506.3201956489379,0.1483552265426964,500-550,0.0
2866,488.1732618256528,0.20944455722024607,450-500,0.0
2867,529.1241891702173,0.09326172518504164,500-550,0.0
2868,555.815214538245,0.05259340151647497,550-600,0.0
2869,516.6144559026562,0.12074353794225973,500-550,0.0
2870,524.2322176860451,0.1032692943403252,500-550,0.0
2871,494.9477319545165,0.1847034682105404,450-500,1.0
2872,495.5711127966976,0.18254436676881788,450-500,0.0
2873,492.5701941023609,0.19311933999292813,450-500,1.0
2874,548.9854990794611,0.061034597608223246,500-550,0.0
2875,562.6417620842874,0.04526652463472839,550-600,0.0
2876,580.570287867564,0.030380542378569488,550-600,0.0
2877,501.6585625479013,0.1624850202509764,500-550,0.0
2878,541.5098667012412,0.07171665728787763,500-550,0.0
2879,512.1410367586433,0.13215359325476747,500-550,0.0
2880,495.2949028136129,0.183498602059439,450-500,0.0
2881,537.5765181720295,0.07800734095721801,500-550,0.0
2882,490.54244900893525,0.20052496124267946,450-500,0.0
2883,444.52239189731836,0.4207421639605793,<450,1.0
2884,504.2393169650917,0.15453300627532005,500-550,0.0
2885,509.58400810739147,0.13907787679253186,500-550,0.0
2886,534.362780094971,0.08351792663142839,500-550,0.0
2887,453.76367070577123,0.36976004477258584,450-500,0.0
2888,469.5830307276854,0.2893071963895444,450-500,0.0
2889,516.2121314834668,0.12173389251736959,500-550,0.0
2890,519.3154029521244,0.11427355473926079,500-550,0.0
2891,544.592126295771,0.06711782242757779,500-550,0.0
2892,512.5652384521406,0.13103355712138856,500-550,1.0
2893,503.5508097737085,0.15662285429103953,500-550,0.0
2894,502.7583105986507,0.15905677822446182,500-550,0.0
2895,504.5278050741937,0.153664146829083,500-550,0.0
2896,492.99505498481795,0.19159431758471915,450-500,1.0
2897,495.99568062400823,0.18108511542567313,450-500,0.0
2898,556.2612491585018,0.052082262801267216,550-600,0.0
2899,465.06746449752785,0.3112205156081198,450-500,0.0
2900,526.6240127823233,0.09826278991317236,500-550,0.0
2901,476.39472769984116,0.2580487909950115,450-500,0.0
2902,490.963457738776,0.19897006312712884,450-500,1.0
2903,540.658727211904,0.07303693327094121,500-550,0.0
2904,535.840438503298,0.08094155490781454,500-550,1.0
2905,507.096791202268,0.1461024545467195,500-550,0.0
2906,531.119609973516,0.08943541648147861,500-550,0.0
2907,542.4891268045545,0.07022490618682072,500-550,0.0
2908,513.330700936554,0.1290328771857014,500-550,0.0
2909,443.63341630158965,0.4257560479846538,<450,1.0
2910,518.3335154828588,0.1165899336977694,500-550,0.0
2911,510.7661325116152,0.13583968667600466,500-550,0.0
2912,541.4459491298413,0.07181503568991837,500-550,0.0
2913,491.19645549457437,0.1981134432438836,450-500,0.0
2914,502.8642089685593,0.15872977654832465,500-550,0.0
2915,503.51821545419836,0.15672235711049726,500-550,0.0
2916,482.7817993585968,0.23081633029792353,450-500,0.0
2917,527.7473192051609,0.09598694525647658,500-550,0.0
2918,563.1440329212287,0.04476762772464365,550-600,0.0
2919,482.6711724870006,0.23127043929127516,450-500,0.0
2920,532.6563531535262,0.0865857401312369,500-550,0.0
2921,498.78608535001877,0.17172014201272418,450-500,1.0
2922,478.6639688925308,0.2481384372059564,450-500,0.0
2923,545.5014027420598,0.06581430388289701,500-550,0.0
2924,483.74624273513723,0.2268838875376305,450-500,1.0
2925,523.5500176660748,0.1047381003902798,500-550,0.0
2926,583.7049455084799,0.028318100234208936,550-600,0.0
2927,529.1742690760418,0.09316392296586037,500-550,0.0
2928,489.46135083214233,0.20455937919569264,450-500,0.0
2929,531.6609245735323,0.08842210203867713,500-550,0.0
2930,582.1408587700246,0.029329614122989584,550-600,0.0
2931,464.2597754089126,0.3152348808402258,450-500,0.0
2932,459.61423288245487,0.33885003620371984,450-500,1.0
2933,536.014806256306,0.08064236160308359,500-550,0.0
2934,490.4923691031107,0.20071052430413727,450-500,1.0
2935,479.161663015295,0.24599930371799086,450-500,0.0
2936,545.5014027420598,0.06581430388289701,500-550,0.0
2937,482.7817993585968,0.23081633029792353,450-500,0.0
2938,506.8502718827666,0.14681447680811072,500-550,0.0
2939,456.7972176611765,0.3535808002767919,450-500,0.0
2940,521.407823628789,0.10947078919476416,500-550,0.0
2941,527.6920588560153,0.09609779347758735,500-550,0.0
2942,493.2370521648431,0.19072979346667507,450-500,0.0
2943,516.010467716455,0.1222329321610108,500-550,0.0
2944,486.2405664390023,0.21693431249099435,450-500,0.0
2945,492.2645015682663,0.19422231242416707,450-500,0.0
2946,493.2370521648431,0.19072979346667507,450-500,0.0
2947,467.5094936656071,0.29925619401292136,450-500,1.0
2948,493.2477214432739,0.190691746657992,450-500,0.0
2949,524.8869984117646,0.10187669473967062,500-550,0.0
2950,493.48939454485827,0.18983149042616718,450-500,0.0
2951,469.32655855316136,0.2905271038994288,450-500,1.0
2952,508.71569555183146,0.14149747730009155,500-550,1.0
2953,534.3191845201964,0.08359505825721292,500-550,0.0
2954,556.0035008758637,0.05237705718540354,550-600,0.0
2955,559.901745712773,0.04808265915440613,550-600,0.0
2956,521.8985189970012,0.10837041775823127,500-550,0.0
2957,491.34675549137256,0.19756233797162925,450-500,0.0
2958,486.6395500837996,0.21537242089164055,450-500,0.0
2959,507.0633258034766,0.14619894455036944,500-550,0.0
2960,502.73099353626105,0.15914121866835843,500-550,0.0
2961,555.815214538245,0.05259340151647497,550-600,0.0
2962,511.0954333454363,0.13494902185359506,500-550,0.0
2963,503.8136011211164,0.1558224924437027,500-550,0.0
2964,515.3063813249913,0.1239890967094196,500-550,0.0
2965,509.24783774181253,0.14001049212674818,500-550,0.0
2966,485.35624660437435,0.22042526477192756,450-500,0.0
2967,523.4602309127248,0.10493278309487007,500-550,0.0
2968,498.0688826962198,0.1740898967826613,450-500,0.0
2969,495.39118741482383,0.18316552488237609,450-500,0.0
2970,459.56415297663034,0.33910930853016974,450-500,0.0
2971,573.9926198377734,0.03519150437624364,550-600,0.0
2972,498.1720725378389,0.17374735783157905,450-500,0.0
2973,577.5687810680442,0.032491308041179105,550-600,0.0
2974,534.4125164137756,0.08343000946727129,500-550,0.0
2975,523.8080694372818,0.10418034691604082,500-550,0.0
2976,489.70040760897245,0.20366210907067148,450-500,0.0
2977,540.327339748879,0.07355700733690589,500-550,0.0
2978,522.5061823162573,0.10702122522008904,500-550,0.0
2979,464.7960811414803,0.31256621727693223,450-500,0.0
2980,498.95382287561415,0.17116961320795487,450-500,1.0
2981,499.97254705532055,0.16785612961282462,450-500,0.0
2982,509.24783774181253,0.14001049212674818,500-550,0.0
2983,541.6943486380956,0.07143340990837571,500-550,0.0
2984,469.16905752662507,0.29127775955333945,450-500,1.0
2985,505.012366458793,0.15221376262229694,500-550,0.0
2986,561.4858979332976,0.04643481449903823,550-600,0.0
2987,501.91626919868787,0.16167636659198534,500-550,0.0
2988,531.8301823999024,0.08810739346309478,500-550,0.0
2989,483.3084021495849,0.22866325836963194,450-500,0.0
2990,544.4102029436206,0.06738148446684587,500-550,0.0
2991,529.9077772573779,0.0917419502728181,500-550,0.0
2992,517.491474082896,0.11860875996798217,500-550,0.0
2993,511.1840805499123,0.13471009996200306,500-550,0.0
2994,498.0247494993385,0.17423655967830778,450-500,1.0
2995,511.7231970521778,0.13326475531690135,500-550,1.0
2996,498.9170724325844,0.1712901113558818,450-500,0.0
2997,539.8378940477347,0.07433137331832312,500-550,0.0
2998,519.003106092795,0.11500591659267008,500-550,0.0
2999,542.4742685841923,0.07024732456309422,500-550,0.0
3000,512.558575692237,0.13105108658284179,500-550,0.0
3001,574.8996044725116,0.034486880099972604,550-600,0.0
3002,490.3544140946115,0.20122235938723365,450-500,0.0
3003,468.1635617576329,0.2960967851627289,450-500,0.0
3004,554.0630947563833,0.05464746274744254,550-600,0.0
3005,529.9344869612711,0.09169054104452527,500-550,0.0
3006,502.7802138958316,0.15898909864979457,500-550,0.0
3007,507.70789740702645,0.1443497355787113,500-550,0.0
3008,535.9742283294992,0.08071189805700807,500-550,0.0
3009,539.8378940477347,0.07433137331832312,500-550,0.0
3010,521.9485989028258,0.1082586629747747,500-550,0.0
3011,470.4600393989728,0.2851587616709289,450-500,0.0
3012,477.9359672913033,0.2512898256882049,450-500,1.0
3013,505.1026807044045,0.15194468007732403,500-550,0.0
3014,459.943533716276,0.3371476021607236,450-500,1.0
3015,491.15622115478743,0.1982611668257482,450-500,1.0
3016,498.4877896979121,0.17270263953936557,450-500,1.0
3017,526.2670954240093,0.09899591768261821,500-550,0.0
3018,506.1962653971275,0.14871736953752834,500-550,0.0
3019,474.9810817903025,0.2643515226615684,450-500,0.0
3020,553.7213659230823,0.05505679614226305,550-600,0.0
3021,500.3477972657423,0.16664856824922983,500-550,1.0
3022,502.7583105986507,0.15905677822446182,500-550,1.0
3023,524.0848669520151,0.10358499561073424,500-550,0.0
3024,503.42790120858683,0.15699833421450518,500-550,1.0
3025,518.5054181907522,0.11618147429208381,500-550,1.0
3026,452.74570453790386,0.3752576781551325,450-500,0.0
3027,495.187991535393,0.18386899002738516,450-500,1.0
3028,498.4788932359962,0.17273201004082445,450-500,0.0
3029,516.6417824739983,0.12067652405341557,500-550,0.0
3030,548.6872034273545,0.06143077618100959,500-550,0.0
3031,525.2547582124056,0.10110185839276684,500-550,0.0
3032,459.10149231631317,0.34150913345648043,450-500,0.0
3033,544.0596429869622,0.06789226366836176,500-550,0.0
3034,552.1596540073588,0.0569644652744171,550-600,0.0
3035,536.9718707968686,0.07901805922493804,500-550,0.0
3036,468.34065216477904,0.29524469981675033,450-500,0.0
3037,502.70823069282613,0.15921160921106284,500-550,0.0
3038,526.6442213351081,0.09822142548386142,500-550,0.0
3039,475.64157431086426,0.26139448479434796,450-500,0.0
3040,529.3992560608539,0.09272567522898996,500-550,0.0
3041,497.5573925397318,0.17579565986228382,450-500,0.0
3042,478.27198349090565,0.2498319747606961,450-500,0.0
3043,543.3409446898428,0.06895067533798717,500-550,0.0
3044,483.62384075855965,0.22738033843944833,450-500,0.0
3045,554.3951097991088,0.05425251244000224,550-600,0.0
3046,553.4911411084659,0.055334192693929744,550-600,0.0
3047,569.8644163134084,0.03857755849209518,550-600,0.0
3048,519.8952273985824,0.11292458819440754,500-550,0.0
3049,565.8129010680899,0.04220345473292964,550-600,0.0
3050,481.06010132253664,0.2379543117137918,450-500,0.0
3051,479.9692086337303,0.2425549241479924,450-500,0.0
3052,531.0677859671201,0.08953297585005889,500-550,0.0
3053,500.5459007783564,0.1660138759120871,500-550,1.0
3054,444.4411053902049,0.4211999632841836,<450,1.0
3055,532.3595587551013,0.08712962291549804,500-550,0.0
3056,483.21088046581065,0.2290609177413615,450-500,0.0
3057,510.0397992359508,0.13782172990691008,500-550,0.0
3058,551.2584346121969,0.058093418649075905,550-600,0.0
3059,459.31186739546945,0.3404169004870055,450-500,0.0
3060,490.19442811253714,0.20181715490603624,450-500,0.0
3061,517.8203953784607,0.11781658220667113,500-550,0.0
3062,490.4923691031107,0.20071052430413727,450-500,1.0
3063,482.07427008163074,0.23373141248795976,450-500,0.0
3064,542.6514131786581,0.06998047560935135,500-550,0.0
3065,550.6735261412788,0.05883733076604446,550-600,0.0
3066,562.6417620842874,0.04526652463472839,550-600,0.0
3067,514.1142795147623,0.12701185969095757,500-550,0.0
3068,507.0673896327204,0.14618722458968184,500-550,0.0
3069,548.4836459951204,0.06170250732081564,500-550,0.0
3070,504.97140037201655,0.1523359459432999,500-550,1.0
3071,513.7188002273176,0.12802848336611994,500-550,0.0
3072,516.7057000453982,0.12051990210068649,500-550,0.0
3073,523.6930462966819,0.10442863315222857,500-550,0.0
3074,555.3521743396714,0.05312903803812656,550-600,0.0
3075,558.9222839820012,0.04912912507930897,550-600,1.0
3076,523.0893711401624,0.10574029843245951,500-550,0.0
3077,483.72730915127715,0.2269606302770384,450-500,0.0
3078,502.8642089685593,0.15872977654832465,500-550,1.0
3079,538.8351458703511,0.07594130878651498,500-550,0.0
3080,476.5815353685366,0.25722328142876033,450-500,0.0
3081,528.2358046038714,0.09501204034706191,500-550,1.0
3082,490.4020548574992,0.20104549426392535,450-500,0.0
3083,559.8241471171003,0.04816478837396633,550-600,0.0
3084,561.9010846927658,0.04601189960710599,550-600,0.0
3085,499.4400918356579,0.1695815528537288,450-500,1.0
3086,541.4960290356659,0.07173794490750102,500-550,0.0
3087,534.4128600007955,0.08342940241310315,500-550,0.0
3088,487.97042046949286,0.21022161465651257,450-500,0.0
3089,515.2563014191668,0.12411482982077947,500-550,1.0
3090,516.9783539784978,0.1198537669580419,500-550,0.0
3091,599.4136316089405,0.01986998326116646,550-600,0.0
3092,465.5502474387685,0.3088344274407435,450-500,0.0
3093,512.3268854639435,0.13166189407702536,500-550,0.0
3094,504.18923705926716,0.15468424367819403,500-550,0.0
3095,542.586469943883,0.07007819647717801,500-550,0.0
3096,536.2677844054049,0.08021007628371311,500-550,0.0
3097,516.1705114664918,0.12183674198834056,500-550,0.0
3098,513.330700936554,0.1290328771857014,500-550,0.0
3099,533.2662303601577,0.0854777625061448,500-550,0.0
3100,520.9444704005338,0.11051883002250962,500-550,0.0
3101,514.5601053221318,0.1258740940485245,500-550,0.0
3102,512.3892525049254,0.13149723799399474,500-550,0.0
3103,498.42881333017164,0.1728974160173955,450-500,0.0
3104,547.0335442441476,0.06367098137010338,500-550,1.0
3105,535.0672436947611,0.08228049043535289,500-550,1.0
3106,556.8185688004567,0.051450192513483727,550-600,0.0
3107,507.10121735517083,0.1460896966765428,500-550,0.0
3108,518.6419556085618,0.1158579328040954,500-550,0.0
3109,568.5830091181258,0.03969078130140195,550-600,0.0
3110,568.5830091181258,0.03969078130140195,550-600,0.0
3111,516.235454701267,0.12167628995821246,500-550,0.0
3112,507.70789740702645,0.1443497355787113,500-550,0.0
3113,557.1930567219428,0.05102955868501987,550-600,0.0
3114,430.38125918378535,0.5017505078815817,<450,1.0
3115,488.967011272102,0.2064241264247798,450-500,0.0
3116,581.4211882542639,0.029806723812318733,550-600,0.0
3117,470.80698396177144,0.28352754747144293,450-500,0.0
3118,500.68636528066884,0.16556502394106407,500-550,0.0
3119,464.7804970171832,0.3126435901678856,450-500,1.0
3120,501.23869132590147,0.16380950553541246,500-550,0.0
3121,506.37963018032053,0.14818180835147754,500-550,0.0
3122,550.0663328019679,0.05961902687897672,550-600,0.0
3123,488.2833188139314,0.20902382840963468,450-500,0.0
3124,542.0733498394848,0.07085474164402808,500-550,0.0
3125,491.24653540039895,0.1979296866791521,450-500,1.0
3126,499.96762550089494,0.16787201356331158,450-500,0.0
3127,480.72337493101855,0.2393679557538907,450-500,0.0
3128,497.112885450884,0.1772886969134749,450-500,0.0
3129,498.5200479639612,0.17259617624773227,450-500,0.0
3130,490.4923691031107,0.20071052430413727,450-500,0.0
3131,520.1525089063955,0.1123304842784642,500-550,0.0
3132,565.7628211622653,0.042250251843947775,550-600,1.0
3133,497.7693337179212,0.17508726925337165,450-500,0.0
3134,489.5444293332393,0.2042472217723306,450-500,0.0
3135,495.4749590157376,0.18287611561557887,450-500,1.0
3136,583.143240813595,0.028677403430710523,550-600,0.0
3137,486.25359874797516,0.2168831660993392,450-500,0.0
3138,488.1961496544455,0.20935700977459246,450-500,0.0
3139,503.51821545419836,0.15672235711049726,500-550,0.0
3140,571.2440439416253,0.037412527179575904,550-600,0.0
3141,469.37663845898595,0.29028866073662385,450-500,1.0
3142,552.7928199565785,0.056183664121277496,550-600,0.0
3143,470.0807248504496,0.28694860794887794,450-500,0.0
3144,483.9707853213583,0.2259751564164749,450-500,0.0
3145,459.47185104761394,0.3395874244514931,450-500,1.0
3146,520.3595244544367,0.11185443628874235,500-550,0.0
3147,515.2205350605872,0.12420469360028595,500-550,1.0
3148,526.1830613252873,0.09916923498857717,500-550,1.0
3149,506.8502718827666,0.14681447680811072,500-550,0.0
3150,519.4484225149317,0.11396284835169587,500-550,0.0
3151,565.8129010680899,0.04220345473292964,550-600,0.0
3152,536.2677844054049,0.08021007628371311,500-550,0.0
3153,535.2549014007583,0.08195368377154337,500-550,0.0
3154,559.2006594537061,0.048829528635416265,550-600,0.0
3155,532.4289285363959,0.08700222506751012,500-550,0.0
3156,508.0676365212915,0.14332616040427812,500-550,0.0
3157,457.311350673886,0.3508704663396935,450-500,0.0
3158,511.60817391157804,0.13357202125561227,500-550,0.0
3159,443.52335931331106,0.42637786249334453,<450,0.0
3160,469.88387819511627,0.28788009641060985,450-500,0.0
3161,457.55482684396713,0.3495902790301484,450-500,0.0
3162,509.19775783598794,0.14014987272853774,500-550,0.0
3163,521.2314378808783,0.10986871789860876,500-550,0.0
3164,491.09976865089016,0.19846857644259686,450-500,0.0
3165,507.5598314008416,0.14477279381340635,500-550,0.0
3166,474.11359519020266,0.26826768446513144,450-500,1.0
3167,483.21088046581065,0.2290609177413615,450-500,0.0
3168,527.7029417568062,0.09607595413144832,500-550,0.0
3169,498.4350458634714,0.17287682412608749,450-500,1.0
3170,561.8510047869413,0.04606271660208005,550-600,0.0
3171,503.0186675837275,0.15825380477782472,500-550,0.0
3172,530.501597558779,0.0906050985045314,500-550,0.0
3173,436.43909619984237,0.46680796301802147,<450,1.0
3174,488.26292488063837,0.20910174392369132,450-500,0.0
3175,595.3046601296114,0.021805685038007824,550-600,0.0
3176,506.94356308667585,0.14654468634167375,500-550,1.0
3177,521.1813579750537,0.1099819297452015,500-550,1.0
3178,451.903663137941,0.37982971480415495,450-500,1.0
3179,516.6866199690085,0.12056663704768375,500-550,1.0
3180,553.6779487771614,0.05510900882046147,550-600,0.0
3181,534.1238558844176,0.08394143947149925,500-550,0.0
3182,519.8451474927579,0.11304054901353476,500-550,0.0
3183,516.1442575426563,0.12190165796396943,500-550,0.0
3184,510.27668681047084,0.13717264706879925,500-550,0.0
3185,532.9682893695842,0.08601742371618261,500-550,0.0
3186,450.7024586573275,0.3863888100814038,450-500,1.0
3187,489.092086614612,0.20595113178306554,450-500,0.0
3188,495.6957966558429,0.18211488001386703,450-500,0.0
3189,508.56274634472567,0.14192730244140084,500-550,0.0
3190,532.7558491952055,0.08640410015666145,500-550,0.0
3191,527.7530216626308,0.09597551305114277,500-550,0.0
3192,474.59298249953883,0.2660990136983959,450-500,0.0
3193,550.6512531667106,0.05886583429822313,550-600,0.0
3194,486.3439409450677,0.2165288502947561,450-500,0.0
3195,479.1115831094704,0.24621398834404523,450-500,0.0
3196,485.13125262757137,0.22131985652646993,450-500,0.0
3197,493.04513489064254,0.19141516433455863,450-500,0.0
3198,510.7441986570961,0.13589918713284427,500-550,0.0
3199,517.676644573047,0.1181622278056744,500-550,0.0
3200,510.605987644292,0.13627462062056675,500-550,0.0
3201,501.4471201735182,0.16315093398420763,500-550,1.0
3202,510.3267667162954,0.13703575546989577,500-550,0.0
3203,501.00894097693,0.16453792146251953,500-550,0.0
3204,489.5945092390639,0.204059223703973,450-500,1.0
3205,527.6048896965294,0.09627288100551444,500-550,0.0
3206,518.6392080169535,0.115864435819885,500-550,0.0
3207,522.7658232252599,0.10644926680911726,500-550,0.0
3208,498.0050067566714,0.17430220006974928,450-500,1.0
3209,545.777211832837,0.06542358459847172,500-550,0.0
3210,491.89547411510426,0.19556016530653542,450-500,0.0
3211,502.32865960811927,0.16038909559201645,500-550,0.0
3212,464.3666866871325,0.3147019078064468,450-500,1.0
3213,517.2840881444439,0.1191105968415507,500-550,0.0
3214,534.8303989343892,0.08269464992557275,500-550,0.0
3215,497.1629653567086,0.17711998955122618,450-500,0.0
3216,471.6490253617343,0.27959210504631193,450-500,0.0
3217,518.3335154828588,0.1165899336977694,500-550,1.0
3218,567.8665107624556,0.04032659848519728,550-600,0.0
3219,483.67392066438424,0.22717712643906285,450-500,0.0
3220,510.0898791417754,0.1376842939191924,500-550,0.0
3221,506.10626126291396,0.14898083236356324,500-550,0.0
3222,503.56829536002294,0.15656949609741413,500-550,0.0
3223,592.892047827188,0.023026935593582234,550-600,0.0
3224,456.6871606728979,0.35416221529545766,450-500,1.0
3225,487.684520284375,0.211320447900228,450-500,0.0
3226,496.41295767779036,0.17965979143125327,450-500,0.0
3227,528.9804383648036,0.09354297133116543,500-550,0.0
3228,512.5652384521406,0.13103355712138856,500-550,0.0
3229,509.5767590373772,0.1390979323470269,500-550,0.0
3230,481.64831851278535,0.23549866489940724,450-500,0.0
3231,485.3959732237153,0.2202675786475272,450-500,0.0
3232,521.8985189970012,0.10837041775823127,500-550,0.0
3233,515.6573913620937,0.12311089955824962,500-550,0.0
3234,538.3997928863909,0.07665019436447779,500-550,0.0
3235,524.8424761348058,0.10197085556269503,500-550,0.0
3236,482.3688390658478,0.23251466255552702,450-500,0.0
3237,526.4884171750136,0.09854073916255462,500-550,0.0
3238,472.0784939804246,0.2775978226393257,450-500,0.0
3239,466.2773956133863,0.305259788742519,450-500,1.0
3240,529.3080589022431,0.09290309288457063,500-550,0.0
3241,475.2620032261574,0.2630912167662531,450-500,1.0
3242,534.4046089248332,0.08344398163465415,500-550,0.0
3243,516.9249862124516,0.1199839017187213,500-550,0.0
3244,476.6323716464889,0.2569989332055367,450-500,1.0
3245,499.2324234588443,0.1702583186680585,450-500,0.0
3246,571.4261282291319,0.03726131425283979,550-600,0.0
3247,508.9821550172881,0.14075125748809508,500-550,0.0
3248,483.22471813138594,0.22900446299334412,450-500,0.0
3249,528.4660175022802,0.09455566754571225,500-550,0.0
3250,566.436388731484,0.04162497096460985,550-600,0.0
3251,535.3107198648423,0.08185670403161148,500-550,0.0
3252,526.3710962396111,0.09878179310986868,500-550,0.0
3253,538.9796173328489,0.07570739856832075,500-550,0.0
3254,571.8714446512687,0.036893970315023054,550-600,0.0
3255,502.8987751009632,0.15862315854577166,500-550,0.0
3256,499.2324234588443,0.1702583186680585,450-500,0.0
3257,522.9010848025437,0.10615236942691586,500-550,0.0
3258,494.7977278949564,0.18522595133730652,450-500,0.0
3259,549.5931623987171,0.060234915392083664,500-550,0.0
3260,473.3826533897943,0.27159581396400784,450-500,1.0
3261,490.8559722978591,0.19936617230572348,450-500,1.0
3262,532.3650109649959,0.08711960380574907,500-550,0.0
3263,510.0898791417754,0.1376842939191924,500-550,0.0
3264,495.4749590157376,0.18287611561557887,450-500,0.0
3265,518.4144226596,0.11639753445171948,500-550,0.0
3266,553.2061238363474,0.05567943115887934,550-600,0.0
3267,531.8301823999024,0.08810739346309478,500-550,0.0
3268,536.014806256306,0.08064236160308359,500-550,0.0
3269,472.4756687550563,0.2757613161407454,450-500,0.0
3270,500.63404395074053,0.16573210208457267,500-550,0.0
3271,477.1523368826318,0.25471160728014114,450-500,1.0
3272,512.8676607379804,0.13023999022139937,500-550,0.0
3273,497.8626249218305,0.17477616692461023,450-500,0.0
3274,548.6872034273545,0.06143077618100959,500-550,0.0
3275,530.5148812910468,0.0905798128091046,500-550,0.0
3276,491.0254356996803,0.19874192875252078,450-500,0.0
3277,517.1687825654827,0.11939040925327223,500-550,0.0
3278,518.9925155652203,0.11503082369845004,500-550,0.0
3279,508.3808162231955,0.142439989527991,500-550,1.0
3280,513.2806210307294,0.12916297088464798,500-550,0.0
3281,479.25616875497406,0.24559451626572476,450-500,0.0
3282,525.9745370599978,0.09960047559389816,500-550,0.0
3283,516.1204315606673,0.1219605963417855,500-550,0.0
3284,534.1484905901052,0.08389768238593438,500-550,1.0
3285,551.3922244383982,0.05792450339715195,550-600,0.0
3286,506.8502718827666,0.14681447680811072,500-550,0.0
3287,484.7225124757096,0.22295167651046702,450-500,1.0
3288,506.2449733169797,0.14857495066129947,500-550,0.0
3289,504.81004917334957,0.15281796622318652,500-550,0.0
3290,471.6490253617343,0.27959210504631193,450-500,1.0
3291,480.72337493101855,0.2393679557538907,450-500,0.0
3292,524.6501108372446,0.10237857901462384,500-550,0.0
3293,485.5324972370818,0.21972629361361914,450-500,0.0
3294,480.66062417209207,0.2396320311150835,450-500,0.0
3295,455.2824399412188,0.36162055394592024,450-500,1.0
3296,553.499696339046,0.05532386104769393,550-600,0.0
3297,465.29377526424446,0.310100746786625,450-500,0.0
3298,448.8953020913406,0.39633414677610573,<450,0.0
3299,513.7688801331421,0.12789936450741216,500-550,0.0
3300,514.3224613754841,0.12647948130692394,500-550,0.0
3301,498.59805043569503,0.1723389561120953,450-500,1.0
3302,551.4834590721878,0.05780958031004717,550-600,0.0
3303,536.2531724997492,0.08023498722813964,500-550,0.0
3304,501.24582855145,0.1637869187785907,500-550,0.0
3305,490.4044940004361,0.2010364421390757,450-500,0.0
3306,500.4311611009913,0.16638124743681393,500-550,0.0
3307,474.88984715651293,0.26476166227715026,450-500,1.0
3308,498.59805043569503,0.1723389561120953,450-500,0.0
3309,523.414091495846,0.1050329504150763,500-550,0.0
3310,455.608231698415,0.35988466430540916,450-500,0.0
3311,501.63392784221367,0.16256249156538102,500-550,0.0
3312,490.40923357663706,0.20101885353963614,450-500,0.0
3313,528.2821477702545,0.09492001170235922,500-550,0.0
3314,464.0764106257196,0.31615012185141117,450-500,0.0
3315,551.2083547063723,0.058156765429969996,550-600,0.0
3316,504.26994260854974,0.15444057878307899,500-550,0.0
3317,477.9598825010671,0.25118587979152035,450-500,0.0
3318,492.4969146771006,0.1933833053554906,450-500,1.0
3319,474.803259578791,0.2651512877389978,450-500,0.0
3320,454.3074164536274,0.3668371696174789,450-500,0.0
3321,497.1629653567086,0.17711998955122618,450-500,0.0
3322,546.916797471442,0.06383198301149796,500-550,0.0
3323,510.0898791417754,0.1376842939191924,500-550,0.0
3324,500.1580405902301,0.16725833752509733,500-550,0.0
3325,575.6723065179867,0.0338973276457482,550-600,1.0
3326,494.00779031487195,0.18799624704042284,450-500,0.0
3327,482.02419017580615,0.23393871262676205,450-500,0.0
3328,558.142672484576,0.04997747043840811,550-600,0.0
3329,527.7029417568062,0.09607595413144832,500-550,0.0
3330,536.2531724997492,0.08023498722813964,500-550,0.0
3331,522.4116391013994,0.10723016369716656,500-550,0.0
3332,505.07992736992196,0.15201243461758238,500-550,0.0
3333,592.8498012447253,0.02304890491963789,550-600,0.0
3334,460.9392609731628,0.3320256167989594,450-500,0.0
3335,529.757608450299,0.09203146878742413,500-550,0.0
3336,486.9147424591629,0.2142998955822239,450-500,0.0
3337,499.5667186723949,0.1691699431369172,450-500,1.0
3338,507.5107644033283,0.14491321642308516,500-550,0.0
3339,516.1204315606673,0.1219605963417855,500-550,0.0
3340,540.9111205647478,0.07264310592428964,500-550,0.0
3341,541.4960290356659,0.07173794490750102,500-550,0.0
3342,536.2620412661355,0.08021986656845655,500-550,0.0
3343,573.9425399319489,0.03523081231317875,550-600,0.0
3344,533.8733343938266,0.08438760373751561,500-550,0.0
3345,426.59010304558944,0.5236314720985003,<450,0.0
3346,568.5830091181258,0.03969078130140195,550-600,0.0
3347,505.99913239342936,0.14929492499099306,500-550,0.0
3348,551.6711686086481,0.05757380611065567,550-600,0.0
3349,481.7303601298121,0.23515756052110684,450-500,0.0
3350,504.37584097845826,0.15412132814407914,500-550,0.0
3351,505.07992736992196,0.15201243461758238,500-550,0.0
3352,550.013033620717,0.05968810634864635,550-600,0.0
3353,515.0800705582747,0.12455815421236531,500-550,0.0
3354,494.9917102643792,0.18455050244898732,450-500,1.0
3355,477.3786476493484,0.253720262178886,450-500,1.0
3356,529.2173259393237,0.0930799097944927,500-550,0.0
3357,514.0141858942357,0.1272685076474868,500-550,0.0
3358,553.4911411084659,0.055334192693929744,550-600,0.0
3359,589.273948463126,0.024984479123285785,550-600,0.0
3360,503.2744191011673,0.15746824299145257,500-550,0.0
3361,517.0774961012298,0.1196123372337931,500-550,0.0
3362,492.8082473161225,0.19226372220007415,450-500,0.0
3363,526.4127162565861,0.09869621833602005,500-550,0.0
3364,551.4979751337141,0.057791314997891544,550-600,0.0
3365,474.7427015385061,0.26542400357527784,450-500,0.0
3366,478.84295192604134,0.24736771960605752,450-500,0.0
3367,552.1596540073588,0.0569644652744171,550-600,0.0
3368,478.775484827423,0.2476580503865629,450-500,0.0
3369,507.509751495017,0.14491611641067886,500-550,0.0
3370,565.882583879066,0.04213842214139165,550-600,0.0
3371,560.3393727770423,0.04762196528915584,550-600,0.0
3372,552.8519979517774,0.05611120409742589,550-600,0.0
3373,484.7725923815342,0.22275128134867248,450-500,0.0
3374,553.4502429987092,0.05538360802472717,550-600,0.0
3375,527.5692023920537,0.09634464453814968,500-550,0.0
3376,498.39038205888147,0.17302443334429612,450-500,0.0
3377,458.3293168417534,0.3455325083853026,450-500,1.0
3378,541.6364935379784,0.07152212736785411,500-550,0.0
3379,433.8678650149999,0.481619376532608,<450,0.0
3380,511.76185179528187,0.1331616297122345,500-550,0.0
3381,498.5623263986263,0.17245672163288167,450-500,1.0
3382,510.1595619527515,0.13749325264435625,500-550,0.0
3383,508.0377644948128,0.14341092544420303,500-550,0.0
3384,506.7080135155533,0.14722666775407361,500-550,0.0
3385,506.26536341184845,0.14851536475262564,500-550,0.0
3386,503.77019589140303,0.15595445784478107,500-550,0.0
3387,444.3910254843803,0.4214820769578364,<450,0.0
3388,522.4116391013994,0.10723016369716656,500-550,0.0
3389,548.0176128174182,0.06232885384372635,500-550,0.0
3390,447.8085814253475,0.40235681942754936,<450,0.0
3391,553.4410612026413,0.05539470768114623,550-600,0.0
3392,487.63302052835576,0.21151882915624737,450-500,0.0
3393,490.056473104038,0.20233109765876442,450-500,0.0
3394,453.26903484861305,0.37242725893559386,450-500,0.0
3395,566.3699251959342,0.04168627411586609,550-600,0.0
3396,505.8240336385927,0.14980947473391892,500-550,0.0
3397,563.4403543536924,0.04447575923177379,550-600,0.0
3398,503.56829536002294,0.15656949609741413,500-550,0.0
3399,586.2237219647661,0.026759976044526415,550-600,0.0
3400,552.1095741015341,0.05702665554333785,550-600,0.0
3401,532.9702941092406,0.0860137822338472,500-550,0.0
3402,560.8288184781866,0.04711168978371714,550-600,0.0
3403,494.4873571951776,0.18631063601927347,450-500,0.0
3404,516.5917025681737,0.12079936121726274,500-550,1.0
3405,535.0699394559064,0.08227578736849786,500-550,0.0
3406,508.9746211560295,0.14077231078771726,500-550,0.0
3407,543.0076610455649,0.06944666339051472,500-550,0.0
3408,470.4600393989728,0.2851587616709289,450-500,0.0
3409,528.023373824241,0.09543490983844059,500-550,0.0
3410,488.6327161968136,0.20769226533945118,450-500,0.0
3411,494.43182507945835,0.18650522555681917,450-500,0.0
3412,467.3172324204982,0.30018855717978815,450-500,0.0
3413,519.8064927496538,0.11313012572410598,500-550,0.0
3414,529.1241891702173,0.09326172518504164,500-550,0.0
3415,507.54563441733455,0.1448134118897355,500-550,0.0
3416,512.8814984035557,0.13020377763996346,500-550,0.0
3417,477.3786476493484,0.253720262178886,450-500,0.0
3418,462.61816710271347,0.32347913672086814,450-500,0.0
3419,482.1655972355536,0.23335370279233233,450-500,0.0
3420,521.9485989028258,0.1082586629747747,500-550,0.0
3421,525.8900550378198,0.09977566369200319,500-550,1.0
3422,510.27668681047084,0.13717264706879925,500-550,1.0
3423,524.504059778064,0.10268910212341595,500-550,0.0
3424,503.0591157445707,0.15812935343306875,500-550,0.0
3425,510.3267667162954,0.13703575546989577,500-550,0.0
3426,428.97302937548136,0.5098834818082,<450,1.0
3427,483.1334834975964,0.2293768613453869,450-500,0.0
3428,518.5704030573789,0.11602738724507079,500-550,0.0
3429,502.9833868891048,0.1583624217351766,500-550,0.0
3430,471.6991052675589,0.27935910270556086,450-500,0.0
3431,511.48630947765776,0.13389821615844383,500-550,0.0
3432,528.3103413045857,0.09486406379133286,500-550,0.0
3433,546.7342763733997,0.0640844521733131,500-550,0.0
3434,459.56415297663034,0.33910930853016974,450-500,0.0
3435,479.1115831094704,0.24621398834404523,450-500,0.0
3436,505.71229423188663,0.1501385980801625,500-550,0.0
3437,566.4733935886517,0.04159087663345661,550-600,0.0
3438,509.5767590373772,0.1390979323470269,500-550,0.0
3439,488.150299251124,0.20953241761298436,450-500,0.0
3440,538.310761250685,0.07679591004943215,500-550,0.0
3441,492.8493645689087,0.1921162302730848,450-500,0.0
3442,521.6550428269201,0.10891518701465232,500-550,1.0
3443,469.63311063351,0.2890693465012493,450-500,0.0
3444,505.07992736992196,0.15201243461758238,500-550,0.0
3445,510.0397992359508,0.13782172990691008,500-550,0.0
3446,545.4037934755708,0.06595309895457167,500-550,0.0
3447,524.0939650413895,0.10356547811090636,500-550,0.0
3448,522.8555835375638,0.10625216256528394,500-550,0.0
3449,565.4867729688508,0.04250909625390602,550-600,0.0
3450,517.1687825654827,0.11939040925327223,500-550,0.0
3451,465.06746449752785,0.3112205156081198,450-500,1.0
3452,534.8878576761915,0.08259400055601929,500-550,0.0
3453,547.82378210618,0.06259110526494062,500-550,0.0
3454,537.8294963211285,0.07758798866073256,500-550,0.0
3455,478.0827340408121,0.2506523641540528,450-500,0.0
3456,492.2909685933543,0.19412662772864622,450-500,0.0
3457,510.3267667162954,0.13703575546989577,500-550,0.0
3458,484.7725923815342,0.22275128134867248,450-500,0.0
3459,522.3615591955747,0.10734098456780895,500-550,0.0
3460,487.1475510737403,0.2133955923737645,450-500,0.0
3461,490.1443482067126,0.2020036116081673,450-500,1.0
3462,503.51821545419836,0.15672235711049726,500-550,0.0
3463,537.3678255113008,0.0783548435652977,500-550,0.0
3464,507.9062853226245,0.14378450775770746,500-550,0.0
3465,528.27635197334,0.09493151667710015,500-550,0.0
3466,552.1095741015341,0.05702665554333785,550-600,0.0
3467,458.535303907972,0.34445703127042926,450-500,1.0
3468,492.6269321870791,0.1929151477642741,450-500,0.0
3469,474.4849948877195,0.26658655586062824,450-500,1.0
3470,502.8141290627347,0.15888434936189855,500-550,0.0
3471,521.9624365684011,0.10822780167588518,500-550,0.0
3472,499.2324234588443,0.1702583186680585,450-500,0.0
3473,526.8169220469806,0.09786856079161746,500-550,0.0
3474,537.6208036603997,0.07793378106882526,500-550,0.0
3475,518.986152579752,0.1150457906065253,500-550,0.0
3476,556.8185688004567,0.051450192513483727,550-600,0.0
3477,504.3200225143743,0.15428953613208551,500-550,0.0
3478,488.2671976820142,0.2090854178139441,450-500,0.0
3479,514.3259042609865,0.12647069296250188,500-550,0.0
3480,516.4607875279048,0.12112098227222959,500-550,0.0
3481,492.2247749489254,0.19436600093772036,450-500,0.0
3482,466.5790965074268,0.30378346388367017,450-500,0.0
3483,540.7919426442022,0.07282882324481306,500-550,0.0
3484,508.3435024991831,0.14254533190796792,500-550,0.0
3485,559.0997370251387,0.04893794372408548,550-600,0.0
3486,568.5329292123012,0.039734907831995424,550-600,0.0
3487,526.3541081447047,0.09881674125578721,500-550,0.0
3488,447.7663594021557,0.40259142478047777,<450,0.0
3489,519.3391646139082,0.11421799830110267,500-550,0.0
3490,513.2806210307294,0.12916297088464798,500-550,0.0
3491,467.8193647864428,0.2977569851599646,450-500,0.0
3492,467.6934587450521,0.29836561808350853,450-500,1.0
3493,475.7442335447747,0.26093680128358937,450-500,1.0
3494,478.94717263098414,0.24691967654990507,450-500,0.0
3495,463.41773400894976,0.31944955255292407,450-500,0.0
3496,465.8485430908752,0.3073652122909404,450-500,0.0
3497,464.8305769230078,0.3123949879277646,450-500,1.0
3498,494.4873571951776,0.18631063601927347,450-500,0.0
3499,478.78687745765245,0.24760900850915815,450-500,0.0
3500,483.72730915127715,0.2269606302770384,450-500,0.0
3501,465.396765331349,0.30959189462350345,450-500,1.0
3502,483.10311915028905,0.22950089577459876,450-500,1.0
3503,516.6417824739983,0.12067652405341557,500-550,1.0
3504,532.8283641932511,0.08627193420320903,500-550,0.0
3505,520.043251005372,0.1125824439230958,500-550,1.0
3506,490.4044940004361,0.2010364421390757,450-500,0.0
3507,540.2772598430545,0.07363589784664346,500-550,0.0
3508,511.76185179528187,0.1331616297122345,500-550,0.0
3509,547.1254915116309,0.06354444641544048,500-550,0.0
3510,508.4620637043147,0.14221083996658002,500-550,0.0
3511,492.3661820086728,0.19385490839757646,450-500,0.0
3512,508.81162586097753,0.14122844452641928,500-550,0.0
3513,489.9651930654508,0.20267169236201305,450-500,0.0
3514,477.1523368826318,0.25471160728014114,450-500,0.0
3515,480.7152348412303,0.23940220060780631,450-500,0.0
3516,505.169714123272,0.15174521304780092,500-550,0.0
3517,461.12179505747514,0.33109091865550705,450-500,0.0
3518,540.7919426442022,0.07282882324481306,500-550,0.0
3519,501.15324391466254,0.16408011043056428,500-550,0.0
3520,534.8538114578314,0.08265362519529731,500-550,0.0
3521,502.70823069282613,0.15921160921106284,500-550,0.0
3522,510.3267667162954,0.13703575546989577,500-550,0.0
3523,532.7547250128644,0.08640615053556355,500-550,0.0
3524,524.6501108372446,0.10237857901462384,500-550,0.0
3525,503.56829536002294,0.15656949609741413,500-550,1.0
3526,533.4666102627805,0.08511654205006171,500-550,0.0
3527,512.117624235201,0.13221564595621,500-550,0.0
3528,478.0827340408121,0.2506523641540528,450-500,1.0
3529,549.5292448273173,0.060318566971761876,500-550,0.0
3530,529.1241891702173,0.09326172518504164,500-550,0.0
3531,469.291678332673,0.2906932458059284,450-500,0.0
3532,480.2558644234319,0.24134018033078233,450-500,0.0
3533,557.5582404780814,0.0506225108018987,550-600,0.0
3534,479.1319068099684,0.24612684865037385,450-500,0.0
3535,543.0577409513894,0.06937192495380051,500-550,1.0
3536,510.6471987837303,0.13616258423885697,500-550,0.0
3537,490.35915367081253,0.20120475861822615,450-500,1.0
3538,544.0292553623559,0.06793670828055066,500-550,0.0
3539,530.7359809917655,0.09015987977327969,500-550,0.0
3540,578.650567902772,0.03171470295395567,550-600,0.0
3541,485.1705062309057,0.22116359450701845,450-500,0.0
3542,507.5107644033283,0.14491321642308516,500-550,0.0
3543,489.70040760897245,0.20366210907067148,450-500,0.0
3544,490.43570060172505,0.20092065540248527,450-500,1.0
3545,486.27629047607104,0.21679413131487993,450-500,0.0
3546,473.321454125095,0.2718756387158804,450-500,0.0
3547,536.7280744438375,0.07942896175785596,500-550,0.0
3548,574.9635220439114,0.03443773977595815,550-600,0.0
3549,521.8985189970012,0.10837041775823127,500-550,0.0
3550,552.4049597684522,0.05666075903013596,550-600,0.0
3551,517.1187026596581,0.11951211520554769,500-550,0.0
3552,601.0795999202334,0.019134036363676565,600-650,0.0
3553,514.818365906226,0.12521900107358203,500-550,0.0
3554,540.2563932837622,0.07366879176631828,500-550,0.0
3555,521.8620113251039,0.10845194955725154,500-550,0.0
3556,513.330700936554,0.1290328771857014,500-550,0.0
3557,579.2772597332767,0.03127305131573136,550-600,0.0
3558,532.3650109649959,0.08711960380574907,500-550,0.0
3559,521.2025317128534,0.1099340514110643,500-550,0.0
3560,526.5941414292835,0.0983239613383115,500-550,0.0
3561,500.95886107110545,0.16469704301921206,500-550,0.0
3562,488.8391084655131,0.20690864431790998,450-500,0.0
3563,540.4648965006658,0.07334071542024813,500-550,0.0
3564,581.0303121220425,0.030069001295832298,550-600,0.0
3565,530.530546722652,0.09055000169390717,500-550,0.0
3566,476.39472769984116,0.2580487909950115,450-500,0.0
3567,560.3769359957415,0.047582618147869134,550-600,0.0
3568,554.0630947563833,0.05464746274744254,550-600,0.0
3569,501.4471201735182,0.16315093398420763,500-550,0.0
3570,517.1187026596581,0.11951211520554769,500-550,0.0
3571,509.71722353968966,0.13870974939940306,500-550,0.0
3572,522.9322914038327,0.10608397502840153,500-550,1.0
3573,522.3615591955747,0.10734098456780895,500-550,0.0
3574,497.1629653567086,0.17711998955122618,450-500,0.0
3575,464.6926789398853,0.31307978912897155,450-500,1.0
3576,464.3666866871325,0.3147019078064468,450-500,0.0
3577,483.50563956724085,0.22786047847553637,450-500,0.0
3578,494.7653994976626,0.18533870470066321,450-500,0.0
3579,509.759163355726,0.1385940222665008,500-550,0.0
3580,449.9286893166254,0.39063603195014746,<450,0.0
3581,520.1525089063955,0.1123304842784642,500-550,0.0
3582,501.6574952526745,0.16248837606821412,500-550,0.0
3583,479.161663015295,0.24599930371799086,450-500,1.0
3584,516.191479588236,0.12178491717957395,500-550,0.0
3585,489.5945092390639,0.204059223703973,450-500,0.0
3586,521.3165889949994,0.10967645773497679,500-550,0.0
3587,517.5632831702627,0.11843542176800116,500-550,0.0
3588,498.4877896979121,0.17270263953936557,450-500,0.0
3589,542.4891268045545,0.07022490618682072,500-550,0.0
3590,432.30615309927634,0.4906329878381566,<450,0.0
3591,522.5061823162573,0.10702122522008904,500-550,0.0
3592,517.8203953784607,0.11781658220667113,500-550,0.0
3593,507.4760597999278,0.14501260423530937,500-550,0.0
3594,556.1967252334475,0.05215591326769111,550-600,0.0
3595,484.40747116723117,0.22421526381925896,450-500,0.0
3596,535.0699394559064,0.08227578736849786,500-550,1.0
3597,474.84859990841466,0.26494722031408563,450-500,0.0
3598,493.31398734135007,0.1904555713693181,450-500,0.0
3599,508.817375992238,0.14121233209465475,500-550,0.0
3600,623.4909631198473,0.011489343146106981,600-650,0.0
3601,552.1596540073588,0.0569644652744171,550-600,1.0
3602,494.52851192314256,0.1861665271619209,450-500,0.0
3603,471.88591293625433,0.27849100906786617,450-500,0.0
3604,477.5654553180439,0.2529038797826298,450-500,0.0
3605,498.4877896979121,0.17270263953936557,450-500,0.0
3606,474.88984715651293,0.26476166227715026,450-500,0.0
3607,513.9792552122984,0.12735817689197573,500-550,0.0
3608,475.3919795224575,0.26250940935718853,450-500,0.0
3609,503.51821545419836,0.15672235711049726,500-550,0.0
3610,564.8034901308026,0.04315632863007055,550-600,0.0
3611,472.1463679212352,0.2772834455856754,450-500,0.0
3612,511.65678840372556,0.1334420823609683,500-550,1.0
3613,471.5890482792803,0.2798713115360733,450-500,0.0
3614,482.63734476455016,0.23140942235362585,450-500,0.0
3615,552.7700666220959,0.05621154767595616,550-600,0.0
3616,483.15395542824126,0.2292932627342921,450-500,0.0
3617,546.7510035901448,0.06406127587550987,500-550,0.0
3618,496.92607778218854,0.1779191199647671,450-500,0.0
3619,537.2577664009764,0.07853867740774295,500-550,0.0
3620,478.77800869126617,0.24764718534316008,450-500,0.0
3621,511.5541834184683,0.13371645476740052,500-550,0.0
3622,562.5778445128875,0.0453303914772603,550-600,0.0
3623,517.522099726354,0.11853480664094572,500-550,0.0
3624,536.4155233735551,0.07995860144025488,500-550,0.0
3625,503.0745840477156,0.15808178140363138,500-550,1.0
3626,485.5715961738326,0.2195714518246828,450-500,1.0
3627,555.8236220942325,0.05258372310917478,550-600,0.0
3628,491.8674770996431,0.19566194834869802,450-500,0.0
3629,495.09470033148375,0.1841926650163353,450-500,1.0
3630,521.6180438209267,0.10899818106089737,500-550,0.0
3631,478.4074967180067,0.24924563132452007,450-500,0.0
3632,496.41295767779036,0.17965979143125327,450-500,0.0
3633,479.161663015295,0.24599930371799086,450-500,0.0
3634,562.2370482864906,0.0456723684827804,550-600,0.0
3635,476.3758994719648,0.25813208937108995,450-500,1.0
3636,460.1539087954323,0.3360621994293607,450-500,0.0
3637,541.4960290356659,0.07173794490750102,500-550,1.0
3638,509.62683894320173,0.13895942884181534,500-550,0.0
3639,484.3983307563459,0.22425200064461998,450-500,0.0
3640,495.5965579968346,0.1824566542375601,450-500,0.0
3641,464.8305769230078,0.3123949879277646,450-500,0.0
3642,536.3654434677304,0.08004376451834237,500-550,0.0
3643,471.7114502558578,0.27930168454338633,450-500,1.0
3644,622.5338985792846,0.011743218789055862,600-650,0.0
3645,487.3028417499265,0.21279394146927993,450-500,0.0
3646,491.24653540039895,0.1979296866791521,450-500,0.0
3647,479.5943660507111,0.24414963172599574,450-500,0.0
3648,451.99153824061557,0.3793515651518625,450-500,0.0
3649,498.9613100434236,0.17114507236916263,450-500,0.0
3650,531.2325962463018,0.08922305061920514,500-550,0.0
3651,507.509751495017,0.14491611641067886,500-550,0.0
3652,487.5199594998803,0.21195482731420703,450-500,0.0
3653,470.2487428732356,0.2861549644920733,450-500,1.0
3654,539.7878141419102,0.07441102763599186,500-550,0.0
3655,511.888478632019,0.13282427947281833,500-550,0.0
3656,525.693615624143,0.10018407436055912,500-550,0.0
3657,532.3237637168977,0.0871954266104557,500-550,0.0
3658,494.775031242644,0.18530510603916356,450-500,1.0
3659,548.7695415992281,0.06132118000297979,500-550,0.0
3660,561.1565970994764,0.04677287182346221,550-600,0.0
3661,529.1241891702173,0.09326172518504164,500-550,0.0
3662,536.2620412661355,0.08021986656845655,500-550,0.0
3663,561.4518821597676,0.046469626860000994,550-600,0.0
3664,514.6121081318366,0.1257419504490773,500-550,1.0
3665,584.6562448094663,0.027719532952022955,550-600,0.0
3666,483.9707853213583,0.2259751564164749,450-500,1.0
3667,503.50072986788393,0.1567757577152504,500-550,0.0
3668,508.6629292708944,0.14164564064365667,500-550,0.0
3669,489.40174582305247,0.2047835560632964,450-500,0.0
3670,511.81193170110646,0.1330281237731068,500-550,1.0
3671,488.66640775364056,0.20756419732603745,450-500,0.0
3672,550.8222729616047,0.058647305584772845,550-600,0.0
3673,584.6620100490425,0.027715943139951047,550-600,0.0
3674,529.1881067416173,0.09313691529675733,500-550,0.0
3675,476.08273197636873,0.25943135825901115,450-500,0.0
3676,459.2063255130408,0.34096464558231304,450-500,0.0
3677,540.6086473060794,0.07311531001742086,500-550,0.0
3678,483.51168561173057,0.22783590176120247,450-500,0.0
3679,479.94274160864234,0.24266729118820146,450-500,1.0
3680,521.8620113251039,0.10845194955725154,500-550,1.0
3681,488.24622956027,0.2091655447005432,450-500,0.0
3682,477.3285677435239,0.2539394155930716,450-500,1.0
3683,491.19645549457437,0.1981134432438836,450-500,0.0
3684,553.9309269262603,0.05480543632767209,550-600,0.0
3685,536.1618860354963,0.0803907758656047,500-550,0.0
3686,503.604328588349,0.15645958547775526,500-550,0.0
3687,502.389561235424,0.16019969625622404,500-550,0.0
3688,474.2323315942489,0.26772949844229493,450-500,0.0
3689,522.1177628425437,0.10788191706003919,500-550,0.0
3690,556.395038984703,0.05192986225103541,550-600,0.0
3691,554.8342992876208,0.053734204911512894,550-600,0.0
3692,502.5644798874125,0.15965671923848487,500-550,0.0
3693,446.61423577282466,0.40901003693719884,<450,1.0
3694,486.0999208642713,0.21748684267780516,450-500,0.0
3695,477.9598825010671,0.25118587979152035,450-500,0.0
3696,499.5166387665704,0.16933263631555137,450-500,0.0
3697,574.9635220439114,0.03443773977595815,550-600,0.0
3698,574.8996044725116,0.034486880099972604,550-600,0.0
3699,472.1820919583039,0.2771180679310199,450-500,0.0
3700,538.8865947467484,0.07585793321648743,500-550,0.0
3701,484.63836404092467,0.22328868657983195,450-500,0.0
3702,506.6381771565972,0.1474293674392833,500-550,1.0
3703,541.8181051994858,0.07124397731461717,500-550,0.0
3704,556.4699418192306,0.05184472426944857,550-600,0.0
3705,501.00894097693,0.16453792146251953,500-550,0.0
3706,536.2030925939246,0.08032041898261581,500-550,0.0
3707,481.9687505802202,0.23416834750248816,450-500,0.0
3708,498.39038205888147,0.17302443334429612,450-500,0.0
3709,508.4620637043147,0.14221083996658002,500-550,0.0
3710,464.7804970171832,0.3126435901678856,450-500,0.0
3711,500.95886107110545,0.16469704301921206,500-550,0.0
3712,547.7528922212744,0.06268727564356193,500-550,0.0
3713,505.6000186828953,0.1504698999965095,500-550,0.0
3714,563.1824918880485,0.0447296438502743,550-600,0.0
3715,528.0734537300657,0.09533506824625983,500-550,1.0
3716,548.5475635665202,0.06161706230377875,500-550,0.0
3717,468.02131881196186,0.29678222970796575,450-500,0.0
3718,585.1721516845244,0.027400077840821182,550-600,0.0
3719,558.142672484576,0.04997747043840811,550-600,0.0
3720,515.9885813449616,0.12228719824063075,500-550,0.0
3721,537.6663049253796,0.07785826787598403,500-550,0.0
3722,549.5292448273173,0.060318566971761876,500-550,0.0
3723,521.1813579750537,0.1099819297452015,500-550,0.0
3724,483.0735064151424,0.22962190531724005,450-500,1.0
3725,551.2995893401619,0.05804140992215049,550-600,0.0
3726,484.1633663655286,0.2251978300220935,450-500,0.0
3727,509.19775783598794,0.14014987272853774,500-550,0.0
3728,491.09976865089016,0.19846857644259686,450-500,0.0
3729,522.5160178107429,0.10699950957794573,500-550,0.0
3730,459.1666186655153,0.34117082770964274,450-500,0.0
3731,519.0716065990933,0.1148449284461543,500-550,0.0
3732,466.7580795409374,0.30290954392237596,450-500,0.0
3733,513.371855664519,0.12892605218995423,500-550,0.0
3734,505.1300072757465,0.15186334018550382,500-550,0.0
3735,500.25813421075674,0.16693647203687678,500-550,0.0
3736,519.8952273985824,0.11292458819440754,500-550,0.0
3737,510.8500970270046,0.13561211713287122,500-550,0.0
3738,530.1421553380846,0.09129171628966871,500-550,1.0
3739,526.1128356555168,0.09931427997377397,500-550,1.0
3740,515.284494953498,0.12404403226953568,500-550,1.0
3741,491.1061412489629,0.1984451549935639,450-500,0.0
3742,466.39228883873136,0.3046971029430167,450-500,1.0
3743,515.0800705582747,0.12455815421236531,500-550,0.0
3744,462.5081101144349,0.3240358659851478,450-500,0.0
3745,497.1541063699715,0.1771498242082609,450-500,0.0
3746,511.65159105749893,0.13345596894341272,500-550,0.0
3747,542.3536545599258,0.07042955436003705,500-550,0.0
3748,474.88984715651293,0.26476166227715026,450-500,0.0
3749,536.6915779926352,0.07949064185639632,500-550,0.0
3750,578.5258456086069,0.031803316157764,550-600,0.0
3751,506.99364299250044,0.14640002884600112,500-550,0.0
3752,482.35133760902227,0.23258683074510977,450-500,0.0
3753,526.3885055327116,0.0987459898874532,500-550,0.0
3754,529.1241891702173,0.09326172518504164,500-550,0.0
3755,506.552330892193,0.1476788519862676,500-550,0.0
3756,484.25668550647606,0.22482184326127327,450-500,1.0
3757,498.23415235985345,0.17354154024544818,450-500,0.0
3758,533.9234142996511,0.0842982424993879,500-550,0.0
3759,490.71492611073165,0.19988685875495674,450-500,0.0
3760,537.7263455428284,0.07775872791900713,500-550,0.0
3761,498.0398093471592,0.1741865020235641,450-500,0.0
3762,547.9675329115937,0.06239651311998127,500-550,0.0
3763,491.19645549457437,0.1981134432438836,450-500,0.0
3764,492.3161021028483,0.1940357971435571,450-500,0.0
3765,520.043251005372,0.1125824439230958,500-550,0.0
3766,474.1891202961642,0.2679252791844489,450-500,0.0
3767,536.0648861621305,0.08055661741273135,500-550,0.0
3768,486.8646625533383,0.2144947857928517,450-500,0.0
3769,549.4819170941113,0.060380576779389836,500-550,0.0
3770,502.9833868891048,0.1583624217351766,500-550,0.0
3771,477.5385999090992,0.25302113563471174,450-500,1.0
3772,496.0751773954886,0.1808128949603952,450-500,0.0
3773,542.5655957381152,0.07010963293212709,500-550,0.0
3774,542.9418220626691,0.0695450337886946,500-550,0.0
3775,479.8926617028178,0.2428800046382283,450-500,0.0
3776,526.0279530209423,0.09948984956894225,500-550,0.0
3777,495.99898920507655,0.18107377950187048,450-500,0.0
3778,474.9744931947414,0.26438112764286215,450-500,0.0
3779,510.9968637765134,0.13521510632683958,500-550,0.0
3780,491.4333430690944,0.19724537216093868,450-500,0.0
3781,544.308522503214,0.06752926854812931,500-550,0.0
3782,486.45170226058923,0.21610676596157513,450-500,1.0
3783,542.4938073715953,0.07021784542490488,500-550,0.0
3784,464.2597754089126,0.3152348808402258,450-500,1.0
3785,508.90967792125434,0.14095390320229714,500-550,0.0
3786,498.2753589182817,0.1734050316395878,450-500,1.0
3787,463.8518680394985,0.31727283941162776,450-500,0.0
3788,527.7448815728426,0.09599183255829999,500-550,1.0
3789,485.2356325801078,0.22090451171998207,450-500,0.0
3790,498.2950539871582,0.17333981602129772,450-500,0.0
3791,497.2486121096506,0.1768317579060807,450-500,0.0
3792,492.2144216624418,0.1944034613259281,450-500,0.0
3793,535.974571916519,0.08071130903881514,500-550,0.0
3794,465.06746449752785,0.3112205156081198,450-500,0.0
3795,530.1699942108828,0.09123837082019619,500-550,0.0
3796,547.9675329115937,0.06239651311998127,500-550,0.0
3797,583.143240813595,0.028677403430710523,550-600,0.0
3798,547.1254915116309,0.06354444641544048,500-550,1.0
3799,486.56986727282344,0.21564461736627635,450-500,0.0
3800,520.1024290005709,0.11244591235347241,500-550,0.0
3801,527.080947870651,0.09733128383115994,500-550,0.0
3802,543.3409446898428,0.06895067533798717,500-550,0.0
3803,510.0401122656324,0.13782087049106231,500-550,0.0
3804,534.6494039882957,0.08301242506427163,500-550,0.0
3805,555.0965162411256,0.053426981009969836,550-600,0.0
3806,520.9444704005338,0.11051883002250962,500-550,0.0
3807,490.3544140946115,0.20122235938723365,450-500,0.0
3808,509.59884777891483,0.1390368283513088,500-550,0.0
3809,513.371855664519,0.12892605218995423,500-550,0.0
3810,484.02086522718287,0.2257728332670972,450-500,0.0
3811,462.61816710271347,0.32347913672086814,450-500,0.0
3812,492.8082473161225,0.19226372220007415,450-500,0.0
3813,559.5432256812454,0.04846322664210885,550-600,0.0
3814,562.186968380666,0.04572282846136034,550-600,0.0
3815,491.4333430690944,0.19724537216093868,450-500,0.0
3816,494.437277289353,0.18648611358952003,450-500,0.0
3817,543.0577409513894,0.06937192495380051,500-550,1.0
3818,502.70823069282613,0.15921160921106284,500-550,0.0
3819,531.8913651347577,0.08799388290233241,500-550,0.0
3820,499.38587787073425,0.16975802277870547,450-500,0.0
3821,529.1241891702173,0.09326172518504164,500-550,0.0
3822,520.1024290005709,0.11244591235347241,500-550,0.0
3823,534.9876012840327,0.08241954628709439,500-550,0.0
3824,504.2687338307476,0.15444422599019983,500-550,1.0
3825,453.07500537172496,0.37347565449587183,450-500,1.0
3826,541.3021983244276,0.07203674405276132,500-550,0.0
3827,542.6425541919211,0.06999379840725183,500-550,0.0
3828,538.6026911296652,0.07631906312277083,500-550,0.0
3829,466.855487179968,0.3024345297837475,450-500,0.0
3830,528.0989140385184,0.09528434524743466,500-550,0.0
3831,507.4365178644451,0.14512591428690763,500-550,0.0
3832,533.4599355866692,0.08512855202045408,500-550,0.0
3833,490.40923357663706,0.20101885353963614,450-500,0.0
3834,551.6711686086481,0.05757380611065567,550-600,0.0
3835,567.3803782233897,0.04076353411446523,550-600,0.0
3836,475.07065973076527,0.26394922684259636,450-500,1.0
3837,508.73471763741435,0.14144409661048737,500-550,0.0
3838,508.85959801542975,0.14109406888659107,500-550,0.0
3839,551.3922244383982,0.05792450339715195,550-600,0.0
3840,502.0041443013625,0.16140136834057578,500-550,0.0
3841,533.3163102659823,0.08538735451447357,500-550,0.0
3842,511.60151115167434,0.13358983810192113,500-550,0.0
3843,553.4911411084659,0.055334192693929744,550-600,0.0
3844,509.5767590373772,0.1390979323470269,500-550,0.0
3845,554.1398651591097,0.05455590000944263,550-600,0.0
3846,505.19144330481413,0.1516806010814282,500-550,0.0
3847,468.77203305800185,0.2931750513799801,450-500,1.0
3848,507.1456575496846,0.1459616541689588,500-550,0.0
3849,529.4905425251067,0.09254838852975233,500-550,0.0
3850,442.70301914340934,0.43101993762701923,<450,1.0
3851,530.0318946003017,0.09150327609165439,500-550,0.0
3852,548.6388500307731,0.061495222230875266,500-550,0.0
3853,532.3650109649959,0.08711960380574907,500-550,0.0
3854,511.65159105749893,0.13345596894341272,500-550,0.0
3855,490.54244900893525,0.20052496124267946,450-500,0.0
3856,512.9088154659454,0.13013231518428653,500-550,1.0
3857,448.4738886791218,0.3986660246960575,<450,1.0
3858,508.64813005969245,0.14168721885661534,500-550,0.0
3859,497.06524732645755,0.17744929546268082,450-500,1.0
3860,541.114018808022,0.07232792944300055,500-550,0.0
3861,534.8538114578314,0.08265362519529731,500-550,0.0
3862,493.7365504290043,0.18895479438099377,450-500,0.0
3863,523.6602991247045,0.10449941595940818,500-550,0.0
3864,485.5324972370818,0.21972629361361914,450-500,1.0
3865,537.5583699194378,0.0780375042539675,500-550,0.0
3866,497.9968666668832,0.174329269804523,450-500,1.0
3867,458.72685115286845,0.3434583733123049,450-500,0.0
3868,551.2512973866484,0.058102442668924004,550-600,0.0
3869,508.4347371329727,0.1422878772056506,500-550,0.0
3870,458.535303907972,0.34445703127042926,450-500,1.0
3871,525.3238666294786,0.10095683830946832,500-550,0.0
3872,445.4699544588632,0.4154158128216882,<450,1.0
3873,483.67392066438424,0.22717712643906285,450-500,0.0
3874,552.9738623856977,0.05596226495334721,550-600,0.0
3875,531.6609245735323,0.08842210203867713,500-550,0.0
3876,476.56742841171365,0.25728556026147875,450-500,0.0
3877,605.3186409835396,0.01737987444948695,600-650,0.0
3878,513.37364361683,0.1289214129248615,500-550,0.0
3879,569.0974235549835,0.03924023081261668,550-600,0.0
3880,509.80680148015244,0.1384626697270739,500-550,0.0
3881,452.6346618254638,0.375859355361576,450-500,1.0
3882,501.6574952526745,0.16248837606821412,500-550,0.0
3883,511.13847095310075,0.13483298228240045,500-550,0.0
3884,564.2725759914184,0.04366571711341197,550-600,0.0
3885,545.9242916120274,0.06521610996040697,500-550,0.0
3886,471.88591293625433,0.27849100906786617,450-500,1.0
3887,552.8201465279204,0.056150193389606556,550-600,0.0
3888,500.5549988677308,0.165984773624512,500-550,0.0
3889,510.9541674259389,0.13533050067763325,500-550,0.0
3890,528.1383969648408,0.09520573360750326,500-550,0.0
3891,421.5461050553759,0.5525891470534917,<450,0.0
3892,511.5541834184683,0.13371645476740052,500-550,0.0
3893,535.3198446355335,0.0818408604778709,500-550,0.0
3894,587.0370019370482,0.026274919477322262,550-600,0.0
3895,491.10863741727644,0.19843598129928613,450-500,0.0
3896,560.9166935808612,0.047020626894665594,550-600,0.0
3897,526.3788380726869,0.09876587015356084,500-550,0.0
3898,524.6501108372446,0.10237857901462384,500-550,0.0
3899,561.7358031129247,0.046179816675119695,550-600,0.0
3900,509.73025454923993,0.13867378344862114,500-550,0.0
3901,540.4009789292659,0.0734411453939442,500-550,0.0
3902,479.161663015295,0.24599930371799086,450-500,1.0
3903,527.7029417568062,0.09607595413144832,500-550,0.0
3904,545.9185263724512,0.06522423102243295,500-550,0.0
3905,481.69839841860994,0.2352904070101199,450-500,1.0
3906,541.4960290356659,0.07173794490750102,500-550,0.0
3907,495.94560071818364,0.18125676766391355,450-500,0.0
3908,509.71861049571555,0.138705920989876,500-550,0.0
3909,436.2022086253223,0.46817049347432543,<450,0.0
3910,587.1249413599279,0.026222985976646705,550-600,0.0
3911,497.06180444095514,0.17746090660337216,450-500,1.0
3912,527.14012586585,0.0972112216616823,500-550,0.0
3913,448.6241886759199,0.3978338109056544,<450,0.0
3914,464.7804970171832,0.3126435901678856,450-500,1.0
3915,476.39472769984116,0.2580487909950115,450-500,0.0
3916,536.9718707968686,0.07901805922493804,500-550,0.0
3917,511.76185179528187,0.1331616297122345,500-550,0.0
3918,481.3647105635557,0.23668045710701704,450-500,0.0
3919,509.00404138878145,0.14069011117677716,500-550,0.0
3920,496.25603760908496,0.1801947643608933,450-500,1.0
3921,514.8862398470364,0.12504732033150853,500-550,0.0
3922,444.4411053902049,0.4211999632841836,<450,0.0
3923,449.9939872129338,0.39027696061824874,<450,0.0
3924,536.0648861621305,0.08055661741273135,500-550,0.0
3925,511.20952575004924,0.13464158607611548,500-550,0.0
3926,530.1922352439093,0.09119577220907671,500-550,0.0
3927,592.8359635791498,0.02305610531567281,550-600,0.0
3928,466.39228883873136,0.3046971029430167,450-500,0.0
3929,477.1523368826318,0.25471160728014114,450-500,0.0
3930,494.4873571951776,0.18631063601927347,450-500,1.0
3931,513.662131725932,0.12817472341969494,500-550,0.0
3932,530.3975271598447,0.09080341740245979,500-550,0.0
3933,529.1898532003389,0.09313350714460383,500-550,0.0
3934,558.168117684713,0.04994956406806513,550-600,0.0
3935,543.493454578621,0.06872480779570402,500-550,0.0
3936,536.8193609080904,0.07927487633548894,500-550,0.0
3937,467.76556729452204,0.29801695607024487,450-500,0.0
3938,492.8082473161225,0.19226372220007415,450-500,1.0
3939,541.4459491298413,0.07181503568991837,500-550,0.0
3940,503.1306682957537,0.1579093944489442,500-550,0.0
3941,536.0682105548973,0.08055092850674883,500-550,0.0
3942,510.7441986570961,0.13589918713284427,500-550,0.0
3943,484.02086522718287,0.2257728332670972,450-500,1.0
3944,437.7639205410459,0.4591975273335304,<450,0.0
3945,481.64831851278535,0.23549866489940724,450-500,0.0
3946,557.2431366277673,0.05097355500034264,550-600,0.0
3947,514.0323481850808,0.12722190522405316,500-550,0.0
3948,512.4393324107499,0.13136514786745362,500-550,0.0
3949,528.6805577637344,0.09413213236342775,500-550,0.0
3950,571.4924434498795,0.03720638848678625,550-600,0.0
3951,540.0945243649219,0.07392442071139863,500-550,1.0
3952,553.4410612026413,0.05539470768114623,550-600,0.0
3953,471.6613703500333,0.27953465757041035,450-500,1.0
3954,479.8926617028178,0.2428800046382283,450-500,0.0
3955,529.1241891702173,0.09326172518504164,500-550,0.0
3956,486.40291731280814,0.2162977751590245,450-500,0.0
3957,510.57932484291973,0.13634714732699102,500-550,0.0
3958,547.9675329115937,0.06239651311998127,500-550,0.0
3959,493.35378382923284,0.19031384205082763,450-500,0.0
3960,572.9703560691596,0.03600231598992775,550-600,0.0
3961,523.048160000724,0.10583036965457816,500-550,1.0
3962,522.3852424271878,0.10728856384269038,500-550,0.0
3963,567.2997101492859,0.040836475694582715,550-600,0.0
3964,510.0898791417754,0.1376842939191924,500-550,0.0
3965,517.1187026596581,0.11951211520554769,500-550,0.0
3966,561.6846975437248,0.04623185506902645,550-600,0.0
3967,500.95886107110545,0.16469704301921206,500-550,0.0
3968,533.9267228807195,0.08429234178283042,500-550,0.0
3969,522.3615591955747,0.10734098456780895,500-550,0.0
3970,562.9596704261413,0.044950140057253306,550-600,0.0
3971,503.56829536002294,0.15656949609741413,500-550,1.0
3972,486.2494352053886,0.21689950532420402,450-500,0.0
3973,514.1142795147623,0.12701185969095757,500-550,0.0
3974,516.1420357568516,0.12190715296265575,500-550,0.0
3975,464.7804970171832,0.3126435901678856,450-500,1.0
3976,508.4620637043147,0.14221083996658002,500-550,1.0
3977,551.6210887028236,0.05763662096180226,550-600,0.0
3978,509.875238451456,0.13827415143574576,500-550,0.0
3979,560.2892928712176,0.04767447162762067,550-600,0.0
3980,471.20539395525145,0.28166133288503914,450-500,0.0
3981,533.4988464723405,0.08505855997921367,500-550,0.0
3982,482.5182145177952,0.2318993401972563,450-500,0.0
3983,528.4201027787536,0.09464653163891058,500-550,0.0
3984,493.3818612821607,0.19021389689513576,450-500,0.0
3985,498.39038205888147,0.17302443334429612,450-500,0.0
3986,477.3285677435239,0.2539394155930716,450-500,0.0
3987,508.42181929297584,0.14232430642984006,500-550,0.0
3988,508.0175566154669,0.14346829110760834,500-550,0.0
3989,592.8359635791498,0.02305610531567281,550-600,0.0
3990,526.9109802626679,0.09767685535872483,500-550,0.0
3991,476.56742841171365,0.25728556026147875,450-500,0.0
3992,510.95186703390965,0.13533672024686455,500-550,0.0
3993,465.9477817498836,0.30687728834376515,450-500,0.0
3994,481.61122988305715,0.23565298059947598,450-500,0.0
3995,542.823357518403,0.06972235708363414,500-550,0.0
3996,507.509751495017,0.14491611641067886,500-550,0.0
3997,541.4459491298413,0.07181503568991837,500-550,0.0
3998,484.68557966083875,0.2230995458198224,450-500,0.0
3999,452.18288406593757,0.3783112176013357,450-500,0.0
4000,439.53182327249243,0.44907200859037527,<450,0.0
4001,491.5865705112476,0.1966854022405528,450-500,0.0
4002,458.6355239989456,0.3439343479631234,450-500,1.0
4003,523.7431262025066,0.10432046766310481,500-550,0.0
4004,484.7225124757096,0.22295167651046702,450-500,0.0
4005,513.2806210307294,0.12916297088464798,500-550,0.0
4006,451.66677556342097,0.3811198375539003,450-500,0.0
4007,465.3704109786483,0.30972206206421693,450-500,0.0
4008,528.7485581562831,0.09399824443022362,500-550,0.0
4009,545.2680322173848,0.06614659642329306,500-550,0.0
4010,484.5882841351001,0.22348942619458792,450-500,0.0
4011,482.8318792644214,0.23061096408242543,450-500,1.0
4012,498.42881333017164,0.1728974160173955,450-500,1.0
4013,486.8067548473435,0.21472029913567794,450-500,0.0
4014,520.9945503063583,0.11040513406555384,500-550,0.0
4015,424.68001557193463,0.5346266728441974,<450,1.0
4016,506.0926626999759,0.14902067195323307,500-550,0.0
4017,582.9829001699875,0.02878077702776852,550-600,0.0
4018,536.014806256306,0.08064236160308359,500-550,0.0
4019,444.4411053902049,0.4211999632841836,<450,0.0
4020,536.2677844054049,0.08021007628371311,500-550,0.0
4021,504.05804950983884,0.15508099313425253,500-550,0.0
4022,482.3187591600232,0.2327212112863437,450-500,0.0
4023,529.1397732945144,0.09323128071638592,500-550,1.0
4024,433.1481944992392,0.48577191221148547,<450,0.0
4025,506.55708322345794,0.14766503174314438,500-550,0.0
4026,520.1811110864826,0.11226460618595442,500-550,0.0
4027,482.83661884062235,0.23059153479607655,450-500,0.0
4028,482.7817993585968,0.23081633029792353,450-500,0.0
4029,563.253546684997,0.04465954760234544,550-600,0.0
4030,529.4526445477468,0.09262195290002043,500-550,0.0
4031,520.1572484825964,0.11231956549593392,500-550,0.0
4032,482.4024848100736,0.23237596638864091,450-500,0.0
4033,520.6215606742468,0.11125439353417185,500-550,0.0
4034,557.7728811684008,0.05038470020411938,550-600,1.0
4035,459.92798246767654,0.33722790516361895,450-500,1.0
4036,406.0896499796571,0.6383609839506041,<450,0.0
4037,525.7436955299676,0.10007981401541569,500-550,0.0
4038,547.1536850459621,0.06350569433471032,500-550,0.0
4039,514.439901738211,0.12617999665958293,500-550,0.0
4040,482.67625352817555,0.23124956859556278,450-500,0.0
4041,565.9099009414557,0.04211295420694034,550-600,0.0
4042,541.6091669666363,0.07156406644060789,500-550,0.0
4043,470.03064494462507,0.28718541775984247,450-500,0.0
4044,542.5243484900169,0.07017178943299736,500-550,0.0
4045,497.95492685084685,0.1744687925360347,450-500,0.0
4046,545.3141716342634,0.06608077585057208,500-550,0.0
4047,463.98853552304496,0.3165892448396525,450-500,1.0
4048,513.7434349330052,0.1279649548760421,500-550,0.0
4049,497.47798132290876,0.17606166339016283,450-500,0.0
4050,509.837214022358,0.1383788679172245,500-550,0.0
4051,547.9675329115937,0.06239651311998127,500-550,0.0
4052,541.4960290356659,0.07173794490750102,500-550,0.0
4053,545.4875650764845,0.06583396376142461,500-550,1.0
4054,551.5747455364406,0.05769480616275106,550-600,0.0
4055,477.3285677435239,0.2539394155930716,450-500,0.0
4056,521.6961600797063,0.1088230202332381,500-550,0.0
4057,499.25786865898124,0.17017528062054654,450-500,1.0
4058,465.5907948082371,0.30863448872776744,450-500,0.0
4059,478.4575766238313,0.2490291765878278,450-500,0.0
4060,520.9945503063583,0.11040513406555384,500-550,0.0
4061,501.10858011007264,0.16422169993339134,500-550,0.0
4062,553.6712860172577,0.05511702546121333,550-600,0.0
4063,503.51821545419836,0.15672235711049726,500-550,0.0
4064,532.9702941092406,0.0860137822338472,500-550,0.0
4065,549.9792058982665,0.059731988322829714,500-550,0.0
4066,529.8939395918026,0.09176859436625655,500-550,0.0
4067,510.0397992359508,0.13782172990691008,500-550,0.0
4068,550.7800263791419,0.05870121732186312,550-600,0.0
4069,478.8902796592474,0.2471641908515798,450-500,0.0
4070,562.1130258709552,0.045797429195067005,550-600,0.0
4071,472.65861498172956,0.27491792190522113,450-500,0.0
4072,527.1448654420509,0.09720161157923735,500-550,0.0
4073,576.9235863234148,0.032963204038193646,550-600,0.0
4074,552.6418473429721,0.056368920150205275,550-600,0.0
4075,498.23415235985345,0.17354154024544818,450-500,0.0
4076,536.1345689731068,0.08043744854773127,500-550,0.0
4077,533.2662303601577,0.0854777625061448,500-550,0.0
4078,454.47475085260356,0.3659396290134737,450-500,0.0
4079,476.9540798220378,0.25558215673594903,450-500,1.0
4080,499.5667186723949,0.1691699431369172,450-500,0.0
4081,538.9457727419473,0.07576213612024756,500-550,0.0
4082,492.8994444747333,0.19193670486969547,450-500,1.0
4083,527.8296573770346,0.09582199291008214,500-550,0.0
4084,500.71506471807436,0.16547343514086926,500-550,1.0
4085,548.6872034273545,0.06143077618100959,500-550,0.0
4086,584.6562448094663,0.027719532952022955,550-600,0.0
4087,491.19645549457437,0.1981134432438836,450-500,1.0
4088,560.7724304739916,0.04717021161073953,550-600,0.0
4089,537.3678255113008,0.0783548435652977,500-550,0.0
4090,541.4960290356659,0.07173794490750102,500-550,0.0
4091,490.24857275007963,0.2016157091625145,450-500,0.0
4092,514.5892203030439,0.12580009574522508,500-550,1.0
4093,504.3200225143743,0.15428953613208551,500-550,0.0
4094,535.4111310997863,0.0816825113354554,500-550,0.0
4095,481.06010132253664,0.2379543117137918,450-500,1.0
4096,535.3107198648423,0.08185670403161148,500-550,0.0
4097,479.05062030285495,0.2464754964519262,450-500,1.0
4098,482.3684954788279,0.23251607920468967,450-500,1.0
4099,567.4821937721496,0.04067164867513912,550-600,0.0
4100,563.621349299786,0.044298377625615844,550-600,0.0
4101,520.9444704005338,0.11051883002250962,500-550,1.0
4102,574.8996044725116,0.034486880099972604,550-600,0.0
4103,503.4231727068992,0.1570127941883157,500-550,0.0
4104,524.3093146108478,0.10310445244906986,500-550,0.0
4105,528.332227676079,0.09482065231738962,500-550,1.0
4106,481.7896330523995,0.23491133451872206,450-500,1.0
4107,485.5825771429064,0.2195279784859531,450-500,0.0
4108,545.8922724486156,0.06526122485958673,500-550,0.0
4109,575.6619125418331,0.03390519309042346,550-600,1.0
4110,536.5758640171625,0.07968649137435849,500-550,0.0
4111,484.63836404092467,0.22328868657983195,450-500,0.0
4112,529.1241891702173,0.09326172518504164,500-550,0.0
4113,540.207034173284,0.07374665501749088,500-550,1.0
4114,508.042248208269,0.1433981997705353,500-550,0.0
4115,493.8152325149161,0.18867635066497404,450-500,0.0
4116,484.02086522718287,0.2257728332670972,450-500,0.0
4117,529.6903775785585,0.09216135268761222,500-550,0.0
4118,533.9234142996511,0.0842982424993879,500-550,0.0
4119,502.47324525362296,0.15993974072002945,500-550,0.0
4120,529.1742690760418,0.09316392296586037,500-550,0.0
4121,451.66677556342097,0.3811198375539003,450-500,0.0
4122,510.7441986570961,0.13589918713284427,500-550,0.0
4123,511.5541834184683,0.13371645476740052,500-550,0.0
4124,491.19645549457437,0.1981134432438836,450-500,1.0
4125,478.3459260006165,0.24951192369200798,450-500,1.0
4126,597.4939116441484,0.02075245181149373,550-600,0.0
4127,473.2608171832824,0.2721530704306045,450-500,0.0
4128,560.2892928712176,0.04767447162762067,550-600,0.0
4129,491.4545168068941,0.1971679211574537,450-500,0.0
4130,519.9087125533644,0.11289338084944152,500-550,0.0
4131,591.5990196929006,0.023708695154040144,550-600,0.0
4132,474.9810817903025,0.2643515226615684,450-500,1.0
4133,511.65159105749893,0.13345596894341272,500-550,0.0
4134,515.1465399449988,0.12439078525136439,500-550,0.0
4135,521.8985189970012,0.10837041775823127,500-550,0.0
4136,480.45876266670626,0.24048288172768156,450-500,1.0
4137,480.28130962356886,0.24123255345247346,450-500,0.0
4138,492.99505498481795,0.19159431758471915,450-500,1.0
4139,481.7750341330137,0.23497196339061494,450-500,1.0
4140,508.85959801542975,0.14109406888659107,500-550,0.0
4141,497.9746695935139,0.1744031026588536,450-500,0.0
4142,489.8106890676021,0.20324916970471096,450-500,1.0
4143,546.916797471442,0.06383198301149796,500-550,0.0
4144,506.99364299250044,0.14640002884600112,500-550,0.0
4145,549.8652084210421,0.059880090600717105,500-550,0.0
4146,520.2650187147576,0.11207154028559461,500-550,1.0
4147,505.07992736992196,0.15201243461758238,500-550,0.0
4148,538.936674652573,0.07577685684197154,500-550,0.0
4149,478.27198349090565,0.2498319747606961,450-500,0.0
4150,516.5019422558698,0.12101979731425067,500-550,1.0
4151,478.26954170950756,0.24984254838040595,450-500,0.0
4152,529.4905425251067,0.09254838852975233,500-550,0.0
4153,462.87076420506156,0.3222032514560801,450-500,0.0
4154,451.6506544315038,0.3812076967208015,450-500,0.0
4155,436.7648879570386,0.4649348858749575,<450,0.0
4156,521.5285453089848,0.10919916853464215,500-550,0.0
4157,548.0815303888182,0.06224259900507613,500-550,0.0
4158,514.1416060861043,0.1269418690948887,500-550,0.0
4159,516.5174560292904,0.12098167333989529,500-550,0.0
4160,508.41198379849016,0.14235204843726143,500-550,0.0
4161,575.7572299967713,0.03383312933807333,550-600,0.0
4162,448.3873011013999,0.3991457279588868,<450,1.0
4163,471.07217852295327,0.28228450330980953,450-500,0.0
4164,497.571272526818,0.17574919858351148,450-500,0.0
4165,522.5061823162573,0.10702122522008904,500-550,0.0
4166,445.84933519850887,0.4132887274758611,<450,0.0
4167,477.1022569768072,0.2549313244693895,450-500,1.0
4168,489.81958552951795,0.20321588487468892,450-500,0.0
4169,495.2380714412176,0.18369541901399744,450-500,0.0
4170,458.535303907972,0.34445703127042926,450-500,0.0
4171,572.3344848498423,0.03651570034988135,550-600,0.0
4172,529.1241891702173,0.09326172518504164,500-550,0.0
4173,529.2173259393237,0.0930799097944927,500-550,0.0
4174,495.5326404254346,0.18267704764429044,450-500,0.0
4175,466.5790965074268,0.30378346388367017,450-500,0.0
4176,495.5326404254346,0.18267704764429044,450-500,0.0
4177,509.4758663295955,0.13937731776840379,500-550,1.0
4178,507.509751495017,0.14491611641067886,500-550,0.0
4179,513.3275465214622,0.12904106818583685,500-550,1.0
4180,560.3393727770423,0.04762196528915584,550-600,0.0
4181,467.40609146401215,0.2997574326464094,450-500,0.0
4182,522.8510048967191,0.10626220899283452,500-550,0.0
4183,530.9005812035763,0.08984839552162074,500-550,0.0
4184,498.78608535001877,0.17172014201272418,450-500,0.0
4185,517.1533142623379,0.11942798942915615,500-550,1.0
4186,529.1742690760418,0.09316392296586037,500-550,0.0
4187,525.7970840168605,0.09996877181598054,500-550,0.0
4188,514.0824280909053,0.1270934812494796,500-550,1.0
4189,509.837214022358,0.1383788679172245,500-550,0.0
4190,471.5498146542069,0.2800540448706406,450-500,1.0
4191,560.3393727770423,0.04762196528915584,550-600,0.0
4192,475.6906413083775,0.26117566573481704,450-500,0.0
4193,533.115725211036,0.08574998813704393,500-550,0.0
4194,475.2179693648225,0.2632885115997359,450-500,0.0
4195,436.2022086253223,0.46817049347432543,<450,0.0
4196,478.0326541349875,0.2508697584415822,450-500,0.0
4197,587.1249413599279,0.026222985976646705,550-600,0.0
4198,523.0893711401624,0.10574029843245951,500-550,0.0
4199,508.32473197515736,0.14259834853536069,500-550,0.0
4200,510.18438488145443,0.13742525234614672,500-550,0.0
4201,477.8170513162877,0.25180711040452275,450-500,0.0
4202,566.5308944711632,0.041537951342713854,550-600,0.0
4203,571.2440439416253,0.037412527179575904,550-600,0.0
4204,479.8312536252311,0.243141007084076,450-500,0.0
4205,469.9969992003992,0.2873445818672995,450-500,0.0
4206,551.0669938594865,0.05833592458885566,550-600,0.0
4207,528.3509943616805,0.09478344288371693,500-550,0.0
4208,515.3665828777964,0.12383809642851194,500-550,0.0
4209,553.728028682986,0.05504878775135385,550-600,0.0
4210,510.0397992359508,0.13782172990691008,500-550,0.0
4211,501.5120634082934,0.16294616919181637,500-550,0.0
4212,529.4226685842962,0.09268017690737375,500-550,0.0
4213,520.043251005372,0.1125824439230958,500-550,0.0
4214,486.8646625533383,0.2144947857928517,450-500,0.0
4215,493.5306056842966,0.18968509275501638,450-500,0.0
4216,463.93845561722037,0.3168396468461481,450-500,0.0
4217,464.8305769230078,0.3123949879277646,450-500,1.0
4218,501.28877123172606,0.16365107347216062,500-550,0.0
4219,564.1772585364802,0.04375777552329401,550-600,0.0
4220,498.39038205888147,0.17302443334429612,450-500,0.0
4221,499.2324234588443,0.1702583186680585,450-500,0.0
4222,538.7452338998626,0.07608721774471316,500-550,0.0
4223,501.8661892928633,0.16183325684331928,500-550,0.0
4224,510.2964295531379,0.13711866727323213,500-550,0.0
4225,496.92607778218854,0.1779191199647671,450-500,0.0
4226,500.20984225724317,0.16709169991198658,500-550,0.0
4227,460.31885859989796,0.33521237093616885,450-500,0.0
4228,539.7878141419102,0.07441102763599186,500-550,0.0
4229,489.8106890676021,0.20324916970471096,450-500,0.0
4230,462.7488997711413,0.32281846765756833,450-500,1.0
4231,501.4471201735182,0.16315093398420763,500-550,0.0
4232,482.7817993585968,0.23081633029792353,450-500,1.0
4233,533.4937633091197,0.08506770049599559,500-550,1.0
4234,522.3705867089477,0.10732100031350408,500-550,1.0
4235,524.9360064413523,0.10177313606689527,500-550,1.0
4236,495.42487910991304,0.18304908607731923,450-500,0.0
4237,528.8901657510437,0.09371997684005158,500-550,0.0
4238,516.1353610807404,0.12192366228905685,500-550,0.0
4239,539.3247739433366,0.07515123967461806,500-550,0.0
4240,470.4940856173329,0.28499843861127433,450-500,0.0
4241,502.70823069282613,0.15921160921106284,500-550,1.0
4242,508.90967792125434,0.14095390320229714,500-550,0.0
4243,562.186968380666,0.04572282846136034,550-600,0.0
4244,513.1897369018003,0.12939934794635508,500-550,0.0
4245,511.91361214151294,0.13275740670223718,500-550,0.0
4246,538.6453222575605,0.0762496558782818,500-550,0.0
4247,531.1696898793406,0.08934123149446306,500-550,0.0
4248,495.5991098121587,0.18244785964323326,450-500,0.0
4249,531.273064385406,0.08914709852813987,500-550,0.0
4250,511.18855085892534,0.13469806105225843,500-550,0.0
4251,499.48730745557197,0.16942798195044237,450-500,0.0
4252,507.4760597999278,0.14501260423530937,500-550,0.0
4253,522.4116391013994,0.10723016369716656,500-550,0.0
4254,474.28241150007347,0.26750271114738466,450-500,1.0
4255,531.6642841046472,0.0884158456514406,500-550,0.0
4256,505.9490524876048,0.14944194214167333,500-550,1.0
4257,513.7434349330052,0.1279649548760421,500-550,1.0
4258,481.9439276515173,0.2342712166015982,450-500,1.0
4259,506.1985631919303,0.14871064839945947,500-550,0.0
4260,559.5020709532804,0.04850709469094176,550-600,0.0
4261,499.8526023602952,0.16824358395915132,450-500,0.0
4262,561.063782869004,0.046868576100407414,550-600,0.0
4263,517.6170171271888,0.11830585816070341,500-550,0.0
4264,495.48256051961005,0.18284987195382998,450-500,0.0
4265,552.1095741015341,0.05702665554333785,550-600,0.0
4266,505.43865621433685,0.1509471005636626,500-550,0.0
4267,530.0318946003017,0.09150327609165439,500-550,0.0
4268,457.55482684396713,0.3495902790301484,450-500,0.0
4269,561.9650022641658,0.04594711878772255,550-600,0.0
4270,559.5020709532804,0.04850709469094176,550-600,0.0
4271,531.9366826377654,0.08790989184259833,500-550,0.0
4272,485.3959732237153,0.2202675786475272,450-500,0.0
4273,468.82211296382644,0.29293533228981616,450-500,0.0
4274,499.4400918356579,0.1695815528537288,450-500,0.0
4275,563.2975150286481,0.04461622486248494,550-600,0.0
4276,485.8248257462264,0.2185704971090261,450-500,0.0
4277,539.8378940477347,0.07433137331832312,500-550,0.0
4278,476.0153469601954,0.2597305970819279,450-500,1.0
4279,486.48956177764444,0.21595861765477772,450-500,1.0
4280,504.29270545198466,0.15437191031815664,500-550,0.0
4281,522.8510048967191,0.10626220899283452,500-550,0.0
4282,460.03803945595513,0.3366597988758389,450-500,0.0
4283,484.19002916690084,0.22509035897396545,450-500,0.0
4284,465.9477817498836,0.30687728834376515,450-500,0.0
4285,511.13847095310075,0.13483298228240045,500-550,0.0
4286,535.7389097210761,0.08111623161354811,500-550,0.0
4287,491.4333430690944,0.19724537216093868,450-500,0.0
4288,529.9818146944772,0.0915995110795399,500-550,0.0
4289,580.9563696123316,0.03011886757255587,550-600,0.0
4290,548.5248525535486,0.061647409719047926,500-550,0.0
4291,477.4744130464517,0.2533015333631677,450-500,0.0
4292,503.17019455780024,0.1577879937873581,500-550,0.0
4293,483.9707853213583,0.2259751564164749,450-500,1.0
4294,483.9108082389043,0.22621763311847923,450-500,0.0
4295,551.2083547063723,0.058156765429969996,550-600,1.0
4296,502.42490160790834,0.16008987344961934,500-550,0.0
4297,482.115517329729,0.23356077004228804,450-500,0.0
4298,506.52786402575146,0.14775002094710174,500-550,1.0
4299,547.9675329115937,0.06239651311998127,500-550,0.0
4300,467.8077893177138,0.29781291140586436,450-500,0.0
4301,497.84327622763203,0.17484065404431076,450-500,0.0
4302,451.66677556342097,0.3811198375539003,450-500,0.0
4303,549.5292448273173,0.060318566971761876,500-550,0.0
4304,540.0247017164302,0.07403493881231625,500-550,1.0
4305,530.3160044258534,0.09095904179336795,500-550,1.0
4306,491.3190124964327,0.19766397622577703,450-500,0.0
4307,498.89162723244743,0.17137358104845093,450-500,0.0
4308,471.85940044089057,0.2786141115068733,450-500,0.0
4309,511.86353223568835,0.13289068259686665,500-550,0.0
4310,533.3163102659823,0.08538735451447357,500-550,0.0
4311,479.5943660507111,0.24414963172599574,450-500,0.0
4312,619.4128395013067,0.012610250398389219,600-650,0.0
4313,529.1241891702173,0.09326172518504164,500-550,0.0
4314,482.91752601736346,0.2302600430015612,450-500,1.0
4315,515.8272294037089,0.12268790188783653,500-550,0.0
4316,484.23124030633915,0.22492431883567587,450-500,1.0
4317,484.02086522718287,0.2257728332670972,450-500,0.0
4318,536.0648861621305,0.08055661741273135,500-550,0.0
4319,492.10416092465886,0.1948027478855907,450-500,0.0
4320,547.1755714174554,0.0634756266544611,500-550,0.0
4321,507.0765826494832,0.14616071508031692,500-550,0.0
4322,521.8985189970012,0.10837041775823127,500-550,0.0
4323,528.2821477702545,0.09492001170235922,500-550,0.0
4324,522.3615591955747,0.10734098456780895,500-550,0.0
4325,526.2378808073129,0.09905614118334347,500-550,0.0
4326,541.3021983244276,0.07203674405276132,500-550,0.0
4327,471.6490253617343,0.27959210504631193,450-500,0.0
4328,561.9880070219432,0.04592382458815644,550-600,0.0
4329,568.5329292123012,0.039734907831995424,550-600,0.0
4330,557.7255534351947,0.05043704576106311,550-600,0.0
4331,505.07992736992196,0.15201243461758238,500-550,1.0
4332,549.8652084210421,0.059880090600717105,500-550,0.0
4333,515.3051468487288,0.12399219473225896,500-550,0.0
4334,508.90967792125434,0.14095390320229714,500-550,0.0
4335,473.35598600741207,0.27171772449100995,450-500,0.0
4336,542.6514131786581,0.06998047560935135,500-550,0.0
4337,537.3225080082931,0.0784304905304173,500-550,0.0
4338,556.2612491585018,0.052082262801267216,550-600,0.0
4339,530.9867062318608,0.08968580201618193,500-550,1.0
4340,538.110249361544,0.07712501293607062,500-550,0.0
4341,511.48630947765776,0.13389821615844383,500-550,1.0
4342,488.71648765946514,0.20737394180643515,450-500,1.0
4343,476.2649551530454,0.2586232764831435,450-500,0.0
4344,503.56829536002294,0.15656949609741413,500-550,1.0
4345,444.0430045879822,0.4234439793626037,<450,1.0
4346,456.26574726067906,0.35639245697435046,450-500,0.0
4347,526.8177180088348,0.0978669370898267,500-550,0.0
4348,588.8227831953845,0.02523967493739919,550-600,0.0
4349,480.1796291831624,0.2416628324305638,450-500,0.0
4350,478.4074967180067,0.24924563132452007,450-500,0.0
4351,488.87398868600144,0.2067764287221999,450-500,0.0
4352,486.2405664390023,0.21693431249099435,450-500,0.0
4353,462.8550546772335,0.32228252435883603,450-500,0.0
4354,521.5515744342026,0.10914742080684972,500-550,0.0
4355,538.8865947467484,0.07585793321648743,500-550,0.0
4356,540.4483066624719,0.0733667699119969,500-550,0.0
4357,511.5541834184683,0.13371645476740052,500-550,0.0
4358,521.6016543400272,0.10903496273980087,500-550,0.0
4359,474.4349149818949,0.2668128493620828,450-500,0.0
4360,531.8913651347577,0.08799388290233241,500-550,0.0
4361,527.8909326320232,0.09569940152300027,500-550,0.0
4362,496.87599787636395,0.17808842376729717,450-500,0.0
4363,520.1525089063955,0.1123304842784642,500-550,0.0
4364,476.34464779401657,0.25827038930240376,450-500,0.0
4365,520.0104817330877,0.11265810927902474,500-550,0.0
4366,542.6514131786581,0.06998047560935135,500-550,0.0
4367,534.8279422758812,0.08269895569355104,500-550,1.0
4368,540.3952136896896,0.07345021020371086,500-550,0.0
4369,505.07992736992196,0.15201243461758238,500-550,0.0
4370,495.5326404254346,0.18267704764429044,450-500,0.0
4371,480.67329502519397,0.23957869202057358,450-500,0.0
4372,524.6045122266862,0.10247543803035634,500-550,0.0
4373,524.504059778064,0.10268910212341595,500-550,1.0
4374,545.0030818488635,0.06652574424047221,500-550,0.0
4375,558.4965730622424,0.049590661879368066,550-600,0.0
4376,448.4738886791218,0.3986660246960575,<450,1.0
4377,470.8916299999999,0.283130427583913,450-500,0.0
4378,485.3458933178907,0.2204663731751951,450-500,1.0
4379,502.8141290627347,0.15888434936189855,500-550,0.0
4380,491.483422974919,0.1970622228923593,450-500,0.0
4381,477.6846332385894,0.2523839600341144,450-500,1.0
4382,476.44825049116815,0.25781209541014455,450-500,0.0
4383,523.9733510171229,0.10382448742556383,500-550,0.0
4384,517.3143836757499,0.11903717271733076,500-550,0.0
4385,496.4630375836149,0.17948932000122253,450-500,0.0
4386,508.45169064601566,0.142240078899639,500-550,0.0
4387,503.51821545419836,0.15672235711049726,500-550,0.0
4388,471.41602760593594,0.28067771514919565,450-500,0.0
4389,536.8724317805659,0.07918542188441118,500-550,0.0
4390,517.2337258002578,0.11923274147950005,500-550,0.0
4391,507.07780483172854,0.14615719102571204,500-550,0.0
4392,520.1837155076844,0.11225860921855146,500-550,0.0
4393,530.7359809917655,0.09015987977327969,500-550,0.0
4394,509.6907565146017,0.1387828232178532,500-550,0.0
4395,543.0076610455649,0.06944666339051472,500-550,0.0
4396,515.480580355021,0.12355259534882206,500-550,0.0
4397,474.93992706233746,0.2645364807762707,450-500,0.0
4398,511.90893157447226,0.13276985813374845,500-550,0.0
4399,495.2390843495289,0.18369190970438573,450-500,0.0
4400,524.6501108372446,0.10237857901462384,500-550,0.0
4401,527.0751826310748,0.09734298759913301,500-550,1.0
4402,503.56829536002294,0.15656949609741413,500-550,0.0
4403,495.54647809101,0.1826293166310525,450-500,0.0
4404,496.04906911090114,0.18090226226647585,450-500,0.0
4405,536.9718707968686,0.07901805922493804,500-550,0.0
4406,491.19645549457437,0.1981134432438836,450-500,1.0
4407,483.1334834975964,0.2293768613453869,450-500,0.0
4408,513.3235637110054,0.12905141089463049,500-550,0.0
4409,516.5313157951725,0.12094762272918506,500-550,0.0
4410,485.57220408460734,0.2195690449617545,450-500,0.0
4411,470.80698396177144,0.28352754747144293,450-500,0.0
4412,536.6915779926352,0.07949064185639632,500-550,0.0
4413,535.4851262153747,0.08155436133731031,500-550,0.0
4414,450.5332947176095,0.38731590061719867,450-500,0.0
4415,491.9388793448177,0.19540244499855625,450-500,0.0
4416,497.89335613345656,0.17467378163400363,450-500,0.0
4417,474.3130505479746,0.26736402209214594,450-500,0.0
4418,463.2844491315813,0.3201194200218803,450-500,0.0
4419,540.0747816222547,0.07395565491677249,500-550,0.0
4420,511.13847095310075,0.13483298228240045,500-550,0.0
4421,533.8936310698012,0.08435137653501225,500-550,1.0
4422,561.9010846927658,0.04601189960710599,550-600,0.0
4423,491.19645549457437,0.1981134432438836,450-500,0.0
4424,493.1111461234524,0.19117921457089887,450-500,0.0
4425,499.795864275577,0.1684271119904442,450-500,1.0
4426,501.24582855145,0.1637869187785907,500-550,0.0
4427,508.73471763741435,0.14144409661048737,500-550,0.0
4428,576.392018665599,0.0333569607732865,550-600,0.0
4429,483.62384075855965,0.22738033843944833,450-500,1.0
4430,494.4873571951776,0.18631063601927347,450-500,1.0
4431,479.9692086337303,0.2425549241479924,450-500,0.0
4432,487.85642299226834,0.21065925102697308,450-500,0.0
4433,529.4905425251067,0.09254838852975233,500-550,0.0
4434,500.4950217852768,0.16617669916383443,500-550,0.0
4435,491.19645549457437,0.1981134432438836,450-500,0.0
4436,566.1045619117739,0.041931895714568325,550-600,0.0
4437,561.9010846927658,0.04601189960710599,550-600,0.0
4438,440.8477511517801,0.4415619770779897,<450,0.0
4439,494.2435608421465,0.18716608599037543,450-500,1.0
4440,447.4418851953717,0.40439583629259573,<450,0.0
4441,544.2479293245808,0.06761747861526782,500-550,0.0
4442,491.2120396188714,0.19805624716207393,450-500,0.0
4443,524.4702320556135,0.10276114302267714,500-550,0.0
4444,454.3074164536274,0.3668371696174789,450-500,0.0
4445,534.8037315520069,0.08274140056994757,500-550,0.0
4446,491.4333430690944,0.19724537216093868,450-500,0.0
4447,510.0898791417754,0.1376842939191924,500-550,0.0
4448,495.94560071818364,0.18125676766391355,450-500,0.0
4449,531.8301823999024,0.08810739346309478,500-550,0.0
4450,545.660265788357,0.0655889896984496,500-550,0.0
4451,505.0839101803787,0.1520005728738709,500-550,0.0
4452,522.1516580814564,0.10780656753206025,500-550,0.0
4453,458.535303907972,0.34445703127042926,450-500,0.0
4454,486.6348105075986,0.21539092682149202,450-500,1.0
4455,543.0076610455649,0.06944666339051472,500-550,0.0
4456,522.4116391013994,0.10723016369716656,500-550,0.0
4457,524.2592347050231,0.103211502392658,500-550,0.0
4458,574.1330843400859,0.03508147852858111,550-600,0.0
4459,437.89389683734606,0.45845184640704423,<450,1.0
4460,506.74984663946935,0.147105357781274,500-550,0.0
4461,511.86115206067694,0.13289701969234674,500-550,0.0
4462,486.32637038189563,0.21659772799565236,450-500,0.0
4463,511.5541834184683,0.13371645476740052,500-550,0.0
4464,541.4960290356659,0.07173794490750102,500-550,0.0
4465,527.4819082472101,0.09652038562205903,500-550,0.0
4466,479.5943660507111,0.24414963172599574,450-500,0.0
4467,461.7317601482206,0.32797716836250534,450-500,0.0
4468,483.88047107574675,0.2263403509830877,450-500,1.0
4469,555.0965162411256,0.053426981009969836,550-600,0.0
4470,538.8865947467484,0.07585793321648743,500-550,0.0
4471,478.0326541349875,0.2508697584415822,450-500,1.0
4472,478.6639688925308,0.2481384372059564,450-500,0.0
4473,509.62683894320173,0.13895942884181534,500-550,0.0
4474,479.9636717029294,0.24257842853057987,450-500,0.0
4475,522.7337152652192,0.10651985070143767,500-550,0.0
4476,451.6166956575964,0.38139279536179604,450-500,1.0
4477,570.5283500155999,0.03801261341409702,550-600,0.0
4478,506.94356308667585,0.14654468634167375,500-550,0.0
4479,511.5541834184683,0.13371645476740052,500-550,0.0
4480,576.2253533585658,0.03348134994669609,550-600,0.0
4481,548.3899705145212,0.06182793272725443,500-550,0.0
4482,542.0759676651297,0.07085075978220635,500-550,0.0
4483,526.2118227529681,0.09910988520520853,500-550,0.0
4484,454.1445720741743,0.3677115146767084,450-500,0.0
4485,503.56829536002294,0.15656949609741413,500-550,0.0
4486,481.0322034405783,0.23807121409965196,450-500,0.0
4487,498.9170724325844,0.1712901113558818,450-500,1.0
4488,521.5515744342026,0.10914742080684972,500-550,0.0
4489,458.45929313805357,0.34485370559925904,450-500,0.0
4490,542.3132533580999,0.07049069217166312,500-550,1.0
4491,572.9976731315493,0.03598041733454202,550-600,0.0
4492,509.6907565146017,0.1387828232178532,500-550,1.0
4493,509.1981124975211,0.14014888523905153,500-550,0.0
4494,506.0926626999759,0.14902067195323307,500-550,0.0
4495,494.11470159309187,0.18761945637061603,450-500,0.0
4496,449.9286893166254,0.39063603195014746,<450,0.0
4497,530.7359809917655,0.09015987977327969,500-550,0.0
4498,494.19600480016516,0.18733330596231162,450-500,0.0
4499,477.53894282268016,0.2530196381818632,450-500,0.0
4500,489.72607727946047,0.20356593549093582,450-500,1.0
4501,536.0648861621305,0.08055661741273135,500-550,0.0
4502,534.8538114578314,0.08265362519529731,500-550,0.0
4503,556.2111692526772,0.05213941767912884,550-600,0.0
4504,528.6304778579099,0.09423084537849409,500-550,0.0
4505,477.9598825010671,0.25118587979152035,450-500,0.0
4506,532.8937471783281,0.0861529240494392,500-550,0.0
4507,530.7068759770648,0.0902150583037995,500-550,0.0
4508,515.9603878106304,0.1223571331490017,500-550,0.0
4509,517.5771208358381,0.11840204457591694,500-550,0.0
4510,535.0875831848839,0.08224501188627881,500-550,0.0
4511,516.8901819822526,0.1200688359086106,500-550,0.0
4512,486.62669864521877,0.2154226027006262,450-500,1.0
4513,485.5324972370818,0.21972629361361914,450-500,0.0
4514,539.8378940477347,0.07433137331832312,500-550,0.0
4515,459.56415297663034,0.33910930853016974,450-500,1.0
4516,528.4701826845782,0.09454742861985779,500-550,0.0
4517,466.39228883873136,0.3046971029430167,450-500,1.0
4518,527.7878242531185,0.09590576769118926,500-550,0.0
4519,533.115725211036,0.08574998813704393,500-550,0.0
4520,558.2402863320751,0.049870495249999196,550-600,0.0
4521,543.493454578621,0.06872480779570402,500-550,0.0
4522,520.8477835568495,0.11073862738687812,500-550,0.0
4523,516.7576679965772,0.12039269050634359,500-550,0.0
4524,505.3335183732286,0.15125869591886595,500-550,0.0
4525,560.525113150511,0.04742770491360769,550-600,0.0
4526,530.7359809917655,0.09015987977327969,500-550,0.0
4527,522.7931497966019,0.10638922644374592,500-550,0.0
4528,574.8996044725116,0.034486880099972604,550-600,0.0
4529,517.1032343565132,0.11954972848970963,500-550,0.0
4530,540.7418627383776,0.07290699423095695,500-550,1.0
4531,549.5931623987171,0.060234915392083664,500-550,0.0
4532,533.8733343938266,0.08438760373751561,500-550,0.0
4533,528.4701826845782,0.09454742861985779,500-550,0.0
4534,512.9315783093804,0.13007279221495782,500-550,0.0
4535,464.1798790184371,0.31563349735840385,450-500,1.0
4536,463.90194794532306,0.3170222539197178,450-500,1.0
4537,483.9707853213583,0.2259751564164749,450-500,0.0
4538,549.5793247331419,0.06025301610622336,500-550,0.0
4539,580.643064425701,0.030331048709459806,550-600,0.0
4540,502.73099353626105,0.15914121866835843,500-550,0.0
4541,505.80769164071893,0.14985757221376034,500-550,0.0
4542,495.94560071818364,0.18125676766391355,450-500,0.0
4543,522.4116391013994,0.10723016369716656,500-550,0.0
4544,505.1026807044045,0.15194468007732403,500-550,0.0
4545,476.34464779401657,0.25827038930240376,450-500,0.0
4546,485.75327107299756,0.2188530017381025,450-500,0.0
4547,493.03476183234346,0.19145226187155226,450-500,0.0
4548,514.2723814696595,0.1266073748413732,500-550,0.0
4549,511.1605596946384,0.1347734585253484,500-550,1.0
4550,520.043251005372,0.1125824439230958,500-550,0.0
4551,504.68794196829685,0.1531835795011177,500-550,0.0
4552,553.4969063480421,0.055327230155330316,550-600,0.0
4553,529.1241891702173,0.09326172518504164,500-550,0.0
4554,546.2712361748261,0.06472912328605711,500-550,0.0
4555,478.88138319733156,0.24720244071764896,450-500,0.0
4556,500.2420130788396,0.16698827838346078,500-550,0.0
4557,529.8939395918026,0.09176859436625655,500-550,0.0
4558,499.76964881204617,0.16851196383508144,450-500,0.0
4559,481.7641878522626,0.2350170146865537,450-500,1.0
4560,514.842332946453,0.1251583556472889,500-550,0.0
4561,561.8510047869413,0.04606271660208005,550-600,0.0
4562,492.2247749489254,0.19436600093772036,450-500,0.0
4563,498.99646042917504,0.1710298965722388,450-500,0.0
4564,477.1022569768072,0.2549313244693895,450-500,1.0
4565,484.74348736683356,0.22286772966576382,450-500,0.0
4566,531.7110044793568,0.08832888066312412,500-550,0.0
4567,501.4471201735182,0.16315093398420763,500-550,0.0
4568,475.96701416247186,0.25994536803901985,450-500,0.0
4569,441.0846387263001,0.4402127869079529,<450,1.0
4570,522.6572884495126,0.10668802792464774,500-550,0.0
4571,491.8966962973496,0.19555572298073107,450-500,0.0
4572,521.3636904319076,0.10957023556912002,500-550,0.0
4573,523.2759273855629,0.10533340553889782,500-550,0.0
4574,574.8031814003039,0.034561138863714536,550-600,0.0
4575,563.5958106807549,0.044323365455624104,550-600,0.0
4576,487.8291059298787,0.21076422039044096,450-500,0.0
4577,512.4725758798529,0.13127752751774643,500-550,0.0
4578,506.3201956489379,0.1483552265426964,500-550,0.0
4579,539.4527831550895,0.07494593132541631,500-550,0.0
4580,503.8903715238428,0.1555893094992267,500-550,0.0
4581,493.779761727089,0.18880183729079766,450-500,0.0
4582,542.5363900380585,0.07015363846197269,500-550,0.0
4583,501.24582855145,0.1637869187785907,500-550,0.0
4584,544.3118468959808,0.06752443206849605,500-550,0.0
4585,559.2443226706423,0.04878269442923102,550-600,0.0
4586,491.19645549457437,0.1981134432438836,450-500,1.0
4587,535.2549014007583,0.08195368377154337,500-550,1.0
4588,523.8080694372818,0.10418034691604082,500-550,0.0
4589,561.620779972325,0.04629701785693508,550-600,0.0
4590,463.98853552304496,0.3165892448396525,450-500,1.0
4591,465.04085400226,0.31135232792133644,450-500,0.0
4592,447.0213595074102,0.4067382377248812,<450,0.0
4593,509.7418582453773,0.13864176350868065,500-550,1.0
4594,463.9932750992459,0.31656555222671634,450-500,0.0
4595,581.2268452415697,0.029936849430068815,550-600,0.0
4596,567.3803782233897,0.04076353411446523,550-600,0.0
4597,522.3615591955747,0.10734098456780895,500-550,0.0
4598,518.986152579752,0.1150457906065253,500-550,0.0
4599,553.1828006185472,0.05570777188028797,550-600,0.0
4600,489.95774428752145,0.20269950497119305,450-500,0.0
4601,523.9800137770266,0.10381016473030741,500-550,1.0
4602,556.2612491585018,0.052082262801267216,550-600,0.0
4603,511.5541834184683,0.13371645476740052,500-550,1.0
4604,527.9821672658128,0.09551713124837075,500-550,0.0
4605,474.88984715651293,0.26476166227715026,450-500,0.0
4606,507.8556308846347,0.14392865220949336,500-550,0.0
4607,476.39817058534356,0.2580335611458198,450-500,0.0
4608,500.8096669008578,0.1651718178746782,500-550,0.0
4609,506.7636843050447,0.14706524877402957,500-550,1.0
4610,494.437277289353,0.18648611358952003,450-500,1.0
4611,542.6561527548591,0.06997334884791781,500-550,0.0
4612,581.9873766626051,0.029430740655001543,550-600,0.0
4613,489.6842864770553,0.20372252553280107,450-500,1.0
4614,444.44584496640584,0.42117326662956067,<450,0.0
4615,521.4548875905184,0.10936482609020855,500-550,0.0
4616,521.9485989028258,0.1082586629747747,500-550,0.0
4617,567.3803782233897,0.04076353411446523,550-600,0.0
4618,513.4252441514119,0.12878758441046914,500-550,0.0
4619,476.14836652300284,0.25914010822048317,450-500,0.0
4620,537.6584716020178,0.07787126316243036,500-550,0.0
4621,545.777211832837,0.06542358459847172,500-550,0.0
4622,497.06180444095514,0.17746090660337216,450-500,0.0
4623,491.72872873601244,0.19616695908734758,450-500,1.0
4624,534.0717201873788,0.08403411321413747,500-550,0.0
4625,530.6552754424829,0.09031295958229661,500-550,0.0
4626,560.7834781485631,0.04715874043240702,550-600,0.0
4627,532.4150908708204,0.08702762452620968,500-550,0.0
4628,494.60083871316783,0.185913473435793,450-500,0.0
4629,496.66470135062673,0.178804137822722,450-500,0.0
4630,510.9541674259389,0.13533050067763325,500-550,1.0
4631,533.101669575663,0.08577545128874246,500-550,0.0
4632,548.0314504829937,0.06231017087189801,500-550,0.0
4633,464.0698220301585,0.3161830345382187,450-500,1.0
4634,465.04085400226,0.31135232792133644,450-500,1.0
4635,501.24582855145,0.1637869187785907,500-550,0.0
4636,479.6849933260042,0.2437634228333397,450-500,0.0
4637,522.5751083614892,0.10686912605835734,500-550,1.0
4638,536.9718707968686,0.07901805922493804,500-550,0.0
4639,551.6465339029605,0.057604697201198776,550-600,0.0
4640,491.19645549457437,0.1981134432438836,450-500,0.0
4641,463.34465068438635,0.319816765032251,450-500,0.0
4642,504.29270545198466,0.15437191031815664,500-550,0.0
4643,542.6156756439398,0.07003423470584287,500-550,0.0
4644,492.7581674102979,0.19244348063025468,450-500,1.0
4645,517.4186975247591,0.11878465748839655,500-550,0.0
4646,521.8521758306182,0.10847392416676174,500-550,0.0
4647,533.9234142996511,0.0842982424993879,500-550,0.0
4648,528.9804383648036,0.09354297133116543,500-550,1.0
4649,516.1509322187675,0.12188515120352163,500-550,0.0
4650,470.0807248504496,0.28694860794887794,450-500,0.0
4651,526.6240127823233,0.09826278991317236,500-550,1.0
4652,461.54636288478576,0.32892200046315134,450-500,0.0
4653,457.55482684396713,0.3495902790301484,450-500,0.0
4654,513.9043523777709,0.1275506390609785,500-550,0.0
4655,571.4332654546805,0.037255399084887175,550-600,0.0
4656,523.9497849457007,0.10387516058084068,500-550,1.0
4657,524.0939650413895,0.10356547811090636,500-550,0.0
4658,510.0397992359508,0.13782172990691008,500-550,0.0
4659,567.368196294925,0.0407745412394443,550-600,0.0
4660,560.1247320867229,0.04784739308820693,550-600,0.0
4661,580.579146854301,0.030374513405319516,550-600,0.0
4662,529.1241891702173,0.09326172518504164,500-550,0.0
4663,549.5793247331419,0.06025301610622336,500-550,0.0
4664,513.37364361683,0.1289214129248615,500-550,0.0
4665,465.2436953584199,0.31034834732615296,450-500,0.0
4666,527.7029417568062,0.09607595413144832,500-550,0.0
4667,540.9111205647478,0.07264310592428964,500-550,1.0
4668,462.5081101144349,0.3240358659851478,450-500,0.0
4669,531.273064385406,0.08914709852813987,500-550,0.0
4670,461.7729712876589,0.32776733462993235,450-500,1.0
4671,467.3601751007742,0.29998016452817683,450-500,0.0
4672,562.5778445128875,0.0453303914772603,550-600,0.0
4673,505.1300072757465,0.15186334018550382,500-550,1.0
4674,546.9225627110183,0.06382402346233426,500-550,0.0
4675,482.115517329729,0.23356077004228804,450-500,0.0
4676,542.586469943883,0.07007819647717801,500-550,0.0
4677,511.14551325126087,0.134814002601548,500-550,0.0
4678,544.5114207464884,0.06723467084450242,500-550,1.0
4679,552.1095741015341,0.05702665554333785,550-600,0.0
4680,522.7430698907773,0.10649928189284039,500-550,1.0
4681,579.6651333258461,0.031002691168475566,550-600,0.0
4682,515.0299906524501,0.12468438225115965,500-550,1.0
4683,562.186968380666,0.04572282846136034,550-600,0.0
4684,463.9431951934214,0.31681594418105846,450-500,0.0
4685,533.3163102659823,0.08538735451447357,500-550,0.0
4686,573.8076578929215,0.03533689232438026,550-600,0.0
4687,573.8076578929215,0.03533689232438026,550-600,0.0
4688,491.4545168068941,0.1971679211574537,450-500,0.0
4689,512.9315783093804,0.13007279221495782,500-550,0.0
4690,544.308522503214,0.06752926854812931,500-550,0.0
4691,570.1447210338494,0.03833806914289271,550-600,0.0
4692,550.6709801771289,0.058840588273479794,550-600,0.0
4693,532.318667798613,0.08720479833001456,500-550,1.0
4694,498.0050067566714,0.17430220006974928,450-500,1.0
4695,503.00883208924176,0.15828407875332093,500-550,1.0
4696,561.7347774495494,0.046180860511520205,550-600,0.0
4697,470.80698396177144,0.28352754747144293,450-500,0.0
4698,495.57978578679956,0.18251446629603252,450-500,0.0
4699,497.95492685084685,0.1744687925360347,450-500,0.0
4700,525.4045855832044,0.10078768799924796,500-550,0.0
4701,501.051883657206,0.1644015757329373,500-550,0.0
4702,481.06010132253664,0.2379543117137918,450-500,0.0
4703,501.68861090326146,0.16239056435889732,500-550,0.0
4704,506.681346133171,0.14730404247273013,500-550,0.0
4705,508.7986352088143,0.14126485126318394,500-550,0.0
4706,515.4758407788199,0.12356445411078126,500-550,0.0
4707,519.8092275861983,0.11312378610541965,500-550,0.0
4708,490.4923691031107,0.20071052430413727,450-500,0.0
4709,520.0377987954773,0.11259503018186601,500-550,0.0
4710,559.901745712773,0.04808265915440613,550-600,0.0
4711,520.1525089063955,0.1123304842784642,500-550,0.0
4712,496.87599787636395,0.17808842376729717,450-500,0.0
4713,494.73319811872796,0.18545106775804587,450-500,0.0
4714,515.0552534807459,0.12462069276146351,500-550,0.0
4715,515.3202189905667,0.1239543744614551,500-550,0.0
4716,553.6779487771614,0.05510900882046147,550-600,0.0
4717,465.99786165570816,0.3066312258041041,450-500,1.0
4718,522.4116391013994,0.10723016369716656,500-550,0.0
4719,491.24653540039895,0.1979296866791521,450-500,0.0
4720,492.05408101883427,0.19498430715168466,450-500,0.0
4721,534.8780221817059,0.0826112212908229,500-550,0.0
4722,539.4527831550895,0.07494593132541631,500-550,0.0
4723,536.7138190256617,0.07945304863633566,500-550,0.0
4724,515.9603878106304,0.1223571331490017,500-550,0.0
4725,508.91114501717647,0.14094979878975447,500-550,0.0
4726,498.6481303415196,0.17217397318316643,450-500,0.0
4727,566.9512796327654,0.041152971004634775,550-600,0.0
4728,525.7509869214928,0.10006464225944546,500-550,0.0
4729,559.1472709668133,0.04888685236285763,550-600,0.0
4730,538.5335827125922,0.07643170087482212,500-550,0.0
4731,572.3402500894185,0.0365110141691965,550-600,0.0
4732,501.6840077480382,0.16240503133527676,500-550,0.0
4733,520.8541561549222,0.11072412884233987,500-550,0.0
4734,513.2806210307294,0.12916297088464798,500-550,0.0
4735,548.5248525535486,0.061647409719047926,500-550,0.0
4736,508.15551162396605,0.1430770473511228,500-550,1.0
4737,485.3959732237153,0.2202675786475272,450-500,0.0
4738,451.6166956575964,0.38139279536179604,450-500,0.0
4739,548.5248525535486,0.061647409719047926,500-550,0.0
4740,541.6989272789402,0.07142639316602013,500-550,1.0
4741,543.0076610455649,0.06944666339051472,500-550,0.0
4742,479.73564311514644,0.24354775875794218,450-500,1.0
4743,532.3650109649959,0.08711960380574907,500-550,0.0
4744,506.56907516518976,0.14763016275957885,500-550,0.0
4745,521.6550428269201,0.10891518701465232,500-550,0.0
4746,492.7581674102979,0.19244348063025468,450-500,0.0
4747,523.7431262025066,0.10432046766310481,500-550,0.0
4748,479.92188090052423,0.2427558812633229,450-500,1.0
4749,487.1475510737403,0.2133955923737645,450-500,0.0
4750,548.0176128174182,0.06232885384372635,500-550,0.0
4751,521.9868478022748,0.10817337764078175,500-550,0.0
4752,495.99568062400823,0.18108511542567313,450-500,0.0
4753,479.1115831094704,0.24621398834404523,450-500,0.0
4754,481.7929416334679,0.23489759558824197,450-500,0.0
4755,545.8702344189376,0.06529229323806854,500-550,0.0
4756,504.0304264060328,0.15516463928022461,500-550,1.0
4757,507.5608443091529,0.14476989620832836,500-550,1.0
4758,477.1022569768072,0.2549313244693895,450-500,0.0
4759,529.5602253360829,0.09241326303210644,500-550,0.0
4760,504.18923705926716,0.15468424367819403,500-550,0.0
4761,491.24653540039895,0.1979296866791521,450-500,0.0
4762,477.1022569768072,0.2549313244693895,450-500,1.0
4763,532.4562455987855,0.08695210345047034,500-550,0.0
4764,502.9833868891048,0.1583624217351766,500-550,0.0
4765,506.9409870421736,0.14655213053368363,500-550,0.0
4766,529.4226685842962,0.09268017690737375,500-550,1.0
4767,522.6712210424764,0.10665735183411819,500-550,0.0
4768,542.3536545599258,0.07042955436003705,500-550,0.0
4769,562.4399465297649,0.045468472472479884,550-600,0.0
4770,483.21088046581065,0.2290609177413615,450-500,0.0
4771,487.63302052835576,0.21151882915624737,450-500,0.0
4772,484.84120539708454,0.22247693447960387,450-500,0.0
4773,474.9630853680949,0.26443239222268244,450-500,0.0
4774,502.5644798874125,0.15965671923848487,500-550,1.0
4775,518.5192558563275,0.1161486486124781,500-550,0.0
4776,529.4905425251067,0.09254838852975233,500-550,0.0
4777,542.7873634475009,0.06977631749199316,500-550,0.0
4778,527.1902011906644,0.09710973051883412,500-550,0.0
4779,472.32004696680303,0.27648000266958295,450-500,1.0
4780,495.48256051961005,0.18284987195382998,450-500,0.0
4781,543.0577409513894,0.06937192495380051,500-550,0.0
4782,483.10311915028905,0.22950089577459876,450-500,0.0
4783,500.5459007783564,0.1660138759120871,500-550,0.0
4784,488.26292488063837,0.20910174392369132,450-500,1.0
4785,502.75746056134903,0.1590594052479401,500-550,0.0
4786,510.0397992359508,0.13782172990691008,500-550,1.0
4787,545.3171875783586,0.06607647555001693,500-550,0.0
4788,533.8733343938266,0.08438760373751561,500-550,1.0
4789,484.5882841351001,0.22348942619458792,450-500,1.0
4790,498.4710399343735,0.1727579399693876,450-500,0.0
4791,507.83074894677145,0.1439995013402944,500-550,1.0
4792,474.93992706233746,0.2645364807762707,450-500,0.0
4793,458.98256656164835,0.34212732221365416,450-500,0.0
4794,456.5179967331799,0.35505672435205243,450-500,1.0
4795,513.7688801331421,0.12789936450741216,500-550,0.0
4796,499.0606408661569,0.17081975794538595,450-500,0.0
4797,536.479440944955,0.07985002699154434,500-550,0.0
4798,482.115517329729,0.23356077004228804,450-500,0.0
4799,551.2512973866484,0.058102442668924004,550-600,0.0
4800,529.1742690760418,0.09316392296586037,500-550,0.0
4801,498.09548013665056,0.17400155555882038,450-500,1.0
4802,517.1308845881227,0.11948250038819928,500-550,0.0
4803,524.2353721011369,0.10326254527330028,500-550,0.0
4804,530.6859010859408,0.09025484225807442,500-550,0.0
4805,547.3093612436567,0.06329211341704385,500-550,0.0
4806,560.0776681249936,0.04789695762722415,550-600,0.0
4807,542.5363900380585,0.07015363846197269,500-550,0.0
4808,538.9958526477719,0.07568115374809221,500-550,0.0
4809,523.9232711112984,0.10393219832715038,500-550,0.0
4810,485.4976536641218,0.2198643491638932,450-500,0.0
4811,572.9006732581835,0.03605823516575729,550-600,0.0
4812,466.41113497813876,0.30460486023785555,450-500,0.0
4813,508.0878444006373,0.14326884206582347,500-550,0.0
4814,488.84034294177565,0.20690396389420093,450-500,0.0
4815,473.4315111133736,0.27137254881750805,450-500,0.0
4816,514.0824280909053,0.1270934812494796,500-550,0.0
4817,550.1998412894125,0.059446319103519475,550-600,0.0
4818,520.5066042336272,0.11151728745926943,500-550,0.0
4819,464.1264905315441,0.31590001279907975,450-500,0.0
4820,486.0686220992575,0.2176099389105134,450-500,0.0
4821,470.5090429711979,0.2849280218293802,450-500,0.0
4822,520.9945503063583,0.11040513406555384,500-550,0.0
4823,555.3521743396714,0.05312903803812656,550-600,0.0
4824,525.082016656323,0.10146515559817453,500-550,0.0
4825,515.4758407788199,0.12356445411078126,500-550,0.0
4826,475.5526862998783,0.26179119107859733,450-500,0.0
4827,538.936674652573,0.07577685684197154,500-550,0.0
4828,492.8994444747333,0.19193670486969547,450-500,1.0
4829,528.6532407013449,0.09418596581232869,500-550,0.0
4830,495.2380714412176,0.18369541901399744,450-500,1.0
4831,505.29504600196566,0.15137284790516825,500-550,0.0
4832,522.4116391013994,0.10723016369716656,500-550,0.0
4833,488.0124012680015,0.21006061853020197,450-500,0.0
4834,451.0959740493258,0.38423537208223596,450-500,0.0
4835,529.1241891702173,0.09326172518504164,500-550,0.0
4836,488.1002193452994,0.20972412945459853,450-500,0.0
4837,506.1427426058005,0.14887399669843782,500-550,0.0
4838,523.7431262025066,0.10432046766310481,500-550,1.0
4839,492.10416092465886,0.1948027478855907,450-500,0.0
4840,522.3615591955747,0.10734098456780895,500-550,0.0
4841,558.3373380359043,0.04976435122861837,550-600,0.0
4842,513.908021740373,0.12754120488461096,500-550,0.0
4843,483.67722924545257,0.22716370554344878,450-500,0.0
4844,541.3561888175374,0.07195340002047027,500-550,0.0
4845,503.8525120067876,0.1557042686599044,500-550,0.0
4846,464.5127535580116,0.3139745251944642,450-500,1.0
4847,487.9623213621769,0.2102526851048862,450-500,0.0
4848,530.9101178073589,0.08983037850986282,500-550,1.0
4849,546.7342763733997,0.0640844521733131,500-550,1.0
4850,548.1514026436196,0.06214843600717803,500-550,0.0
4851,510.62256407804267,0.1362295466859494,500-550,0.0
4852,474.5429025937143,0.26632504362969467,450-500,0.0
4853,541.9724571317031,0.07100836279030698,500-550,0.0
4854,506.1427426058005,0.14887399669843782,500-550,0.0
4855,517.0774961012298,0.1196123372337931,500-550,0.0
4856,416.5225378352776,0.5810795239392164,<450,0.0
4857,483.21088046581065,0.2290609177413615,450-500,0.0
4858,523.9800137770266,0.10381016473030741,500-550,0.0
4859,463.39473059021094,0.3195651107790515,450-500,1.0
4860,523.9800137770266,0.10381016473030741,500-550,0.0
4861,532.7046451070398,0.08649753521109521,500-550,0.0
4862,526.0279530209423,0.09948984956894225,500-550,0.0
4863,558.1927523904005,0.049922560652401554,550-600,0.0
4864,507.4326481445488,0.1451370071751473,500-550,0.0
4865,524.8510043408626,0.10195281316195687,500-550,0.0
4866,521.4112243735822,0.10946312950217459,500-550,1.0
4867,505.99913239342936,0.14929492499099306,500-550,1.0
4868,549.5292448273173,0.060318566971761876,500-550,0.0
4869,523.9963557749004,0.10377504232243319,500-550,0.0
4870,507.096791202268,0.1461024545467195,500-550,0.0
4871,467.6893884901427,0.29838530572483335,450-500,0.0
4872,547.9675329115937,0.06239651311998127,500-550,0.0
4873,544.4055223765798,0.06738828068956933,500-550,0.0
4874,547.9675329115937,0.06239651311998127,500-550,0.0
4875,507.5335177378109,0.14484808562896198,500-550,0.0
4876,513.3707793309195,0.12892884506059824,500-550,0.0
4877,528.5456599130088,0.094398242471228,500-550,0.0
4878,541.4960290356659,0.07173794490750102,500-550,0.0
4879,488.66640775364056,0.20756419732603745,450-500,0.0
4880,548.1514026436196,0.06214843600717803,500-550,0.0
4881,473.35598600741207,0.27171772449100995,450-500,0.0
4882,515.3063813249913,0.1239890967094196,500-550,0.0
4883,517.8704752842852,0.11769637210630463,500-550,0.0
4884,506.76974519699377,0.1470476838953452,500-550,0.0
4885,525.9401349436444,0.09967178129490417,500-550,0.0
4886,520.9945503063583,0.11040513406555384,500-550,0.0
4887,495.48256051961005,0.18284987195382998,450-500,0.0
4888,508.3435024991831,0.14254533190796792,500-550,0.0
4889,549.5793247331419,0.06025301610622336,500-550,0.0
4890,521.8985189970012,0.10837041775823127,500-550,0.0
4891,556.2612491585018,0.052082262801267216,550-600,0.0
4892,499.1985958746561,0.1703687617090454,450-500,1.0
4893,492.8731905508977,0.19203080343301832,450-500,0.0
4894,510.7441986570961,0.13589918713284427,500-550,0.0
4895,473.02413335826674,0.27323766258937,450-500,0.0
4896,525.3048381182301,0.1009967501258803,500-550,1.0
4897,500.95886107110545,0.16469704301921206,500-550,0.0
4898,486.6395500837996,0.21537242089164055,450-500,0.0
4899,497.85824000716264,0.17479077973115673,450-500,0.0
4900,509.38356440057913,0.13963332594864733,500-550,0.0
4901,483.46702180714067,0.22801750084001354,450-500,0.0
4902,521.9369913682642,0.10828455651172594,500-550,0.0
4903,541.8861440523391,0.07114002880288783,500-550,0.0
4904,421.30032101894,0.5539927229365796,<450,1.0
4905,535.4111310997863,0.0816825113354554,500-550,0.0
4906,445.2831467901677,0.4164643574054913,<450,1.0
4907,520.7977036510249,0.11085262398216936,500-550,0.0
4908,542.586469943883,0.07007819647717801,500-550,0.0
4909,421.53720859346004,0.5526399660049266,<450,0.0
4910,539.3748538491611,0.07507085725270975,500-550,0.0
4911,534.8538114578314,0.08265362519529731,500-550,0.0
4912,553.7443706808597,0.05502914991939034,550-600,0.0
4913,522.0389834993136,0.1080572233582415,500-550,0.0
4914,523.6028403829021,0.10462371508706918,500-550,1.0
4915,478.1775944420243,0.2502409238265428,450-500,0.0
4916,489.6375661023457,0.20389769277098443,450-500,0.0
4917,549.0882933702813,0.060898626659333495,500-550,0.0
4918,499.795864275577,0.1684271119904442,450-500,0.0
4919,535.7423104658694,0.08111037519239424,500-550,0.0
4920,515.5728406521857,0.12332194811049903,500-550,0.0
4921,477.39764264372525,0.2536371713231761,450-500,0.0
4922,537.2577664009764,0.07853867740774295,500-550,0.0
4923,555.419207758539,0.05305117743511464,550-600,0.0
4924,508.9481498743441,0.1408463053993439,500-550,1.0
4925,524.6045122266862,0.10247543803035634,500-550,0.0
4926,455.95517626121364,0.35804009055569774,450-500,0.0
4927,491.4333430690944,0.19724537216093868,450-500,0.0
4928,507.2194120083159,0.14574935583228954,500-550,0.0
4929,504.97140037201655,0.1523359459432999,500-550,0.0
4930,484.9769320558512,0.22193494671772432,450-500,1.0
4931,527.2361519063038,0.09701668221951446,500-550,0.0
4932,553.0717218053176,0.05584293334642216,550-600,0.0
4933,467.3172324204982,0.30018855717978815,450-500,0.0
4934,468.02131881196186,0.29678222970796575,450-500,0.0
4935,462.43584653968423,0.32440168636504485,450-500,0.0
4936,452.0449267275085,0.3790611798169209,450-500,1.0
4937,466.17764814841206,0.30574877074637963,450-500,0.0
4938,537.4179054171253,0.07827132453918116,500-550,0.0
4939,483.21088046581065,0.2290609177413615,450-500,0.0
4940,552.5899217133041,0.056432769883609686,550-600,0.0
4941,484.45755107305575,0.2240140603329391,450-500,0.0
4942,535.0554752248432,0.0823010247575445,500-550,0.0
4943,502.8141290627347,0.15888434936189855,500-550,0.0
4944,500.95886107110545,0.16469704301921206,500-550,0.0
4945,511.65825381740257,0.13343816720144508,500-550,1.0
4946,517.1032343565132,0.11954972848970963,500-550,1.0
4947,498.3824476169952,0.1730506662704188,450-500,0.0
4948,502.7583105986507,0.15905677822446182,500-550,0.0
4949,492.2060451145697,0.19443377346268648,450-500,0.0
4950,492.7581674102979,0.19244348063025468,450-500,0.0
4951,442.9106000757702,0.429844115622624,<450,0.0
4952,541.4960290356659,0.07173794490750102,500-550,0.0
4953,446.45043152286803,0.4099251874067849,<450,0.0
4954,502.95875218341723,0.15843829928242936,500-550,0.0
4955,496.1403037446907,0.18059012079440193,450-500,1.0
4956,520.24038400907,0.11212819300917037,500-550,0.0
4957,525.7436955299676,0.10007981401541569,500-550,0.0
4958,513.9850204518747,0.12734337344456556,500-550,0.0
4959,561.6708598781495,0.046245954908798896,550-600,0.0
4960,574.8996044725116,0.034486880099972604,550-600,0.0
4961,521.0947703973319,0.11017791292991086,500-550,0.0
4962,478.06661290889497,0.25072233147052997,450-500,0.0
4963,517.7349709738239,0.11802187753108903,500-550,0.0
4964,494.4873571951776,0.18631063601927347,450-500,0.0
4965,529.3065934885661,0.09290594622961043,500-550,0.0
4966,517.5632831702627,0.11843542176800116,500-550,0.0
4967,548.0176128174182,0.06232885384372635,500-550,0.0
4968,471.93599284207886,0.2782585699120893,450-500,1.0
4969,500.49582087253185,0.16617414093205923,500-550,0.0
4970,527.0925919241754,0.09730764956104959,500-550,0.0
4971,548.6872034273545,0.06143077618100959,500-550,0.0
4972,541.7413347967594,0.0713614341037229,500-550,0.0
4973,543.5966027883885,0.06857243370986164,500-550,0.0
4974,458.535303907972,0.34445703127042926,450-500,0.0
4975,480.8706563376674,0.23874893197849142,450-500,0.0
4976,555.6737947234337,0.052756450128895016,550-600,0.0
4977,491.19645549457437,0.1981134432438836,450-500,1.0
4978,468.82211296382644,0.29293533228981616,450-500,0.0
4979,477.9598825010671,0.25118587979152035,450-500,0.0
4980,504.6624967681599,0.15325985764375613,500-550,0.0
4981,447.96206353276705,0.4015043781199748,<450,0.0
4982,485.48640014171406,0.21990895064263938,450-500,0.0
4983,520.7734506056397,0.11090786795687833,500-550,0.0
4984,509.1981124975211,0.14014888523905153,500-550,0.0
4985,503.51852848387995,0.15672140125951942,500-550,0.0
4986,439.53182327249243,0.44907200859037527,<450,0.0
4987,480.72337493101855,0.2393679557538907,450-500,0.0
4988,492.8082473161225,0.19226372220007415,450-500,0.0
4989,496.92607778218854,0.1779191199647671,450-500,0.0
4990,494.437277289353,0.18648611358952003,450-500,0.0
4991,497.1118181556572,0.17729229375034625,450-500,0.0
4992,502.8642089685593,0.15872977654832465,500-550,0.0
4993,439.84226016339375,0.4472981137060255,<450,1.0
4994,513.6568473552834,0.12818836764993122,500-550,0.0
4995,515.5728406521857,0.12332194811049903,500-550,0.0
4996,545.215507137952,0.06622160066138004,500-550,0.0
4997,466.39228883873136,0.3046971029430167,450-500,1.0
4998,455.74963875816246,0.359132352776717,450-500,0.0
4999,503.51821545419836,0.15672235711049726,500-550,0.0
5000,491.65980872282955,0.1964181774329964,450-500,0.0
5001,525.2547582124056,0.10110185839276684,500-550,0.0
5002,521.1720033494958,0.11000308836742487,500-550,1.0
5003,536.9718707968686,0.07901805922493804,500-550,1.0
5004,479.20950540564115,0.24579432879262794,450-500,0.0
5005,490.84843459817625,0.19939397271445872,450-500,0.0
5006,481.14387292345043,0.2376035152095089,450-500,0.0
5007,504.63786206247227,0.15333373576796236,500-550,0.0
5008,474.8728127543349,0.26483828446557467,450-500,0.0
5009,623.4909631198473,0.011489343146106981,600-650,0.0
5010,529.757608450299,0.09203146878742413,500-550,0.0
5011,510.8095496575361,0.13572197275996883,500-550,0.0
5012,513.9113812714879,0.12753256782814784,500-550,0.0
5013,465.21683994947523,0.3104811681868904,450-500,1.0
5014,483.16080055998606,0.22926531491845628,450-500,1.0
5015,428.7628787666761,0.5110968244116022,<450,1.0
5016,497.43331751831886,0.17621141262009982,450-500,0.0
5017,480.67329502519397,0.23957869202057358,450-500,0.0
5018,497.95492685084685,0.1744687925360347,450-500,0.0
5019,507.0497272405385,0.1462381680574754,500-550,0.0
5020,532.4150908708204,0.08702762452620968,500-550,0.0
5021,521.7766507246566,0.10864279383810128,500-550,0.0
5022,521.9485989028258,0.1082586629747747,500-550,0.0
5023,503.56829536002294,0.15656949609741413,500-550,0.0
5024,506.69976673364476,0.14725059198585058,500-550,0.0
5025,535.9966580037142,0.08067345463807363,500-550,0.0
5026,529.2721913722125,0.09297295408637314,500-550,0.0
5027,491.2167791950724,0.19803885467014823,450-500,0.0
5028,514.3224613754841,0.12647948130692394,500-550,0.0
5029,510.0397992359508,0.13782172990691008,500-550,0.0
5030,522.3615591955747,0.10734098456780895,500-550,0.0
5031,484.2624507460523,0.2247986294912966,450-500,1.0
5032,502.4789596049174,0.15992200215557606,500-550,0.0
5033,530.6859010859408,0.09025484225807442,500-550,1.0
5034,540.5141474175746,0.07326341659400559,500-550,0.0
5035,480.8439889552851,0.23886093348052254,450-500,0.0
5036,503.51821545419836,0.15672235711049726,500-550,0.0
5037,506.90035178859114,0.14666959876376862,500-550,0.0
5038,512.1340078649263,0.1321722200856977,500-550,0.0
5039,497.95492685084685,0.1744687925360347,450-500,1.0
5040,513.7688801331421,0.12789936450741216,500-550,0.0
5041,504.4325836441865,0.153950488834916,500-550,1.0
5042,475.7442335447747,0.26093680128358937,450-500,0.0
5043,557.3308158609511,0.05087564452400727,550-600,0.0
5044,493.2477214432739,0.190691746657992,450-500,1.0
5045,489.3622477884142,0.20493221023987526,450-500,1.0
5046,489.19442075343636,0.20556473445311912,450-500,0.0
5047,530.5712803697552,0.09047252743407715,500-550,0.0
5048,567.4182762007496,0.04072930914127799,550-600,0.0
5049,510.5971188779057,0.13629874135085465,500-550,0.0
5050,467.2262029027318,0.30063057930811693,450-500,1.0
5051,568.3683684278064,0.03988023742753672,550-600,0.0
5052,492.39004461255905,0.19376876167798826,450-500,0.0
5053,485.5825771429064,0.2195279784859531,450-500,1.0
5054,505.7509489749907,0.15002467499192343,500-550,0.0
5055,493.2158288207337,0.1908054934827356,450-500,0.0
5056,484.34294139100274,0.22447471120618273,450-500,0.0
5057,511.7231970521778,0.13326475531690135,500-550,1.0
5058,472.368695877495,0.2762552098445127,450-500,1.0
5059,524.8202924658797,0.10201780092294947,500-550,0.0
5060,524.4475210426418,0.1028095344283425,500-550,0.0
5061,511.1001729216373,0.13493623870616905,500-550,0.0
5062,525.6623338658426,0.10024924818791184,500-550,1.0
5063,537.2577664009764,0.07853867740774295,500-550,0.0
5064,512.0591725621101,0.13237067444784356,500-550,0.0
5065,517.4056701400027,0.11881616787114047,500-550,0.0
5066,506.08951698991723,0.14902988916368695,500-550,0.0
5067,514.4293726537039,0.12620682209661954,500-550,0.0
5068,460.046935917871,0.33661389656755947,450-500,0.0
5069,539.3090323496759,0.07517652257420145,500-550,0.0
5070,560.778738572362,0.04716366137166637,550-600,0.0
5071,498.6973507010901,0.17201194385222546,450-500,0.0
5072,484.00535145376216,0.22583549529220626,450-500,0.0
5073,492.390407609657,0.19376745144168311,450-500,0.0
5074,483.9707853213583,0.2259751564164749,450-500,0.0
5075,468.44273222418076,0.294754180969961,450-500,0.0
5076,506.69976673364476,0.14725059198585058,500-550,0.0
5077,539.4143518837993,0.07500751534795055,500-550,0.0
5078,522.4116391013994,0.10723016369716656,500-550,0.0
5079,506.9076431801163,0.14664851509929172,500-550,1.0
5080,549.4819170941113,0.060380576779389836,500-550,0.0
5081,528.9804383648036,0.09354297133116543,500-550,0.0
5082,577.7656277233776,0.03234863854888368,550-600,0.0
5083,504.3338601799496,0.15424782257641953,500-550,1.0
5084,486.199355299564,0.21709610645332056,450-500,0.0
5085,520.9945503063583,0.11040513406555384,500-550,1.0
5086,465.69486520717135,0.30812164672202624,450-500,0.0
5087,500.5459007783564,0.1660138759120871,500-550,0.0
5088,536.9543852105542,0.07904746521072505,500-550,0.0
5089,506.94356308667585,0.14654468634167375,500-550,0.0
5090,502.8141290627347,0.15888434936189855,500-550,0.0
5091,479.5943660507111,0.24414963172599574,450-500,0.0
5092,542.6064164360544,0.07004816933251971,500-550,0.0
5093,555.8202977014658,0.052587549802282516,550-600,0.0
5094,518.1743893750212,0.11696914492571782,500-550,0.0
5095,583.7049455084799,0.028318100234208936,550-600,0.0
5096,516.6814893215238,0.12057920677920074,500-550,0.0
5097,520.0933309111965,0.1124668934550829,500-550,0.0
5098,466.8054072741435,0.3026786947231087,450-500,1.0
5099,529.1241891702173,0.09326172518504164,500-550,0.0
5100,521.3165889949994,0.10967645773497679,500-550,0.0
5101,533.9267228807195,0.08429234178283042,500-550,0.0
5102,517.6360972035785,0.11825988170990359,500-550,0.0
5103,503.15240694847995,0.1578426171270588,500-550,0.0
5104,542.639538247826,0.06999833454165047,500-550,0.0
5105,462.5081101144349,0.3240358659851478,450-500,0.0
5106,498.78608535001877,0.17172014201272418,450-500,0.0
5107,492.98238413171606,0.19163966591016768,450-500,0.0
5108,492.05408101883427,0.19498430715168466,450-500,1.0
5109,479.161663015295,0.24599930371799086,450-500,1.0
5110,483.9707853213583,0.2259751564164749,450-500,0.0
5111,527.6281412846154,0.09622615013033037,500-550,0.0
5112,483.8607283330797,0.2264202382993727,450-500,0.0
5113,444.7624251818971,0.419391113222559,<450,0.0
5114,545.4374851706599,0.06590516047877149,500-550,0.0
5115,474.9810817903025,0.2643515226615684,450-500,0.0
5116,490.3544140946115,0.20122235938723365,450-500,0.0
5117,445.23306688434315,0.4167455830161284,<450,1.0
5118,465.99786165570816,0.3066312258041041,450-500,0.0
5119,482.4937194438632,0.23200016479602484,450-500,0.0
5120,576.6705776169777,0.033150056219753005,550-600,0.0
5121,528.4421915202912,0.0946028088145588,500-550,0.0
5122,505.1026807044045,0.15194468007732403,500-550,0.0
5123,522.5562622220818,0.10691069493706033,500-550,0.0
5124,487.684520284375,0.211320447900228,450-500,0.0
5125,497.01172453513055,0.17762986859398391,450-500,1.0
5126,532.4150908708204,0.08702762452620968,500-550,0.0
5127,500.78253181669277,0.1652582867066794,500-550,0.0
5128,585.5632294442044,0.02716030511551875,550-600,0.0
5129,509.23897875507544,0.14003513969019746,500-550,1.0
5130,538.9295374270243,0.07578840672101374,500-550,0.0
5131,516.3573191351873,0.12137569680642571,500-550,1.0
5132,538.1634798440361,0.07703751921907621,500-550,0.0
5133,533.4937633091197,0.08506770049599559,500-550,0.0
5134,481.4147904693803,0.23647147738866092,450-500,0.0
5135,508.47594369140097,0.14217172376358692,500-550,0.0
5136,506.57794393157604,0.14760437941608118,500-550,0.0
5137,521.8521758306182,0.10847392416676174,500-550,1.0
5138,470.60405516115884,0.28448096443248677,450-500,0.0
5139,545.0129173433493,0.06651163350300007,500-550,0.0
5140,555.046436335301,0.05348552831190205,550-600,0.0
5141,513.4851595517222,0.1286323394411058,500-550,0.0
5142,518.799548660561,0.1154854711323486,500-550,0.0
5143,543.0577409513894,0.06937192495380051,500-550,0.0
5144,547.9675329115937,0.06239651311998127,500-550,0.0
5145,488.2833188139314,0.20902382840963468,450-500,0.0
5146,491.483422974919,0.1970622228923593,450-500,0.0
5147,470.17864714662034,0.286485906058893,450-500,0.0
5148,465.9477817498836,0.30687728834376515,450-500,0.0
5149,541.4662728303393,0.07178374107721142,500-550,0.0
5150,501.96322867603476,0.16152936356506298,500-550,0.0
5151,510.6560675501165,0.13613848380622356,500-550,0.0
5152,562.9452061950782,0.04496448909236146,550-600,0.0
5153,436.15212871949774,0.46845860466294137,<450,0.0
5154,488.66640775364056,0.20756419732603745,450-500,1.0
5155,545.8272917386616,0.0653528717248408,500-550,0.0
5156,534.245490463471,0.08372558894348703,500-550,0.0
5157,559.238557431066,0.04878887591958351,550-600,0.0
5158,539.7878141419102,0.07441102763599186,500-550,0.0
5159,511.00109690243255,0.13520367008824957,500-550,1.0
5160,477.1022569768072,0.2549313244693895,450-500,0.0
5161,489.38750926453395,0.20483712731912684,450-500,0.0
5162,503.1956397579372,0.15770988172925055,500-550,0.0
5163,528.0322425906273,0.09541722184742527,500-550,0.0
5164,502.054224207187,0.16124481623814615,500-550,1.0
5165,538.9457727419473,0.07576213612024756,500-550,0.0
5166,483.9707853213583,0.2259751564164749,450-500,1.0
5167,497.30758847739105,0.17663349574906817,450-500,1.0
5168,554.8342992876208,0.053734204911512894,550-600,0.0
5169,555.0052297768727,0.053533747370803,550-600,0.0
5170,547.1755714174554,0.0634756266544611,500-550,0.0
5171,479.8082502064923,0.24323882740002317,450-500,0.0
5172,516.6144559026562,0.12074353794225973,500-550,0.0
5173,509.24783774181253,0.14001049212674818,500-550,0.0
5174,533.2226364892558,0.08555653205961779,500-550,0.0
5175,516.1353610807404,0.12192366228905685,500-550,0.0
5176,484.34351127432035,0.22447241900907458,450-500,0.0
5177,497.8851050574943,0.17470126659282886,450-500,0.0
5178,527.0422605950558,0.09740984528511629,500-550,0.0
5179,547.9675329115937,0.06239651311998127,500-550,0.0
5180,502.8141290627347,0.15888434936189855,500-550,0.0
5181,533.8985972221224,0.08434251468182484,500-550,0.0
5182,521.5515744342026,0.10914742080684972,500-550,0.0
5183,491.66916334838766,0.19638406490550117,450-500,0.0
5184,604.6476193784708,0.017646637734849792,600-650,0.0
5185,499.34977759004636,0.1698756125104792,450-500,0.0
5186,541.4960290356659,0.07173794490750102,500-550,0.0
5187,536.7416578984597,0.07940601648048584,500-550,0.0
5188,524.7923962289811,0.10207686248332687,500-550,0.0
5189,520.043251005372,0.1125824439230958,500-550,1.0
5190,500.5796335734184,0.16590599448290178,500-550,0.0
5191,528.654303839899,0.09418387018050133,500-550,0.0
5192,560.3532104426176,0.04760746686140311,550-600,0.0
5193,521.6049629210955,0.10902753666279447,500-550,1.0
5194,520.043251005372,0.1125824439230958,500-550,0.0
5195,465.9477817498836,0.30687728834376515,450-500,1.0
5196,514.7125763921573,0.12548698837213357,500-550,0.0
5197,496.92965171914796,0.1779070424740393,450-500,1.0
5198,564.975599244328,0.04299241890201465,550-600,0.0
5199,464.8305769230078,0.3123949879277646,450-500,0.0
5200,506.1995739781958,0.14870769189019853,500-550,0.0
5201,523.5103108185493,0.10482415653632998,500-550,1.0
5202,558.7843859988786,0.04927818011502851,550-600,0.0
5203,491.19645549457437,0.1981134432438836,450-500,1.0
5204,484.6918868322516,0.22307428860971437,450-500,0.0
5205,487.71099189047305,0.2112185301297638,450-500,0.0
5206,483.07258187029163,0.2296256841001314,450-500,1.0
5207,526.6580590006834,0.09819311042984818,500-550,0.0
5208,577.715547817553,0.032384877669268654,550-600,0.0
5209,536.8448061082273,0.07923197525568176,500-550,0.0
5210,553.6712860172577,0.05511702546121333,550-600,0.0
5211,515.88761617671,0.12253780446098791,500-550,1.0
5212,489.3121678825897,0.2051208053148092,450-500,0.0
5213,449.4277988045926,0.39339433037402155,<450,0.0
5214,483.67722924545257,0.22716370554344878,450-500,0.0
5215,487.64586554127095,0.21146933636723036,450-500,0.0
5216,457.94149897513796,0.3475616278989653,450-500,0.0
5217,574.8996044725116,0.034486880099972604,550-600,0.0
5218,524.1440449472141,0.10345810338238161,500-550,0.0
5219,504.2606393044416,0.15446865116317202,500-550,0.0
5220,479.6849933260042,0.2437634228333397,450-500,0.0
5221,529.2173259393237,0.0930799097944927,500-550,0.0
5222,532.1329922854787,0.08754688935107052,500-550,0.0
5223,470.80698396177144,0.28352754747144293,450-500,0.0
5224,552.7369748111777,0.056252123963391715,550-600,0.0
5225,510.0397992359508,0.13782172990691008,500-550,0.0
5226,520.2271207373977,0.11215870507282512,500-550,1.0
5227,554.9082299035069,0.05364741655581862,550-600,0.0
5228,527.9355557469431,0.0956102137956113,500-550,0.0
5229,464.8305769230078,0.3123949879277646,450-500,1.0
5230,488.71648765946514,0.20737394180643515,450-500,0.0
5231,518.4144226596,0.11639753445171948,500-550,1.0
5232,469.16905752662507,0.29127775955333945,450-500,1.0
5233,511.78557734840575,0.13309836661566427,500-550,0.0
5234,528.9525994920056,0.09359752547897704,500-550,0.0
5235,532.4150908708204,0.08702762452620968,500-550,0.0
5236,532.3650109649959,0.08711960380574907,500-550,0.0
5237,490.8738797983132,0.19930013785649603,450-500,0.0
5238,561.6708598781495,0.046245954908798896,550-600,0.0
5239,497.5073126339072,0.17596337553808342,450-500,0.0
5240,561.9650022641658,0.04594711878772255,550-600,0.0
5241,536.2758789317108,0.08019627945967363,500-550,0.0
5242,493.6888299243693,0.18912382334693004,450-500,0.0
5243,517.8135502467159,0.11783302128929704,500-550,0.0
5244,479.1115831094704,0.24621398834404523,450-500,0.0
5245,542.823357518403,0.06972235708363414,500-550,1.0
5246,491.4823556796922,0.19706612480270658,450-500,0.0
5247,522.5562622220818,0.10691069493706033,500-550,0.0
5248,495.5326404254346,0.18267704764429044,450-500,1.0
5249,461.1258648923539,0.33107009349014965,450-500,0.0
5250,517.3686176189344,0.11890582931954685,500-550,0.0
5251,531.1447211436272,0.08938817886311247,500-550,0.0
5252,485.7278258728606,0.21895352512919308,450-500,0.0
5253,511.0019469397342,0.13520137372072033,500-550,0.0
5254,523.7431262025066,0.10432046766310481,500-550,0.0
5255,500.1580405902301,0.16725833752509733,500-550,1.0
5256,520.8284595314904,0.11078260238683957,500-550,0.0
5257,507.83074894677145,0.1439995013402944,500-550,0.0
5258,545.4374851706599,0.06590516047877149,500-550,0.0
5259,487.3028417499265,0.21279394146927993,450-500,0.0
5260,499.67697941017786,0.16881218098446413,450-500,0.0
5261,510.0898791417754,0.1376842939191924,500-550,0.0
5262,524.4063144842136,0.1028973866646199,500-550,0.0
5263,567.3504022599391,0.040790624363936254,550-600,0.0
5264,490.54244900893525,0.20052496124267946,450-500,1.0
5265,550.7800263791419,0.05870121732186312,550-600,0.0
5266,562.3009658578906,0.045608042840595525,550-600,0.0
5267,553.9309269262603,0.05480543632767209,550-600,0.0
5268,535.4350463095501,0.08164107322408545,500-550,0.0
5269,504.150582316163,0.15480106065724228,500-550,0.0
5270,538.2475397770983,0.07689953709390591,500-550,0.0
5271,537.4179054171253,0.07827132453918116,500-550,0.0
5272,480.48532171725697,0.2403708169030393,450-500,1.0
5273,461.03025438226916,0.33155950291506425,450-500,1.0
5274,488.2833188139314,0.20902382840963468,450-500,0.0
5275,521.6049629210955,0.10902753666279447,500-550,0.0
5276,491.483422974919,0.1970622228923593,450-500,0.0
5277,594.6596965788874,0.022125819184867043,550-600,0.0
5278,560.117703193006,0.04785479234184925,550-600,0.0
5279,484.7725923815342,0.22275128134867248,450-500,0.0
5280,479.8926617028178,0.2428800046382283,450-500,0.0
5281,510.55591231947744,0.1364108596044787,500-550,0.0
5282,521.3846653230315,0.10952296247687071,500-550,0.0
5283,551.4030577328795,0.05791084610100685,550-600,0.0
5284,569.0473436491588,0.03928387693095023,550-600,0.0
5285,551.524665630616,0.057757744938102706,550-600,0.0
5286,531.5359057245203,0.0886552065324029,500-550,0.0
5287,577.7656277233776,0.03234863854888368,550-600,0.0
5288,486.51978736699886,0.21584039455245266,450-500,1.0
5289,486.9147424591629,0.2142998955822239,450-500,0.0
5290,527.8909326320232,0.09569940152300027,500-550,0.0
5291,515.7533878361005,0.12287165746382574,500-550,0.0
5292,529.1241891702173,0.09326172518504164,500-550,0.0
5293,543.0286359366888,0.06941535174009776,500-550,0.0
5294,490.4923691031107,0.20071052430413727,450-500,0.0
5295,474.93992706233746,0.2645364807762707,450-500,0.0
5296,545.8702344189376,0.06529229323806854,500-550,0.0
5297,508.73471763741435,0.14144409661048737,500-550,0.0
5298,527.5780613787907,0.09632682556059652,500-550,0.0
5299,473.597613158133,0.27061437426441104,450-500,0.0
5300,448.58575740462976,0.398046549549226,<450,0.0
5301,481.50445352436594,0.23609763841230483,450-500,1.0
5302,486.32637038189563,0.21659772799565236,450-500,0.0
5303,505.07992736992196,0.15201243461758238,500-550,0.0
5304,501.5719749701794,0.1627574527490824,500-550,0.0
5305,541.8181051994858,0.07124397731461717,500-550,0.0
5306,543.9647255861274,0.06803117830900746,500-550,0.0
5307,547.1254915116309,0.06354444641544048,500-550,0.0
5308,463.18435551105466,0.3206229621066093,450-500,0.0
5309,540.3952136896896,0.07345021020371086,500-550,0.0
5310,516.2121314834668,0.12173389251736959,500-550,0.0
5311,515.5691726723992,0.12333111085368767,500-550,0.0
5312,466.52119196641735,0.30406649830285726,450-500,0.0
5313,489.60834690463923,0.20400730032730616,450-500,0.0
5314,486.40162235476464,0.21630284701277874,450-500,1.0
5315,497.8194136237458,0.17492021136299327,450-500,0.0
5316,459.56415297663034,0.33910930853016974,450-500,1.0
5317,491.19645549457437,0.1981134432438836,450-500,1.0
5318,531.0793756337291,0.08951114982473067,500-550,0.0
5319,524.4729662427787,0.10275531852404175,500-550,0.0
5320,544.828085464234,0.06677727240020874,500-550,0.0
5321,478.89694241915106,0.24713554727241233,450-500,0.0
5322,472.3225987821272,0.2764682086461038,450-500,0.0
5323,529.1241891702173,0.09326172518504164,500-550,1.0
5324,541.0023177233585,0.07250128648524388,500-550,0.0
5325,533.9234142996511,0.0842982424993879,500-550,0.0
5326,537.9840938254665,0.077332735645695,500-550,0.0
5327,507.5598314008416,0.14477279381340635,500-550,0.0
5328,457.4682392662453,0.35004530556810315,450-500,1.0
5329,477.5654553180439,0.2529038797826298,450-500,0.0
5330,498.4377097920875,0.17286802326815157,450-500,0.0
5331,465.5229208674265,0.3089692149235169,450-500,0.0
5332,451.34419986715983,0.38287932802827607,450-500,1.0
5333,532.6008312442891,0.08668725112612155,500-550,0.0
5334,494.52851192314256,0.1861665271619209,450-500,1.0
5335,511.28346825976007,0.13444265504700015,500-550,0.0
5336,485.2422953400114,0.22087801848537358,450-500,1.0
5337,446.7296524508646,0.4083655988134463,<450,0.0
5338,570.2653350581159,0.038235457648594644,550-600,0.0
5339,490.0063931982134,0.2025179087124254,450-500,0.0
5340,498.28422768466794,0.17337566239277183,450-500,0.0
5341,504.9501708156263,0.15239929575740055,500-550,0.0
5342,508.8035642288404,0.14125103659678556,500-550,0.0
5343,549.4140431533007,0.06046961079068316,500-550,0.0
5344,571.3876692623121,0.037293203700366866,550-600,0.0
5345,487.40529935637846,0.21239766277631683,450-500,0.0
5346,550.5472109951846,0.058999152373185045,550-600,0.0
5347,593.7429482138879,0.022588774026107816,550-600,0.0
5348,549.5793247331419,0.06025301610622336,500-550,0.0
5349,502.01330858185935,0.16137271120328414,500-550,0.0
5350,515.0800705582747,0.12455815421236531,500-550,0.0
5351,527.0751826310748,0.09734298759913301,500-550,0.0
5352,465.2436953584199,0.31034834732615296,450-500,0.0
5353,496.03431113793425,0.18095279326655495,450-500,0.0
5354,466.39228883873136,0.3046971029430167,450-500,0.0
5355,533.9234142996511,0.0842982424993879,500-550,0.0
5356,518.6419556085618,0.1158579328040954,500-550,1.0
5357,511.5180554422508,0.13381317682786925,500-550,0.0
5358,505.99913239342936,0.14929492499099306,500-550,0.0
5359,553.2328805243717,0.055646935038916656,550-600,0.0
5360,509.4057392424831,0.13957178598805195,500-550,1.0
5361,542.6896181536505,0.06992304700896805,500-550,0.0
5362,470.8409427356789,0.2833681882547951,450-500,1.0
5363,478.3959137427161,0.24929571300603823,450-500,1.0
5364,514.818365906226,0.12521900107358203,500-550,0.0
5365,530.7359809917655,0.09015987977327969,500-550,0.0
5366,494.5539315419253,0.1860775598782771,450-500,0.0
5367,499.83765563026043,0.16829191596541793,450-500,0.0
5368,494.6040114477499,0.1859023788937263,450-500,0.0
5369,526.3194035413042,0.09888817026750685,500-550,0.0
5370,464.1264905315441,0.31590001279907975,450-500,1.0
5371,505.19144330481413,0.1516806010814282,500-550,0.0
5372,562.5778445128875,0.0453303914772603,550-600,0.0
5373,495.94560071818364,0.18125676766391355,450-500,1.0
5374,555.6627046494668,0.052769256486982274,550-600,0.0
5375,445.2831467901677,0.4164643574054913,<450,0.0
5376,528.290303902947,0.09490382344566169,500-550,0.0
5377,565.1088146766263,0.042865958314354295,550-600,0.0
5378,483.62384075855965,0.22738033843944833,450-500,1.0
5379,539.5731734515908,0.07475331308480401,500-550,0.0
5380,477.3786476493484,0.253720262178886,450-500,1.0
5381,463.98853552304496,0.3165892448396525,450-500,0.0
5382,499.2324234588443,0.1702583186680585,450-500,0.0
5383,467.41025500659873,0.2997372407402292,450-500,0.0
5384,489.3121678825897,0.2051208053148092,450-500,0.0
5385,455.56166086921536,0.3601325806669435,450-500,0.0
5386,483.9707853213583,0.2259751564164749,450-500,0.0
5387,588.7077600547848,0.02530514143065323,550-600,0.0
5388,529.6903775785585,0.09216135268761222,500-550,0.0
5389,488.66640775364056,0.20756419732603745,450-500,0.0
5390,506.3201956489379,0.1483552265426964,500-550,0.0
5391,560.3393727770423,0.04762196528915584,550-600,0.0
5392,564.9116816729281,0.04305322188152988,550-600,0.0
5393,531.0946412378026,0.08948240847960198,500-550,0.0
5394,489.94203475969346,0.20275817130143944,450-500,0.0
5395,516.46348328905,0.12111435211469504,500-550,0.0
5396,462.61816710271347,0.32347913672086814,450-500,0.0
5397,530.2200741167073,0.09114247718047637,500-550,0.0
5398,452.6956246320793,0.3755289850717241,450-500,0.0
5399,527.6281412846154,0.09622615013033037,500-550,0.0
5400,502.7721482642261,0.15901401814034427,500-550,0.0
5401,541.5098667012412,0.07171665728787763,500-550,0.0
5402,537.7263455428284,0.07775872791900713,500-550,0.0
5403,523.6054796426789,0.1046180027792891,500-550,0.0
5404,527.1868462405596,0.09711652727291703,500-550,0.0
5405,508.78479754323894,0.1413036404078211,500-550,0.0
5406,506.66439262012807,0.1473532501401485,500-550,1.0
5407,565.205814549992,0.04277410056973875,550-600,0.0
5408,500.95886107110545,0.16469704301921206,500-550,0.0
5409,543.0076610455649,0.06944666339051472,500-550,0.0
5410,501.91626919868787,0.16167636659198534,500-550,0.0
5411,573.9926198377734,0.03519150437624364,550-600,0.0
5412,534.5924350262696,0.0831126757696562,500-550,0.0
5413,512.5652384521406,0.13103355712138856,500-550,0.0
5414,473.02413335826674,0.27323766258937,450-500,0.0
5415,476.44825049116815,0.25781209541014455,450-500,0.0
5416,503.51821545419836,0.15672235711049726,500-550,0.0
5417,508.68837447103135,0.14157417646483678,500-550,0.0
5418,539.15031126294,0.07543188474007527,500-550,0.0
5419,454.1002629311175,0.3679495705183059,450-500,0.0
5420,470.80698396177144,0.28352754747144293,450-500,1.0
5421,446.6696753684106,0.40870044641511255,<450,1.0
5422,491.82882235653904,0.1958025433947792,450-500,0.0
5423,547.9675329115937,0.06239651311998127,500-550,0.0
5424,481.65167804390035,0.23548469025856722,450-500,0.0
5425,524.8869984117646,0.10187669473967062,500-550,0.0
5426,485.7278258728606,0.21895352512919308,450-500,0.0
5427,505.8571554503643,0.14971203020960508,500-550,0.0
5428,528.332227676079,0.09482065231738962,500-550,0.0
5429,522.4116391013994,0.10723016369716656,500-550,0.0
5430,504.44892564206026,0.15390131552297123,500-550,0.0
5431,536.8193609080904,0.07927487633548894,500-550,0.0
5432,507.509751495017,0.14491611641067886,500-550,1.0
5433,551.735086180048,0.057493728147921114,550-600,0.0
5434,446.7947788000667,0.40800209954005423,<450,1.0
5435,480.1531166877986,0.24177511070617075,450-500,0.0
5436,475.6405614025529,0.2613990032053498,450-500,1.0
5437,493.3037039234083,0.19049220736534034,450-500,1.0
5438,501.6840077480382,0.16240503133527676,500-550,0.0
5439,540.9586545064224,0.07256915467554217,500-550,0.0
5440,477.1022569768072,0.2549313244693895,450-500,1.0
5441,489.60834690463923,0.20400730032730616,450-500,0.0
5442,491.19645549457437,0.1981134432438836,450-500,0.0
5443,509.634088013216,0.1389393900342717,500-550,0.0
5444,515.2783901607045,0.12405935923981555,500-550,0.0
5445,509.85182592801374,0.13833861993069677,500-550,0.0
5446,539.9079204457307,0.07422012470665125,500-550,0.0
5447,518.4645025654245,0.1162785813866495,500-550,0.0
5448,506.3201956489379,0.1483552265426964,500-550,0.0
5449,530.2939156843157,0.09100124983188322,500-550,0.0
5450,551.2083547063723,0.058156765429969996,550-600,0.0
5451,501.10858011007264,0.16422169993339134,500-550,1.0
5452,510.0397992359508,0.13782172990691008,500-550,0.0
5453,494.05787022069654,0.18781967655210452,450-500,0.0
5454,491.60282269462175,0.19662607908548402,450-500,0.0
5455,524.7110124645494,0.10224934036366194,500-550,0.0
5456,479.8082502064923,0.24323882740002317,450-500,0.0
5457,495.94560071818364,0.18125676766391355,450-500,0.0
5458,493.8244255316789,0.18864383855596212,450-500,0.0
5459,555.815214538245,0.05259340151647497,550-600,0.0
5460,518.0757672002208,0.11720470680127554,500-550,1.0
5461,498.4443725519912,0.17284601296747107,450-500,0.0
5462,510.0898791417754,0.1376842939191924,500-550,0.0
5463,553.728028682986,0.05504878775135385,550-600,0.0
5464,527.9821672658128,0.09551713124837075,500-550,0.0
5465,521.5188051619183,0.1092210616649041,500-550,0.0
5466,516.9783539784978,0.1198537669580419,500-550,0.0
5467,495.99568062400823,0.18108511542567313,450-500,0.0
5468,538.4572873432368,0.07655622950451303,500-550,0.0
5469,542.6064164360544,0.07004816933251971,500-550,0.0
5470,496.92607778218854,0.1779191199647671,450-500,0.0
5471,491.8700289149673,0.19565266957370855,450-500,0.0
5472,503.8903715238428,0.1555893094992267,500-550,0.0
5473,552.7369748111777,0.056252123963391715,550-600,0.0
5474,534.8538114578314,0.08265362519529731,500-550,0.0
5475,479.17724713959205,0.2459325227804294,450-500,0.0
5476,497.6188285687994,0.17559008476691831,450-500,0.0
5477,514.2723814696595,0.1266073748413732,500-550,0.0
5478,556.0674184472635,0.05230380610135605,550-600,0.0
5479,523.5103108185493,0.10482415653632998,500-550,0.0
5480,449.59938848280433,0.39244864680014235,<450,0.0
5481,515.7074712679182,0.12298604066370167,500-550,1.0
5482,507.83074894677145,0.1439995013402944,500-550,0.0
5483,506.3201956489379,0.1483552265426964,500-550,0.0
5484,513.3235637110054,0.12905141089463049,500-550,0.0
5485,515.2283764460024,0.12418498716555895,500-550,0.0
5486,494.05787022069654,0.18781967655210452,450-500,0.0
5487,528.9031556606212,0.09369448788934874,500-550,0.0
5488,534.8780221817059,0.0826112212908229,500-550,0.0
5489,523.929933871202,0.10391786249604987,500-550,1.0
5490,493.88290993685655,0.18843710275100148,450-500,0.0
5491,457.55482684396713,0.3495902790301484,450-500,1.0
5492,518.4144226596,0.11639753445171948,500-550,0.0
5493,493.0372036137416,0.19144352874818177,450-500,0.0
5494,453.5267831312512,0.37103642776271784,450-500,0.0
5495,479.4909638491161,0.2445907867527994,450-500,1.0
5496,451.87705264267316,0.3799745550089428,450-500,0.0
5497,501.5662606188849,0.16277544488211573,500-550,0.0
5498,511.81193170110646,0.1330281237731068,500-550,0.0
5499,453.5267831312512,0.37103642776271784,450-500,1.0
5500,499.1832680978705,0.17041882381715265,450-500,0.0
5501,504.42592088428285,0.15397054086540637,500-550,0.0
5502,519.3391646139082,0.11421799830110267,500-550,1.0
5503,484.15633747181164,0.2252261677870569,450-500,0.0
5504,488.42637446906184,0.20847788132159473,450-500,0.0
5505,482.1655972355536,0.23335370279233233,450-500,0.0
5506,543.0577409513894,0.06937192495380051,500-550,1.0
5507,490.73735578494666,0.19980398915001993,450-500,0.0
5508,523.0392912343377,0.1058497621067003,500-550,0.0
5509,521.6641409162944,0.10889478720171636,500-550,0.0
5510,572.0261443599236,0.03676717463790061,550-600,0.0
5511,495.0257564827393,0.18443214990117351,450-500,0.0
5512,499.0945254757218,0.17070889617563664,450-500,1.0
5513,540.0247017164302,0.07403493881231625,500-550,0.0
5514,510.4034024306992,0.13682649703257424,500-550,0.0
5515,542.6514131786581,0.06998047560935135,500-550,0.0
5516,497.16770493290954,0.1771040295672511,450-500,0.0
5517,547.9675329115937,0.06239651311998127,500-550,0.0
5518,502.75746056134903,0.1590594052479401,500-550,1.0
5519,533.1759161145462,0.08564102391632386,500-550,0.0
5520,512.1340078649263,0.1321722200856977,500-550,0.0
5521,523.929933871202,0.10391786249604987,500-550,0.0
5522,502.520572986829,0.15979287337991668,500-550,0.0
5523,515.1439881296747,0.12439720712266905,500-550,0.0
5524,509.13312763089436,0.14032992083584098,500-550,0.0
5525,491.24653540039895,0.1979296866791521,450-500,0.0
5526,468.77203305800185,0.2931750513799801,450-500,0.0
5527,490.46597242889914,0.20080838469053558,450-500,0.0
5528,471.5923568603486,0.2798559049230566,450-500,0.0
5529,534.4128600007955,0.08342940241310315,500-550,0.0
5530,514.842332946453,0.1251583556472889,500-550,1.0
5531,502.5644798874125,0.15965671923848487,500-550,0.0
5532,492.3661820086728,0.19385490839757646,450-500,0.0
5533,497.0442724353336,0.1775200425823845,450-500,1.0
5534,512.8511340562484,0.13028325106443375,500-550,0.0
5535,455.95517626121364,0.35804009055569774,450-500,0.0
5536,580.5142036195259,0.03041873735612247,550-600,0.0
5537,514.9402303401462,0.12491090056155159,500-550,0.0
5538,484.02086522718287,0.2257728332670972,450-500,0.0
5539,556.827437566843,0.051440193097199716,550-600,0.0
5540,528.023373824241,0.09543490983844059,500-550,0.0
5541,534.8878576761915,0.08259400055601929,500-550,0.0
5542,510.27668681047084,0.13717264706879925,500-550,0.0
5543,447.25244021050247,0.405450545659772,<450,0.0
5544,505.07992736992196,0.15201243461758238,500-550,0.0
5545,581.9873766626051,0.029430740655001543,550-600,0.0
5546,512.5207161751817,0.13115073130566593,500-550,0.0
5547,515.9603878106304,0.1223571331490017,500-550,0.0
5548,467.8578692235384,0.2975709966093418,450-500,0.0
5549,473.3826533897943,0.27159581396400784,450-500,0.0
5550,511.86353223568835,0.13289068259686665,500-550,0.0
5551,562.8786496588075,0.045030571828781125,550-600,0.0
5552,513.7688801331421,0.12789936450741216,500-550,0.0
5553,610.2622185254852,0.015533045645195948,600-650,0.0
5554,494.4873571951776,0.18631063601927347,450-500,0.0
5555,567.3269897364968,0.04081179500865435,550-600,0.0
5556,545.777211832837,0.06542358459847172,500-550,0.0
5557,497.3921109598906,0.1763496591445759,450-500,0.0
5558,536.014806256306,0.08064236160308359,500-550,0.0
5559,482.67855132297836,0.23124013069154595,450-500,0.0
5560,492.99505498481795,0.19159431758471915,450-500,0.0
5561,556.2612491585018,0.052082262801267216,550-600,0.0
5562,482.8318792644214,0.23061096408242543,450-500,0.0
5563,515.9128790050058,0.1224750580342227,500-550,0.0
5564,525.5057316218481,0.1005760870410943,500-550,0.0
5565,525.7436955299676,0.10007981401541569,500-550,0.0
5566,509.19775783598794,0.14014987272853774,500-550,1.0
5567,550.0617415405693,0.0596249745266088,550-600,0.0
5568,479.72785142363614,0.2435809269391205,450-500,0.0
5569,497.112885450884,0.1772886969134749,450-500,0.0
5570,521.8916738652564,0.10838570074135481,500-550,0.0
5571,521.1381756270453,0.11007963088118138,500-550,0.0
5572,525.5417256927501,0.10050088145923942,500-550,0.0
5573,531.0760161026141,0.08951747610574844,500-550,0.0
5574,520.3183178960085,0.11194905312053526,500-550,0.0
5575,584.6061649036417,0.02775073495869365,550-600,0.0
5576,505.99913239342936,0.14929492499099306,500-550,0.0
5577,508.7986352088143,0.14126485126318394,500-550,0.0
5578,529.178872231265,0.09315493797598925,500-550,0.0
5579,539.9128494657568,0.07421229990845606,500-550,0.0
5580,466.34220893290683,0.3049422960064169,450-500,0.0
5581,536.7138190256617,0.07945304863633566,500-550,0.0
5582,528.2821477702545,0.09492001170235922,500-550,0.0
5583,540.8408089916188,0.07275262098613734,500-550,0.0
5584,519.3892445197329,0.11410098499814958,500-550,0.0
5585,517.7103362681363,0.11808113817103419,500-550,0.0
5586,464.7804970171832,0.3126435901678856,450-500,1.0
5587,479.83268462036375,0.2431349227666821,450-500,0.0
5588,533.1796427824358,0.0856342816176602,500-550,0.0
5589,534.1805985501459,0.08384068212995666,500-550,0.0
5590,485.6751067072592,0.2191619023293526,450-500,0.0
5591,535.4249687653617,0.08165853234527741,500-550,0.0
5592,534.5697081328333,0.08315269996286465,500-550,0.0
5593,472.2580690058988,0.2767665489074411,450-500,0.0
5594,446.00281730592843,0.41242910853771164,<450,1.0
5595,556.5018153433942,0.051808535401583,550-600,0.0
5596,501.1957486456255,0.16394545657502382,500-550,0.0
5597,463.41773400894976,0.31944955255292407,450-500,1.0
5598,538.3497129805663,0.07673212757580496,500-550,0.0
5599,494.7653994976626,0.18533870470066321,450-500,0.0
5600,488.87398868600144,0.2067764287221999,450-500,0.0
5601,560.2892928712176,0.04767447162762067,550-600,0.0
5602,503.56829536002294,0.15656949609741413,500-550,0.0
5603,460.0970158236956,0.33635556113581855,450-500,0.0
5604,467.35601155818756,0.30000036578820727,450-500,0.0
5605,467.5094936656071,0.29925619401292136,450-500,1.0
5606,568.4431688999973,0.03981411536897923,550-600,1.0
5607,524.6501108372446,0.10237857901462384,500-550,1.0
5608,484.7254909446259,0.22293975454750126,450-500,1.0
5609,428.0587923752124,0.5151609603802895,<450,1.0
5610,510.7441986570961,0.13589918713284427,500-550,1.0
5611,540.0247017164302,0.07403493881231625,500-550,0.0
5612,517.1884776343592,0.11934257496212583,500-550,0.0
5613,489.6414687164108,0.20388305653475933,450-500,0.0
5614,523.4999377602503,0.10484664821592718,500-550,0.0
5615,491.8127238087401,0.1958611195778794,450-500,0.0
5616,518.590145800046,0.11598060996711478,500-550,0.0
5617,484.91784111148837,0.22217079438169368,450-500,0.0
5618,524.6501108372446,0.10237857901462384,500-550,0.0
5619,512.7810731602585,0.13046678070481268,500-550,0.0
5620,489.8106890676021,0.20324916970471096,450-500,0.0
5621,514.6504195677433,0.1256446738031613,500-550,0.0
5622,549.7396653767494,0.06004359033345918,500-550,0.0
5623,492.8082473161225,0.19226372220007415,450-500,0.0
5624,497.4881370003444,0.17602762730482152,450-500,0.0
5625,515.9051481823316,0.12249425649129862,500-550,1.0
5626,561.8510047869413,0.04606271660208005,550-600,0.0
5627,536.3181157345244,0.08012432351048018,500-550,0.0
5628,543.563480976617,0.06862132824609588,500-550,0.0
5629,477.14088749073323,0.25476182857430707,450-500,0.0
5630,496.87599787636395,0.17808842376729717,450-500,1.0
5631,528.33696725228,0.09481125374215958,500-550,0.0
5632,561.620779972325,0.04629701785693508,550-600,0.0
5633,459.61423288245487,0.33885003620371984,450-500,1.0
5634,501.00894097693,0.16453792146251953,500-550,0.0
5635,505.2879087764171,0.1513940326628135,500-550,1.0
5636,515.8506833618392,0.12262958593047926,500-550,0.0
5637,445.5200343646877,0.4151348458659417,<450,0.0
5638,481.14387292345043,0.2376035152095089,450-500,0.0
5639,455.608231698415,0.35988466430540916,450-500,0.0
5640,530.1922352439093,0.09119577220907671,500-550,0.0
5641,508.003775837006,0.14350742261958319,500-550,0.0
5642,485.3458933178907,0.2204663731751951,450-500,1.0
5643,476.39817058534356,0.2580335611458198,450-500,0.0
5644,471.9744235814903,0.27808027965888393,450-500,0.0
5645,514.306875749738,0.12651927186690531,500-550,0.0
5646,529.843859685978,0.09186508017656328,500-550,0.0
5647,511.65825381740257,0.13343816720144508,500-550,0.0
5648,507.54516179133526,0.14481476425238168,500-550,0.0
5649,528.4701826845782,0.09454742861985779,500-550,0.0
5650,491.66916334838766,0.19638406490550117,450-500,0.0
5651,523.4602309127248,0.10493278309487007,500-550,0.0
5652,525.8873208506545,0.09978133807704143,500-550,0.0
5653,523.3186237361374,0.10524047612023861,500-550,0.0
5654,552.1596540073588,0.0569644652744171,550-600,0.0
5655,438.8778167868533,0.4528133139848237,<450,0.0
5656,509.62683894320173,0.13895942884181534,500-550,0.0
5657,554.9082299035069,0.05364741655581862,550-600,0.0
5658,553.2980325720342,0.05556788220646835,550-600,0.0
5659,473.21073727745784,0.27238233422001373,450-500,1.0
5660,501.2761003786241,0.16369114714867908,500-550,0.0
5661,484.02086522718287,0.2257728332670972,450-500,0.0
5662,485.5324972370818,0.21972629361361914,450-500,1.0
5663,522.2706750666457,0.10754235768987352,500-550,0.0
5664,479.72785142363614,0.2435809269391205,450-500,0.0
5665,521.5535140446982,0.10914306337659883,500-550,0.0
5666,450.21565679697005,0.3890588944110455,450-500,0.0
5667,568.6346096527077,0.03964536405188542,550-600,0.0
5668,503.913694741643,0.15551852379711217,500-550,0.0
5669,478.6639688925308,0.2481384372059564,450-500,1.0
5670,462.25044927624947,0.3253412048220967,450-500,0.0
5671,528.4701826845782,0.09454742861985779,500-550,0.0
5672,480.06456441071106,0.24215037990930938,450-500,0.0
5673,494.69533860167274,0.18558324152794003,450-500,0.0
5674,450.5332947176095,0.38731590061719867,450-500,1.0
5675,533.1796427824358,0.0856342816176602,500-550,0.0
5676,537.1601571344872,0.07870204607254344,500-550,0.0
5677,491.24653540039895,0.1979296866791521,450-500,0.0
5678,495.8547165892545,0.18156860264275693,450-500,0.0
5679,510.8418079235852,0.13563456883329536,500-550,0.0
5680,511.81193170110646,0.1330281237731068,500-550,0.0
5681,544.0981019537819,0.0678360526478813,500-550,0.0
5682,525.6597004572399,0.1002547364692012,500-550,0.0
5683,459.56415297663034,0.33910930853016974,450-500,0.0
5684,465.8010150003748,0.3075990450862126,450-500,0.0
5685,516.2121314834668,0.12173389251736959,500-550,0.0
5686,499.2324234588443,0.1702583186680585,450-500,0.0
5687,500.4219793049234,0.16641067365410234,500-550,0.0
5688,592.892047827188,0.023026935593582234,550-600,0.0
5689,491.2167791950724,0.19803885467014823,450-500,0.0
5690,499.4693110333643,0.16948650305392574,450-500,1.0
5691,465.5502474387685,0.3088344274407435,450-500,0.0
5692,488.4701264826268,0.20831111924717507,450-500,0.0
5693,503.5824460552799,0.15652632533917607,500-550,0.0
5694,555.6627046494668,0.052769256486982274,550-600,0.0
5695,560.2193836334125,0.04774786002651242,550-600,0.0
5696,508.853644134665,0.1411107405963512,500-550,0.0
5697,480.92462907790787,0.23852235983925354,450-500,1.0
5698,485.20630126910936,0.22102116933434993,450-500,1.0
5699,501.54734026449177,0.16283502870204097,500-550,1.0
5700,459.2665270658459,0.34065215723101866,450-500,0.0
5701,556.9308397684379,0.051323744052445,550-600,0.0
5702,505.4132110141999,0.15102246365785038,500-550,0.0
5703,512.0909568528187,0.13228635544118533,500-550,0.0
5704,581.4211882542639,0.029806723812318733,550-600,0.0
5705,547.9675329115937,0.06239651311998127,500-550,0.0
5706,485.0703510002666,0.22156245208693465,450-500,0.0
5707,476.8465054593674,0.25605533412463644,450-500,0.0
5708,516.6645312274708,0.12062076098259307,500-550,0.0
5709,588.8139242086474,0.025244711242862036,550-600,0.0
5710,525.7568396055216,0.10005246561122443,500-550,0.0
5711,502.0041443013625,0.16140136834057578,500-550,1.0
5712,602.9864684464446,0.018324441810157483,600-650,0.0
5713,491.14732469287156,0.19829384208509562,450-500,0.0
5714,473.4060659132366,0.27148881137880465,450-500,1.0
5715,494.34595013543014,0.18680644744367914,450-500,1.0
5716,554.0982451421347,0.054605521530980604,550-600,0.0
5717,479.4909638491161,0.2445907867527994,450-500,0.0
5718,464.8305769230078,0.3123949879277646,450-500,1.0
5719,538.6713418516005,0.07620732214314897,500-550,0.0
5720,490.80890833612966,0.19953980042111316,450-500,0.0
5721,516.3178821787828,0.12147290264945647,500-550,0.0
5722,510.48198170359126,0.13661221086525216,500-550,0.0
5723,526.2331412311119,0.09906591449886233,500-550,0.0
5724,495.99568062400823,0.18108511542567313,450-500,0.0
5725,505.25536087621407,0.1514906724285965,500-550,1.0
5726,560.3393727770423,0.04762196528915584,550-600,0.0
5727,498.72467727243213,0.17192203921650848,450-500,1.0
5728,504.150582316163,0.15480106065724228,500-550,0.0
5729,560.3393727770423,0.04762196528915584,550-600,0.0
5730,547.1302310878318,0.06353793031560877,500-550,0.0
5731,567.4821937721496,0.04067164867513912,550-600,1.0
5732,503.4779811144114,0.15684525408949798,500-550,1.0
5733,459.1062318925142,0.3414845077750399,450-500,0.0
5734,493.7365504290043,0.18895479438099377,450-500,0.0
5735,543.0577409513894,0.06937192495380051,500-550,0.0
5736,504.37584097845826,0.15412132814407914,500-550,0.0
5737,483.15319905611364,0.2292963510538176,450-500,0.0
5738,513.7688801331421,0.12789936450741216,500-550,0.0
5739,433.6721608843886,0.4827483721756829,<450,1.0
5740,517.2719307752502,0.11914007240141922,500-550,1.0
5741,488.87398868600144,0.2067764287221999,450-500,1.0
5742,585.1001892456308,0.02744442209992687,550-600,0.0
5743,503.51821545419836,0.15672235711049726,500-550,0.0
5744,530.7068759770648,0.0902150583037995,500-550,0.0
5745,495.68984277507815,0.18213537091555276,450-500,0.0
5746,484.87525161544465,0.2223408913741098,450-500,0.0
5747,465.6381225414431,0.30840120676376764,450-500,0.0
5748,479.15352292550676,0.24603419040850424,450-500,0.0
5749,510.95186703390965,0.13533672024686455,500-550,1.0
5750,507.6646581719035,0.14447317355428807,500-550,0.0
5751,479.9692086337303,0.2425549241479924,450-500,1.0
5752,477.1523368826318,0.25471160728014114,450-500,0.0
5753,509.64067660877714,0.13892117909712814,500-550,0.0
5754,474.59298249953883,0.2660990136983959,450-500,0.0
5755,482.1655972355536,0.23335370279233233,450-500,0.0
5756,465.95022353128167,0.3068652883468908,450-500,0.0
5757,516.074385287855,0.12207457063266085,500-550,0.0
5758,472.2580690058988,0.2767665489074411,450-500,0.0
5759,487.3961329538357,0.21243309401322719,450-500,0.0
5760,544.597010612316,0.06711075678854636,500-550,0.0
5761,490.80890833612966,0.19953980042111316,450-500,0.0
5762,487.9623213621769,0.2102526851048862,450-500,1.0
5763,524.6567855133558,0.10236440770205607,500-550,0.0
5764,485.682485543237,0.21913272823891744,450-500,0.0
5765,475.0057164959901,0.26424084869314685,450-500,1.0
5766,513.7122116317565,0.12804547873310812,500-550,0.0
5767,486.95768513943887,0.21413288307435593,450-500,0.0
5768,457.55482684396713,0.3495902790301484,450-500,0.0
5769,498.33430759049253,0.17320989470539216,450-500,0.0
5770,491.483422974919,0.1970622228923593,450-500,0.0
5771,529.2381866474418,0.09303923053382207,500-550,0.0
5772,590.3326934440951,0.024395447492079583,550-600,0.0
5773,502.47324525362296,0.15993974072002945,500-550,1.0
5774,479.8312536252311,0.243141007084076,450-500,0.0
5775,573.9926198377734,0.03519150437624364,550-600,0.0
5776,526.173963235913,0.09918801566243694,500-550,0.0
5777,497.53006596838975,0.1758871599034145,450-500,0.0
5778,502.520572986829,0.15979287337991668,500-550,0.0
5779,534.8780221817059,0.0826112212908229,500-550,0.0
5780,504.9000909098017,0.15254882173181894,500-550,1.0
5781,537.372428666524,0.07834716341102835,500-550,0.0
5782,530.7068759770648,0.0902150583037995,500-550,0.0
5783,486.4785808085706,0.2160015797739777,450-500,1.0
5784,549.5793247331419,0.06025301610622336,500-550,0.0
5785,552.1095741015341,0.05702665554333785,550-600,0.0
5786,489.8783562909308,0.2029961045599363,450-500,1.0
5787,492.92886134038906,0.19183131155166586,450-500,0.0
5788,521.5607387146995,0.10912683414375933,500-550,0.0
5789,493.8152325149161,0.18867635066497404,450-500,1.0
5790,554.398125743204,0.05424893716827019,550-600,0.0
5791,497.9440439500559,0.17450501147098973,450-500,0.0
5792,559.2443226706423,0.04878269442923102,550-600,0.0
5793,486.9715651265251,0.21407892133582654,450-500,0.0
5794,497.5573925397318,0.17579565986228382,450-500,1.0
5795,498.6481303415196,0.17217397318316643,450-500,0.0
5796,564.8133256252884,0.04314694564988462,550-600,0.0
5797,469.32655855316136,0.2905271038994288,450-500,1.0
5798,558.9222839820012,0.04912912507930897,550-600,0.0
5799,497.06180444095514,0.17746090660337216,450-500,0.0
5800,498.09548013665056,0.17400155555882038,450-500,0.0
5801,510.0397992359508,0.13782172990691008,500-550,0.0
5802,579.4876802827087,0.03112609962612496,550-600,0.0
5803,491.4333430690944,0.19724537216093868,450-500,0.0
5804,497.06180444095514,0.17746090660337216,450-500,0.0
5805,545.7584826224144,0.06545004853835007,500-550,0.0
5806,491.24653540039895,0.1979296866791521,450-500,0.0
5807,542.1670506407346,0.07071234604417935,500-550,1.0
5808,544.1239990727704,0.06779822614182199,500-550,0.0
5809,483.2301342326206,0.22898236910973022,450-500,0.0
5810,494.23532326383395,0.18719504332564954,450-500,0.0
5811,478.6679517029876,0.24812126936406476,450-500,0.0
5812,428.2280294807358,0.5141842506480958,<450,0.0
5813,481.50445352436594,0.23609763841230483,450-500,0.0
5814,485.8248257462264,0.2185704971090261,450-500,1.0
5815,492.05408101883427,0.19498430715168466,450-500,0.0
5816,502.70823069282613,0.15921160921106284,500-550,0.0
5817,478.73679755182786,0.2478246362035366,450-500,0.0
5818,568.1936581956718,0.040035087882913746,550-600,0.0
5819,515.5198135619211,0.12345446856992852,500-550,0.0
5820,506.2496538840204,0.14856127091040436,500-550,1.0
5821,508.3877730746157,0.1424203564483698,500-550,0.0
5822,462.56808719688894,0.32373240677619014,450-500,0.0
5823,495.99568062400823,0.18108511542567313,450-500,0.0
5824,487.35521945055393,0.21259129112451772,450-500,0.0
5825,491.19645549457437,0.1981134432438836,450-500,0.0
5826,530.2200741167073,0.09114247718047637,500-550,0.0
5827,486.35283740698355,0.21649398165523673,450-500,0.0
5828,553.2328805243717,0.055646935038916656,550-600,0.0
5829,481.14387292345043,0.2376035152095089,450-500,0.0
5830,526.5941414292835,0.0983239613383115,500-550,0.0
5831,497.1153272322821,0.17728046820659754,450-500,0.0
5832,500.0300057971229,0.1676707745643899,500-550,0.0
5833,491.4044369010695,0.19735114451679467,450-500,0.0
5834,500.006280243999,0.16774729055077545,500-550,0.0
5835,459.56415297663034,0.33910930853016974,450-500,0.0
5836,505.07992736992196,0.15201243461758238,500-550,0.0
5837,528.654303839899,0.09418387018050133,500-550,0.0
5838,535.4199998661726,0.08166714210468713,500-550,0.0
5839,489.1532141950081,0.2057202591643524,450-500,0.0
5840,514.3224613754841,0.12647948130692394,500-550,0.0
5841,502.95875218341723,0.15843829928242936,500-550,1.0
5842,494.437277289353,0.18648611358952003,450-500,0.0
5843,493.6272925279808,0.18934196371179496,450-500,1.0
5844,475.0057164959901,0.26424084869314685,450-500,0.0
5845,482.8318792644214,0.23061096408242543,450-500,1.0
5846,542.5363900380585,0.07015363846197269,500-550,0.0
5847,515.7593968975863,0.12285669500474951,500-550,0.0
5848,491.09976865089016,0.19846857644259686,450-500,0.0
5849,488.71648765946514,0.20737394180643515,450-500,0.0
5850,494.6902554384519,0.18560099322003065,450-500,0.0
5851,514.6621880376612,0.1256148053973443,500-550,0.0
5852,548.6872034273545,0.06143077618100959,500-550,0.0
5853,501.26144466038403,0.1637375081338356,500-550,0.0
5854,430.43133908960993,0.5014612379942154,<450,0.0
5855,530.9843805000197,0.08969018922628486,500-550,0.0
5856,480.01928853955485,0.24234240427285164,450-500,0.0
5857,503.243597681425,0.15756274521727578,500-550,0.0
5858,516.010467716455,0.1222329321610108,500-550,0.0
5859,498.67459736660754,0.17208683091795834,450-500,0.0
5860,528.4701826845782,0.09454742861985779,500-550,0.0
5861,484.02086522718287,0.2257728332670972,450-500,0.0
5862,523.7431262025066,0.10432046766310481,500-550,0.0
5863,491.24653540039895,0.1979296866791521,450-500,1.0
5864,511.65159105749893,0.13345596894341272,500-550,0.0
5865,505.1026807044045,0.15194468007732403,500-550,1.0
5866,470.0470791062238,0.28710769367429767,450-500,1.0
5867,560.3393727770423,0.04762196528915584,550-600,0.0
5868,529.1241891702173,0.09326172518504164,500-550,0.0
5869,498.6481303415196,0.17217397318316643,450-500,0.0
5870,553.0239422915223,0.05590116664033044,550-600,0.0
5871,541.9860556946411,0.07098763943900248,500-550,0.0
5872,562.9952861009027,0.04491482663089011,550-600,0.0
5873,520.9444704005338,0.11051883002250962,500-550,0.0
5874,511.72793662837876,0.13325210713688423,500-550,0.0
5875,486.25359874797516,0.2168831660993392,450-500,0.0
5876,502.7835688459365,0.15897873416391037,500-550,0.0
5877,452.74570453790386,0.3752576781551325,450-500,0.0
5878,528.4701826845782,0.09454742861985779,500-550,1.0
5879,543.730342153141,0.06837533527131866,500-550,0.0
5880,486.7566749415189,0.21491546709364584,450-500,0.0
5881,560.1455420658041,0.04782549297915255,550-600,1.0
5882,503.51821545419836,0.15672235711049726,500-550,1.0
5883,538.9457727419473,0.07576213612024756,500-550,0.0
5884,526.5941414292835,0.0983239613383115,500-550,0.0
5885,487.0216450323497,0.21388430609444478,450-500,0.0
5886,542.5363900380585,0.07015363846197269,500-550,0.0
5887,503.34088848789145,0.1572645966306449,500-550,0.0
5888,573.9926198377734,0.03519150437624364,550-600,0.0
5889,533.2662303601577,0.0854777625061448,500-550,0.0
5890,582.3261681493456,0.029207966181415725,550-600,0.0
5891,510.2964295531379,0.13711866727323213,500-550,0.0
5892,474.9744931947414,0.26438112764286215,450-500,0.0
5893,524.2541040575385,0.10322247512888741,500-550,0.0
5894,455.95517626121364,0.35804009055569774,450-500,1.0
5895,592.8498012447253,0.02304890491963789,550-600,0.0
5896,540.2563932837622,0.07366879176631828,500-550,0.0
5897,555.347241481221,0.05313477190664084,550-600,0.0
5898,515.803467741925,0.12274700724363614,500-550,0.0
5899,510.605987644292,0.13627462062056675,500-550,0.0
5900,581.1500748388432,0.029988403893500083,550-600,0.0
5901,514.8924128522775,0.12503171630851018,500-550,0.0
5902,562.6387461401923,0.045269536257399594,550-600,0.0
5903,508.4378529804403,0.14227909145931608,500-550,0.0
5904,469.78937245543716,0.2883279418783685,450-500,0.0
5905,511.2270232301883,0.1345944893405165,500-550,0.0
5906,536.1618860354963,0.0803907758656047,500-550,0.0
5907,571.0779531667572,0.037550972433609546,550-600,0.0
5908,535.3198446355335,0.0818408604778709,500-550,0.0
5909,565.002066269416,0.04296726558722096,550-600,0.0
5910,460.03803945595513,0.3366597988758389,450-500,1.0
5911,564.6018263637908,0.04334914424916905,550-600,0.0
5912,521.1813579750537,0.1099819297452015,500-550,0.0
5913,461.0608934301703,0.33140262857765895,450-500,1.0
5914,547.9675329115937,0.06239651311998127,500-550,0.0
5915,537.1601571344872,0.07870204607254344,500-550,0.0
5916,515.3305920488658,0.12392835127540001,500-550,0.0
5917,516.1204315606673,0.1219605963417855,500-550,0.0
5918,486.43517557885724,0.21617145969677268,450-500,1.0
5919,534.3998423956884,0.08345240489870152,500-550,0.0
5920,509.0145241042519,0.14066083235530508,500-550,1.0
5921,459.1666186655153,0.34117082770964274,450-500,1.0
5922,521.3175510150289,0.109674287304768,500-550,0.0
5923,550.0779768554922,0.05960394533995754,550-600,0.0
5924,506.10187634824615,0.1489936778494246,500-550,0.0
5925,466.34220893290683,0.3049422960064169,450-500,0.0
5926,554.635013317724,0.053968810010878034,550-600,0.0
5927,568.5830091181258,0.03969078130140195,550-600,0.0
5928,518.3335154828588,0.1165899336977694,500-550,1.0
5929,511.5541834184683,0.13371645476740052,500-550,0.0
5930,495.34498271943744,0.183325302150152,450-500,0.0
5931,527.4229595749993,0.09663922333925909,500-550,1.0
5932,472.42351535952054,0.2760020400179397,450-500,0.0
5933,478.26954170950756,0.24984254838040595,450-500,1.0
5934,540.8558602156021,0.07272916488870465,500-550,0.0
5935,465.8334511772219,0.3074394520748963,450-500,1.0
5936,480.72337493101855,0.2393679557538907,450-500,0.0
5937,511.05776540381817,0.13505065269270314,500-550,0.0
5938,486.89255879023676,0.2143862093238372,450-500,0.0
5939,543.9407037346476,0.06806637681134232,500-550,0.0
5940,582.0759155352495,0.029372362831337002,550-600,0.0
5941,512.6925619831438,0.1306989563286099,500-550,0.0
5942,471.6991052675589,0.27935910270556086,450-500,0.0
5943,553.6712860172577,0.05511702546121333,550-600,0.0
5944,510.3267667162954,0.13703575546989577,500-550,1.0
5945,462.61816710271347,0.32347913672086814,450-500,0.0
5946,518.6419556085618,0.1158579328040954,500-550,0.0
5947,479.161663015295,0.24599930371799086,450-500,0.0
5948,521.6016543400272,0.10903496273980087,500-550,0.0
5949,481.48466914984726,0.23618009178273625,450-500,0.0
5950,458.772191482492,0.3432221873939671,450-500,0.0
5951,509.23897875507544,0.14003513969019746,500-550,0.0
5952,535.8717776256989,0.08088770636803556,500-550,0.0
5953,534.837777770367,0.08268171831836806,500-550,0.0
5954,513.0393485415416,0.12979129615422752,500-550,0.0
5955,531.5622600772209,0.08860602129821532,500-550,0.0
5956,543.1216585227894,0.06927664354185667,500-550,0.0
5957,507.3635501298278,0.14533520116418572,500-550,0.0
5958,531.8022391131464,0.08815927982656191,500-550,0.0
5959,591.6490995987251,0.02368192718285748,550-600,0.0
5960,543.493454578621,0.06872480779570402,500-550,0.0
5961,537.4179054171253,0.07827132453918116,500-550,0.0
5962,510.55591231947744,0.1364108596044787,500-550,0.0
5963,495.187991535393,0.18386899002738516,450-500,0.0
5964,504.2393169650917,0.15453300627532005,500-550,0.0
5965,521.5535140446982,0.10914306337659883,500-550,0.0
5966,533.9873318710511,0.08418431451241096,500-550,0.0
5967,466.2770825837047,0.3052613225906914,450-500,0.0
5968,541.4459491298413,0.07181503568991837,500-550,1.0
5969,529.1241891702173,0.09326172518504164,500-550,0.0
5970,499.72705931600245,0.16864988632979552,450-500,0.0
5971,510.9674511582067,0.13529459017037918,500-550,0.0
5972,533.3163102659823,0.08538735451447357,500-550,0.0
5973,490.3544140946115,0.20122235938723365,450-500,0.0
5974,458.535303907972,0.34445703127042926,450-500,1.0
5975,464.31061168686483,0.3149813915833191,450-500,0.0
5976,551.2740507211308,0.058073678857753955,550-600,0.0
5977,495.94560071818364,0.18125676766391355,450-500,0.0
5978,535.2549014007583,0.08195368377154337,500-550,0.0
5979,521.8521758306182,0.10847392416676174,500-550,0.0
5980,467.9294217747214,0.2972255531698284,450-500,0.0
5981,549.7396653767494,0.06004359033345918,500-550,0.0
5982,577.0869386545199,0.03284310581415376,550-600,0.0
5983,569.3003217982579,0.03906387450783512,550-600,0.0
5984,537.221058761792,0.07860007857060486,500-550,0.0
5985,502.27930049764115,0.16054273146396195,500-550,1.0
5986,553.7443706808597,0.05502914991939034,550-600,0.0
5987,448.6330851378358,0.3977845694973589,<450,1.0
5988,553.4357787676461,0.05540109444095777,550-600,0.0
5989,548.5749324593731,0.06158050937866297,500-550,0.0
5990,551.5747455364406,0.05769480616275106,550-600,0.0
5991,528.4421915202912,0.0946028088145588,500-550,0.0
5992,503.51821545419836,0.15672235711049726,500-550,0.0
5993,509.2525773180135,0.1399973071207829,500-550,0.0
5994,464.0764106257196,0.31615012185141117,450-500,0.0
5995,451.6166956575964,0.38139279536179604,450-500,1.0
5996,494.34595013543014,0.18680644744367914,450-500,0.0
5997,458.3251532991668,0.34555426296328884,450-500,0.0
5998,505.1026807044045,0.15194468007732403,500-550,1.0
5999,525.5580200168333,0.10046685272071272,500-550,0.0
6000,517.7604161739608,0.11796069423370907,500-550,0.0
6001,490.31790642271426,0.20135797194927854,450-500,0.0
6002,547.1724555699878,0.06347990642145669,500-550,0.0
6003,554.0481652363102,0.054665285737642906,550-600,0.0
6004,520.1525089063955,0.1123304842784642,500-550,0.0
6005,470.8409427356789,0.2833681882547951,450-500,0.0
6006,541.4960290356659,0.07173794490750102,500-550,0.0
6007,540.5571984296821,0.0731959099208648,500-550,0.0
6008,494.57859182896715,0.18599128155955003,450-500,0.0
6009,532.2685878927883,0.08729694695912733,500-550,0.0
6010,515.6573913620937,0.12311089955824962,500-550,1.0
6011,468.3729104308282,0.2950896399543986,450-500,0.0
6012,508.85959801542975,0.14109406888659107,500-550,0.0
6013,525.7509869214928,0.10006464225944546,500-550,1.0
6014,524.5574482649569,0.10257549481563227,500-550,0.0
6015,542.4030136704039,0.07035492735311362,500-550,1.0
6016,476.34464779401657,0.25827038930240376,450-500,0.0
6017,574.8031814003039,0.034561138863714536,550-600,0.0
6018,532.1669074523818,0.08748431316690494,500-550,0.0
6019,519.6145245596913,0.11357590183676791,500-550,0.0
6020,492.1581231903602,0.19460725702269716,450-500,0.0
6021,532.3135620885987,0.08721418897084555,500-550,0.0
6022,571.3876692623121,0.037293203700366866,550-600,0.0
6023,529.1742690760418,0.09316392296586037,500-550,0.0
6024,518.8662004191261,0.11532825722382346,500-550,0.0
6025,505.07992736992196,0.15201243461758238,500-550,0.0
6026,588.7578399606093,0.02527661768021093,550-600,0.0
6027,489.2533694256472,0.20534239774773702,450-500,0.0
6028,505.30070120583764,0.15135606382312738,500-550,0.0
6029,546.5571317789338,0.06433037360903951,500-550,0.0
6030,574.8996044725116,0.034486880099972604,550-600,0.0
6031,529.6506971720792,0.0922380888743083,500-550,0.0
6032,599.8426560339841,0.019677850319587475,550-600,0.0
6033,548.3184179633382,0.06192389735170809,500-550,0.0
6034,534.8279422758812,0.08269895569355104,500-550,0.0
6035,509.09053170918503,0.14044869118712672,500-550,1.0
6036,553.7213659230823,0.05505679614226305,550-600,0.0
6037,459.61423288245487,0.33885003620371984,450-500,1.0
6038,497.5573925397318,0.17579565986228382,450-500,0.0
6039,458.77693105869304,0.3431975025669805,450-500,0.0
6040,510.7594697517115,0.13585775857142243,500-550,0.0
6041,466.34220893290683,0.3049422960064169,450-500,0.0
6042,548.2683380575137,0.06199114610122214,500-550,0.0
6043,469.89274696150255,0.287838090219174,450-500,1.0
6044,508.91859379510583,0.14092896129994864,500-550,0.0
6045,560.2892928712176,0.04767447162762067,550-600,0.0
6046,425.6790481559419,0.528879372008087,<450,0.0
6047,498.42881333017164,0.1728974160173955,450-500,1.0
6048,442.7530990492339,0.4307361931562821,<450,1.0
6049,528.2821477702545,0.09492001170235922,500-550,0.0
6050,572.3344848498423,0.03651570034988135,550-600,0.0
6051,510.6560675501165,0.13613848380622356,500-550,0.0
6052,501.23869132590147,0.16380950553541246,500-550,0.0
6053,494.4007696174557,0.18661411496984798,450-500,0.0
6054,564.2075952814644,0.04372845596251029,550-600,0.0
6055,463.2391088019577,0.32034746228560623,450-500,0.0
6056,487.4737061975028,0.21213338355926384,450-500,0.0
6057,557.6389475379826,0.050532967223363694,550-600,0.0
6058,491.19645549457437,0.1981134432438836,450-500,0.0
6059,568.3252608354876,0.03991839143451548,550-600,0.0
6060,465.3466854255244,0.3098392713389204,450-500,1.0
6061,491.9175570054677,0.19547991131860815,450-500,0.0
6062,473.21073727745784,0.27238233422001373,450-500,0.0
6063,460.3339033982156,0.33513491251104693,450-500,0.0
6064,498.5701278697858,0.17243099837842557,450-500,0.0
6065,518.986152579752,0.1150457906065253,500-550,0.0
6066,533.949476215202,0.08425177231494614,500-550,0.0
6067,490.54244900893525,0.20052496124267946,450-500,0.0
6068,485.7278258728606,0.21895352512919308,450-500,0.0
6069,533.8733343938266,0.08438760373751561,500-550,0.0
6070,491.19645549457437,0.1981134432438836,450-500,1.0
6071,487.9286296670877,0.21038197206432105,450-500,0.0
6072,467.2593247145034,0.30046970310549875,450-500,0.0
6073,540.7919426442022,0.07282882324481306,500-550,0.0
6074,554.1398651591097,0.05455590000944263,550-600,0.0
6075,460.60568655495854,0.33373716367576506,450-500,0.0
6076,478.26954170950756,0.24984254838040595,450-500,0.0
6077,503.56829536002294,0.15656949609741413,500-550,0.0
6078,541.4459491298413,0.07181503568991837,500-550,0.0
6079,529.1241891702173,0.09326172518504164,500-550,0.0
6080,535.8216977198742,0.08097377193221947,500-550,0.0
6081,523.0893711401624,0.10574029843245951,500-550,0.0
6082,543.493454578621,0.06872480779570402,500-550,0.0
6083,491.8315571930836,0.19579259373439548,450-500,0.0
6084,528.33696725228,0.09481125374215958,500-550,0.0
6085,541.4960290356659,0.07173794490750102,500-550,0.0
6086,486.5588311300739,0.21568774985402442,450-500,1.0
6087,510.0397992359508,0.13782172990691008,500-550,0.0
6088,466.5790965074268,0.30378346388367017,450-500,1.0
6089,458.17232565770894,0.34635323664641393,450-500,0.0
6090,465.396765331349,0.30959189462350345,450-500,0.0
6091,543.24965822559,0.06908619947960104,500-550,0.0
6092,477.3285677435239,0.2539394155930716,450-500,0.0
6093,494.52851192314256,0.1861665271619209,450-500,0.0
6094,521.5106588088748,0.10923937534867845,500-550,0.0
6095,463.55568901744897,0.3187569978903057,450-500,0.0
6096,561.7347774495494,0.046180860511520205,550-600,0.0
6097,503.56829536002294,0.15656949609741413,500-550,0.0
6098,529.6642957350172,0.09221178475086175,500-550,0.0
6099,520.9945503063583,0.11040513406555384,500-550,1.0
6100,542.1670506407346,0.07071234604417935,500-550,0.0
6101,483.07258187029163,0.2296256841001314,450-500,1.0
6102,495.187991535393,0.18386899002738516,450-500,0.0
6103,467.60012094090024,0.29881727653826823,450-500,0.0
6104,530.7359809917655,0.09015987977327969,500-550,0.0
6105,509.1888988492509,0.14017454082929265,500-550,0.0
6106,486.44346468227667,0.21613901022855037,450-500,0.0
6107,595.3046601296114,0.021805685038007824,550-600,0.0
6108,509.79600288291977,0.13849243552472823,500-550,1.0
6109,556.3421563352429,0.05199005065480812,550-600,0.0
6110,585.3167373300281,0.027311192551290206,550-600,0.0
6111,463.98853552304496,0.3165892448396525,450-500,0.0
6112,523.2736269935336,0.10533841444070287,500-550,0.0
6113,484.02086522718287,0.2257728332670972,450-500,0.0
6114,465.04085400226,0.31135232792133644,450-500,0.0
6115,531.8893603951013,0.0879976001432518,500-550,0.0
6116,495.35164547934113,0.18330225545232123,450-500,0.0
6117,535.0699394559064,0.08227578736849786,500-550,0.0
6118,494.80943335899747,0.18518513867835673,450-500,0.0
6119,490.63695474861436,0.20017513557693342,450-500,1.0
6120,452.6956246320793,0.3755289850717241,450-500,0.0
6121,495.187991535393,0.18386899002738516,450-500,1.0
6122,486.7179332790083,0.2150665367927026,450-500,0.0
6123,535.7389097210761,0.08111623161354811,500-550,0.0
6124,526.6442213351081,0.09822142548386142,500-550,0.0
6125,515.0800705582747,0.12455815421236531,500-550,1.0
6126,498.9579880579121,0.17115596056253857,450-500,0.0
6127,542.8593945851533,0.06966837089149175,500-550,0.0
6128,530.6859010859408,0.09025484225807442,500-550,0.0
6129,547.9675329115937,0.06239651311998127,500-550,0.0
6130,535.1612259201593,0.08211667197312175,500-550,0.0
6131,464.7804970171832,0.3126435901678856,450-500,0.0
6132,471.5389683734557,0.2801045750372303,450-500,0.0
6133,568.3252608354876,0.03991839143451548,550-600,0.0
6134,498.75693553848123,0.1718159571911376,450-500,0.0
6135,555.7238746292583,0.05269865646962492,550-600,0.0
6136,473.618318782069,0.2705199566712606,450-500,0.0
6137,514.6121081318366,0.1257419504490773,500-550,0.0
6138,493.27316664341083,0.19060103210520432,450-500,0.0
6139,483.9108082389043,0.22621763311847923,450-500,0.0
6140,476.50163897806107,0.25757613496878834,450-500,0.0
6141,548.0176128174182,0.06232885384372635,500-550,0.0
6142,473.2608171832824,0.2721530704306045,450-500,0.0
6143,492.10416092465886,0.1948027478855907,450-500,0.0
6144,532.013229568678,0.08776818495570018,500-550,0.0
6145,504.42592088428285,0.15397054086540637,500-550,1.0
6146,503.58861906052095,0.15650749585171708,500-550,0.0
6147,536.7138190256617,0.07945304863633566,500-550,0.0
6148,516.377170209686,0.1213267924268617,500-550,0.0
6149,602.9864684464446,0.018324441810157483,600-650,0.0
6150,496.69276414462786,0.17870895272062642,450-500,1.0
6151,505.11963421744747,0.1518942122764003,500-550,1.0
6152,536.9284655671552,0.07909107338544459,500-550,0.0
6153,464.7804970171832,0.3126435901678856,450-500,0.0
6154,443.9203837819343,0.4241358099550932,<450,1.0
6155,526.5562911158243,0.09840152104172913,500-550,0.0
6156,457.42498136791795,0.3502727325683997,450-500,1.0
6157,508.4620637043147,0.14221083996658002,500-550,0.0
6158,500.3477972657423,0.16664856824922983,500-550,0.0
6159,482.4937194438632,0.23200016479602484,450-500,0.0
6160,477.8858873854788,0.25150758728915373,450-500,0.0
6161,526.0066450200385,0.09953396595544722,500-550,0.0
6162,490.84843459817625,0.19939397271445872,450-500,1.0
6163,520.3183178960085,0.11194905312053526,500-550,0.0
6164,495.6957966558429,0.18211488001386703,450-500,0.0
6165,531.0177060612956,0.08962734308241883,500-550,0.0
6166,498.39038205888147,0.17302443334429612,450-500,0.0
6167,478.3243611915331,0.2496052360409953,450-500,1.0
6168,493.8244255316789,0.18864383855596212,450-500,0.0
6169,561.4335741851792,0.04648837384978166,550-600,0.0
6170,498.39038205888147,0.17302443334429612,450-500,0.0
6171,459.56415297663034,0.33910930853016974,450-500,1.0
6172,469.61742811569235,0.28914381669199296,450-500,0.0
6173,498.23415235985345,0.17354154024544818,450-500,0.0
6174,521.8020959247937,0.10858587410459059,500-550,0.0
6175,523.9497849457007,0.10387516058084068,500-550,1.0
6176,495.187991535393,0.18386899002738516,450-500,0.0
6177,498.0050067566714,0.17430220006974928,450-500,0.0
6178,520.8494276532346,0.11073488668047499,500-550,0.0
6179,543.0076610455649,0.06944666339051472,500-550,0.0
6180,504.42592088428285,0.15397054086540637,500-550,0.0
6181,475.15917090788,0.2635521077742926,450-500,0.0
6182,505.2879087764171,0.1513940326628135,500-550,0.0
6183,478.6679517029876,0.24812126936406476,450-500,0.0
6184,534.4554590940517,0.08335416886353678,500-550,0.0
6185,490.3544140946115,0.20122235938723365,450-500,1.0
6186,491.483422974919,0.1970622228923593,450-500,0.0
6187,478.2219035850811,0.250048894944368,450-500,0.0
6188,526.8855919496453,0.09772856771305223,500-550,0.0
6189,474.8728127543349,0.26483828446557467,450-500,0.0
6190,528.0734537300657,0.09533506824625983,500-550,0.0
6191,518.7460260074962,0.11561185180520551,500-550,0.0
6192,500.567989519894,0.16594322718130006,500-550,1.0
6193,510.7594697517115,0.13585775857142243,500-550,0.0
6194,488.2833188139314,0.20902382840963468,450-500,0.0
6195,550.8950495197416,0.0585545427811288,550-600,0.0
6196,497.95492685084685,0.1744687925360347,450-500,0.0
6197,474.59298249953883,0.2660990136983959,450-500,0.0
6198,494.0892563929549,0.1877090809680282,450-500,0.0
6199,478.3959137427161,0.24929571300603823,450-500,0.0
6200,503.51821545419836,0.15672235711049726,500-550,0.0
6201,446.1375331784296,0.41167503474900713,<450,1.0
6202,568.5329292123012,0.039734907831995424,550-600,0.0
6203,503.0090358387461,0.15828345155795118,500-550,0.0
6204,444.4411053902049,0.4211999632841836,<450,1.0
6205,527.8854758411185,0.0957103130541458,500-550,0.0
6206,522.2712449499633,0.10754109395761291,500-550,0.0
6207,487.1475510737403,0.2133955923737645,450-500,0.0
6208,474.1914180909671,0.26791486610455195,450-500,0.0
6209,504.37584097845826,0.15412132814407914,500-550,0.0
6210,450.96268917195727,0.3849642447658482,450-500,0.0
6211,530.3296532190342,0.09093296994830555,500-550,0.0
6212,522.5086389747652,0.10701580083685784,500-550,0.0
6213,463.4290722522638,0.31939260277389,450-500,0.0
6214,512.9988660324075,0.12989697571506964,500-550,0.0
6215,449.97876922245,0.39036063331864573,<450,0.0
6216,497.95492685084685,0.1744687925360347,450-500,0.0
6217,512.8511340562484,0.13028325106443375,500-550,1.0
6218,475.8354681785643,0.26053048718862276,450-500,0.0
6219,497.95492685084685,0.1744687925360347,450-500,1.0
6220,543.0076610455649,0.06944666339051472,500-550,1.0
6221,470.857063867596,0.2832925551607013,450-500,0.0
6222,473.2610209327868,0.2721521379203977,450-500,0.0
6223,530.6859010859408,0.09025484225807442,500-550,0.0
6224,495.187991535393,0.18386899002738516,450-500,0.0
6225,508.6629292708944,0.14164564064365667,500-550,0.0
6226,513.4252441514119,0.12878758441046914,500-550,0.0
6227,466.6291764132514,0.3035387956795964,450-500,0.0
6228,527.8909326320232,0.09569940152300027,500-550,0.0
6229,579.7282464676011,0.030958913867675197,550-600,0.0
6230,520.8477835568495,0.11073862738687812,500-550,0.0
6231,533.8733343938266,0.08438760373751561,500-550,0.0
6232,534.6796758154697,0.08295919919885363,500-550,0.0
6233,479.1115831094704,0.24621398834404523,450-500,0.0
6234,554.635013317724,0.053968810010878034,550-600,0.0
6235,471.4279918521381,0.2806219073799688,450-500,0.0
6236,523.9232711112984,0.10393219832715038,500-550,0.0
6237,475.6916542166888,0.26117114981923184,450-500,0.0
6238,457.55482684396713,0.3495902790301484,450-500,1.0
6239,501.1760067580975,0.16400798729734206,500-550,1.0
6240,554.1398651591097,0.05455590000944263,550-600,0.0
6241,485.57220408460734,0.2195690449617545,450-500,0.0
6242,506.55708322345794,0.14766503174314438,500-550,0.0
6243,515.0299906524501,0.12468438225115965,500-550,1.0
6244,496.87599787636395,0.17808842376729717,450-500,0.0
6245,514.623266521404,0.1257136115057072,500-550,0.0
6246,516.5766561247962,0.12083628855051032,500-550,0.0
6247,503.9518997166354,0.1554026289011466,500-550,0.0
6248,476.39817058534356,0.2580335611458198,450-500,0.0
6249,556.6336068556047,0.05165915405604049,550-600,0.0
6250,530.7808184867756,0.09007493443259741,500-550,0.0
6251,490.89851450400084,0.19920932348094306,450-500,0.0
6252,522.3615591955747,0.10734098456780895,500-550,0.0
6253,497.6188285687994,0.17559008476691831,450-500,0.0
6254,556.2111692526772,0.05213941767912884,550-600,0.0
6255,549.5793247331419,0.06025301610622336,500-550,0.0
6256,516.874906306627,0.12010613015785486,500-550,0.0
6257,479.92188090052423,0.2427558812633229,450-500,1.0
6258,572.8454627048743,0.036102599974285915,550-600,0.0
6259,503.1095147296527,0.15797439652072617,500-550,0.0
6260,464.7804970171832,0.3126435901678856,450-500,1.0
6261,479.72785142363614,0.2435809269391205,450-500,0.0
6262,477.362613961884,0.2537904132072951,450-500,1.0
6263,532.8937471783281,0.0861529240494392,500-550,1.0
6264,561.8737581214239,0.04603962176038349,550-600,0.0
6265,514.5391403972194,0.12592740133425612,500-550,0.0
6266,533.3163102659823,0.08538735451447357,500-550,0.0
6267,474.2414979967916,0.26768797918935266,450-500,0.0
6268,528.0456148572675,0.09539055755711334,500-550,0.0
6269,497.5573925397318,0.17579565986228382,450-500,0.0
6270,529.0363710929194,0.09343344955785794,500-550,0.0
6271,482.1655972355536,0.23335370279233233,450-500,0.0
6272,473.3019344360686,0.27196492764907887,450-500,0.0
6273,536.4560707430236,0.07988970947865957,500-550,0.0
6274,517.0774961012298,0.1196123372337931,500-550,1.0
6275,512.5207161751817,0.13115073130566593,500-550,0.0
6276,547.8434771750566,0.06256441106197176,500-550,0.0
6277,484.87525161544465,0.2223408913741098,450-500,1.0
6278,497.8939640442313,0.17467175677201746,450-500,0.0
6279,549.6895854709248,0.060108927932402606,500-550,0.0
6280,513.3235637110054,0.12905141089463049,500-550,0.0
6281,471.6991052675589,0.27935910270556086,450-500,0.0
6282,531.1711881687152,0.0893384150490381,500-550,0.0
6283,464.8305769230078,0.3123949879277646,450-500,1.0
6284,564.713578160314,0.043242194269631155,550-600,0.0
6285,476.3915819897825,0.2580627067800027,450-500,0.0
6286,476.39472769984116,0.2580487909950115,450-500,1.0
6287,496.4630375836149,0.17948932000122253,450-500,0.0
6288,520.24038400907,0.11212819300917037,500-550,0.0
6289,573.2414694845804,0.03578554568909191,550-600,0.0
6290,469.32655855316136,0.2905271038994288,450-500,1.0
6291,561.3585630188201,0.046565258890765696,550-600,0.0
6292,561.7997206843246,0.046114810870822746,550-600,0.0
6293,490.54244900893525,0.20052496124267946,450-500,0.0
6294,500.006280243999,0.16774729055077545,500-550,0.0
6295,549.5793247331419,0.06025301610622336,500-550,0.0
6296,523.5103108185493,0.10482415653632998,500-550,0.0
6297,512.8175808321558,0.13037111878468968,500-550,0.0
6298,506.90035178859114,0.14666959876376862,500-550,0.0
6299,523.9733510171229,0.10382448742556383,500-550,1.0
6300,482.115517329729,0.23356077004228804,450-500,1.0
6301,533.2662303601577,0.0854777625061448,500-550,0.0
6302,538.4827325433737,0.07651467740675895,500-550,0.0
6303,494.34595013543014,0.18680644744367914,450-500,0.0
6304,510.8162124174397,0.135703916090389,500-550,0.0
6305,504.85888435137343,0.1526719443240775,500-550,0.0
6306,558.8722040761767,0.04918320734366197,550-600,0.0
6307,479.8023474572063,0.24326393270455718,450-500,0.0
6308,538.9295374270243,0.07578840672101374,500-550,0.0
6309,550.8222729616047,0.058647305584772845,550-600,0.0
6310,542.1883729800845,0.07067997977636639,500-550,0.0
6311,530.4114790894517,0.09077680762857508,500-550,0.0
6312,508.78479754323894,0.1413036404078211,500-550,0.0
6313,521.9974245605724,0.10814980457738362,500-550,0.0
6314,483.67284433078476,0.22718149258874223,450-500,0.0
6315,521.6961600797063,0.1088230202332381,500-550,0.0
6316,554.2037827305097,0.05447977692577911,550-600,0.0
6317,499.5667186723949,0.1691699431369172,450-500,0.0
6318,499.4400918356579,0.1695815528537288,450-500,0.0
6319,504.150582316163,0.15480106065724228,500-550,0.0
6320,540.8057803097776,0.07280723730615406,500-550,1.0
6321,507.57468197472826,0.14473031591994973,500-550,0.0
6322,533.6617096476024,0.084766171444692,500-550,0.0
6323,482.1158303594106,0.23355947535014274,450-500,1.0
6324,505.1488534151539,0.15180726385954257,500-550,1.0
6325,554.398125743204,0.05424893716827019,550-600,0.0
6326,463.12374235416047,0.3209280926190911,450-500,0.0
6327,542.3035746541012,0.0705053459172238,500-550,0.0
6328,559.5661779685055,0.048438777473926095,550-600,0.0
6329,522.7337152652192,0.10651985070143767,500-550,0.0
6330,563.4354700371474,0.044480555411113086,550-600,0.0
6331,483.461605705906,0.22803952916104553,450-500,0.0
6332,490.1514852939989,0.20197703106001702,450-500,0.0
6333,542.3065905981963,0.07050077941745972,500-550,0.0
6334,434.69485997158523,0.4768507416898684,<450,1.0
6335,475.50260639405377,0.26201486823579634,450-500,0.0
6336,488.71648765946514,0.20737394180643515,450-500,0.0
6337,538.7428439413347,0.07609109967218139,500-550,0.0
6338,537.0222591513647,0.07893337568493958,500-550,0.0
6339,529.1241891702173,0.09326172518504164,500-550,0.0
6340,536.2728675686258,0.0802014119648533,500-550,0.0
6341,525.235991526804,0.10114127112315802,500-550,0.0
6342,520.043251005372,0.1125824439230958,500-550,0.0
6343,510.4213099311533,0.1367776382967238,500-550,0.0
6344,491.19645549457437,0.1981134432438836,450-500,0.0
6345,517.1187026596581,0.11951211520554769,500-550,0.0
6346,556.5696892842049,0.051731551592257535,550-600,0.0
6347,482.4024848100736,0.23237596638864091,450-500,1.0
6348,455.17883724406727,0.3621733321928798,450-500,0.0
6349,508.90967792125434,0.14095390320229714,500-550,0.0
6350,515.0800705582747,0.12455815421236531,500-550,0.0
6351,532.6122238745186,0.08666641314161401,500-550,0.0
6352,498.35425408266394,0.17314390543970162,450-500,0.0
6353,486.1904865331777,0.21713093642204548,450-500,1.0
6354,497.327476173787,0.1765666782196719,450-500,0.0
6355,534.362780094971,0.08351792663142839,500-550,0.0
6356,528.4701826845782,0.09454742861985779,500-550,0.0
6357,528.2424673637751,0.09499880446954814,500-550,0.0
6358,522.2706750666457,0.10754235768987352,500-550,0.0
6359,506.71467627545695,0.14720734117990183,500-550,0.0
6360,529.4905425251067,0.09254838852975233,500-550,0.0
6361,523.9232711112984,0.10393219832715038,500-550,0.0
6362,466.34220893290683,0.3049422960064169,450-500,0.0
6363,460.0881193617797,0.33640144608019046,450-500,0.0
6364,553.6811215117434,0.055105191768312974,550-600,0.0
6365,526.4487103274882,0.09862226429028255,500-550,0.0
6366,484.79112549126,0.22267715353926693,450-500,0.0
6367,574.8996044725116,0.034486880099972604,550-600,0.0
6368,541.4960290356659,0.07173794490750102,500-550,0.0
6369,526.8169220469806,0.09786856079161746,500-550,0.0
6370,495.99568062400823,0.18108511542567313,450-500,0.0
6371,499.7195689062216,0.16867415269343938,450-500,1.0
6372,509.62683894320173,0.13895942884181534,500-550,0.0
6373,534.8279422758812,0.08269895569355104,500-550,0.0
6374,527.8909326320232,0.09569940152300027,500-550,1.0
6375,522.5061823162573,0.10702122522008904,500-550,0.0
6376,569.6656167029811,0.03874828045520273,550-600,0.0
6377,447.12145312793683,0.40618030978307174,<450,0.0
6378,450.5332947176095,0.38731590061719867,450-500,0.0
6379,471.88591293625433,0.27849100906786617,450-500,0.0
6380,554.1398651591097,0.05455590000944263,550-600,0.0
6381,477.4642944022905,0.2533457549838578,450-500,0.0
6382,485.86679378967114,0.2184049255495397,450-500,1.0
6383,472.368695877495,0.2762552098445127,450-500,0.0
6384,536.1345689731068,0.08043744854773127,500-550,0.0
6385,474.6878931309938,0.26567098101735376,450-500,0.0
6386,502.8486951951386,0.1587776471291782,500-550,0.0
6387,494.9204148921268,0.184798532031402,450-500,1.0
6388,554.398125743204,0.05424893716827019,550-600,0.0
6389,579.55755253751,0.03107745081658431,550-600,0.0
6390,506.90035178859114,0.14666959876376862,500-550,0.0
6391,464.13791097499234,0.3158429917372309,450-500,0.0
6392,464.8305769230078,0.3123949879277646,450-500,0.0
6393,481.4114309382653,0.23648549247532755,450-500,1.0
6394,608.4560836912428,0.016184250988501632,600-650,0.0
6395,543.7014359851162,0.06841789122939254,500-550,0.0
6396,477.3285677435239,0.2539394155930716,450-500,0.0
6397,553.9520390576733,0.054780173216659116,550-600,0.0
6398,479.161663015295,0.24599930371799086,450-500,0.0
6399,495.94560071818364,0.18125676766391355,450-500,0.0
6400,510.0898791417754,0.1376842939191924,500-550,0.0
6401,536.7163285194749,0.07944880794897555,500-550,0.0
6402,503.913694741643,0.15551852379711217,500-550,0.0
6403,529.1241891702173,0.09326172518504164,500-550,1.0
6404,486.3940208508922,0.2163326209227554,450-500,0.0
6405,490.77166419544983,0.19967728174856167,450-500,0.0
6406,561.1565970994764,0.04677287182346221,550-600,0.0
6407,518.2834355770343,0.11670916321177889,500-550,0.0
6408,455.74963875816246,0.359132352776717,450-500,0.0
6409,529.740457484383,0.09206458724872205,500-550,0.0
6410,568.5830091181258,0.03969078130140195,550-600,0.0
6411,482.31589723235174,0.23273301883371647,450-500,0.0
6412,567.4182762007496,0.04072930914127799,550-600,0.0
6413,471.6490253617343,0.27959210504631193,450-500,1.0
6414,541.4459491298413,0.07181503568991837,500-550,0.0
6415,565.7628211622653,0.042250251843947775,550-600,0.0
6416,543.0577409513894,0.06937192495380051,500-550,0.0
6417,529.5438791815363,0.09244494477799396,500-550,0.0
6418,541.4960290356659,0.07173794490750102,500-550,0.0
6419,517.4186975247591,0.11878465748839655,500-550,0.0
6420,488.2344610903521,0.2092105262363235,450-500,0.0
6421,536.9718707968686,0.07901805922493804,500-550,0.0
6422,463.2844491315813,0.3201194200218803,450-500,1.0
6423,547.1755714174554,0.0634756266544611,500-550,0.0
6424,493.88017574969126,0.18844676391816736,450-500,0.0
6425,498.4710399343735,0.1727579399693876,450-500,0.0
6426,491.2120396188714,0.19805624716207393,450-500,0.0
6427,560.2892928712176,0.04767447162762067,550-600,0.0
6428,502.70823069282613,0.15921160921106284,500-550,0.0
6429,492.2144216624418,0.1944034613259281,450-500,0.0
6430,558.8722040761767,0.04918320734366197,550-600,0.0
6431,513.7434349330052,0.1279649548760421,500-550,0.0
6432,566.4760893497969,0.04158839394497531,550-600,0.0
6433,479.8312536252311,0.243141007084076,450-500,0.0
6434,522.4116391013994,0.10723016369716656,500-550,0.0
6435,491.8674770996431,0.19566194834869802,450-500,0.0
6436,477.1022569768072,0.2549313244693895,450-500,0.0
6437,482.115517329729,0.23356077004228804,450-500,0.0
6438,510.0397992359508,0.13782172990691008,500-550,0.0
6439,517.4413941770714,0.11872977654233792,500-550,0.0
6440,585.9591841586366,0.026919620667735303,550-600,0.0
6441,556.5696892842049,0.051731551592257535,550-600,0.0
6442,494.8154794034872,0.18516406106090558,450-500,0.0
6443,501.51618071306035,0.162933194386824,500-550,0.0
6444,470.80698396177144,0.28352754747144293,450-500,0.0
6445,546.2712361748261,0.06472912328605711,500-550,0.0
6446,538.5335827125922,0.07643170087482212,500-550,0.0
6447,517.8704752842852,0.11769637210630463,500-550,0.0
6448,464.36337810606415,0.31471839440400545,450-500,0.0
6449,455.17883724406727,0.3621733321928798,450-500,0.0
6450,597.4438317383239,0.020775979023491313,550-600,0.0
6451,479.9763457210166,0.2425246293529193,450-500,0.0
6452,509.23897875507544,0.14003513969019746,500-550,0.0
6453,474.59190616593935,0.26610387032110655,450-500,1.0
6454,560.2892928712176,0.04767447162762067,550-600,0.0
6455,511.20952575004924,0.13464158607611548,500-550,0.0
6456,495.94560071818364,0.18125676766391355,450-500,0.0
6457,491.1061412489629,0.1984451549935639,450-500,0.0
6458,505.8571554503643,0.14971203020960508,500-550,0.0
6459,542.6514131786581,0.06998047560935135,500-550,0.0
6460,574.8031814003039,0.034561138863714536,550-600,0.0
6461,589.4523993062589,0.0248842360719937,550-600,0.0
6462,518.2834355770343,0.11670916321177889,500-550,0.0
6463,481.62628973087783,0.2355903122359859,450-500,0.0
6464,507.22242795241107,0.14574068004827656,500-550,0.0
6465,577.9102133688813,0.032244232430019025,550-600,0.0
6466,599.8426560339841,0.019677850319587475,550-600,0.0
6467,533.1796427824358,0.0856342816176602,500-550,0.0
6468,514.3224613754841,0.12647948130692394,500-550,1.0
6469,526.2118227529681,0.09910988520520853,500-550,0.0
6470,491.24653540039895,0.1979296866791521,450-500,0.0
6471,466.6291764132514,0.3035387956795964,450-500,1.0
6472,508.8487151146388,0.14112454379640388,500-550,0.0
6473,495.187991535393,0.18386899002738516,450-500,1.0
6474,542.5363900380585,0.07015363846197269,500-550,0.0
6475,478.1552111368459,0.25033796690813104,450-500,0.0
6476,486.9147424591629,0.2142998955822239,450-500,0.0
6477,505.07992736992196,0.15201243461758238,500-550,0.0
6478,514.3331533310007,0.12645219062032023,500-550,1.0
6479,520.9945503063583,0.11040513406555384,500-550,0.0
6480,472.79330667569576,0.27429800883521965,450-500,1.0
6481,520.9945503063583,0.11040513406555384,500-550,0.0
6482,515.0800705582747,0.12455815421236531,500-550,0.0
6483,479.1115831094704,0.24621398834404523,450-500,0.0
6484,511.65825381740257,0.13343816720144508,500-550,1.0
6485,528.9095484798979,0.09368194610776734,500-550,0.0
6486,518.0757672002208,0.11720470680127554,500-550,0.0
6487,483.8607283330797,0.2264202382993727,450-500,0.0
6488,505.07992736992196,0.15201243461758238,500-550,0.0
6489,494.7653994976626,0.18533870470066321,450-500,0.0
6490,524.0848669520151,0.10358499561073424,500-550,0.0
6491,541.4459491298413,0.07181503568991837,500-550,0.0
6492,454.88748484905483,0.36372981176965913,450-500,1.0
6493,474.9810817903025,0.2643515226615684,450-500,0.0
6494,529.9818146944772,0.0915995110795399,500-550,0.0
6495,552.4915656656643,0.05655389865117342,550-600,1.0
6496,509.7598170541438,0.13859221911735783,500-550,0.0
6497,460.2728425233172,0.3354493406342777,450-500,0.0
6498,443.6146864672339,0.4258618537530799,<450,0.0
6499,541.8414284172859,0.07120832874308536,500-550,0.0
6500,469.9893976965268,0.28738054872949603,450-500,1.0
6501,556.7006149538215,0.051583358837959885,550-600,0.0
6502,498.3254388241063,0.17323924175667454,450-500,1.0
6503,497.11762502708496,0.1772727250025108,450-500,0.0
6504,536.8448061082273,0.07923197525568176,500-550,0.0
6505,518.4144226596,0.11639753445171948,500-550,1.0
6506,534.8878576761915,0.08259400055601929,500-550,0.0
6507,502.70823069282613,0.15921160921106284,500-550,0.0
6508,500.5796335734184,0.16590599448290178,500-550,1.0
6509,472.1820919583039,0.2771180679310199,450-500,1.0
6510,464.8305769230078,0.3123949879277646,450-500,0.0
6511,481.09379301762584,0.23781318375729651,450-500,1.0
6512,490.056473104038,0.20233109765876442,450-500,1.0
6513,487.0305137987359,0.21384985465721168,450-500,0.0
6514,479.4909638491161,0.2445907867527994,450-500,0.0
6515,480.72337493101855,0.2393679557538907,450-500,0.0
6516,458.9873061378493,0.3421026751142811,450-500,1.0
6517,503.56829536002294,0.15656949609741413,500-550,0.0
6518,507.1266625553078,0.14601637176408538,500-550,0.0
6519,500.49582087253185,0.16617414093205923,500-550,0.0
6520,554.5091072763333,0.054117527704142326,550-600,0.0
6521,529.1881067416173,0.09313691529675733,500-550,0.0
6522,495.34498271943744,0.183325302150152,450-500,0.0
6523,568.5830091181258,0.03969078130140195,550-600,0.0
6524,529.1742690760418,0.09316392296586037,500-550,0.0
6525,520.043251005372,0.1125824439230958,500-550,0.0
6526,480.63075281905225,0.2397578094426136,450-500,1.0
6527,471.88591293625433,0.27849100906786617,450-500,0.0
6528,476.02345919204356,0.25969456097101495,450-500,1.0
6529,442.7530990492339,0.4307361931562821,<450,0.0
6530,541.5599466070657,0.07163966396012786,500-550,0.0
6531,547.1254915116309,0.06354444641544048,500-550,0.0
6532,488.2152424858992,0.20928399902780007,450-500,0.0
6533,541.4960290356659,0.07173794490750102,500-550,0.0
6534,532.562143968694,0.08675804693599967,500-550,0.0
6535,581.9873766626051,0.029430740655001543,550-600,0.0
6536,529.1742690760418,0.09316392296586037,500-550,0.0
6537,492.97328604234167,0.19167223255032015,450-500,0.0
6538,506.74984663946935,0.147105357781274,500-550,0.0
6539,513.7122116317565,0.12804547873310812,500-550,0.0
6540,524.4976009484664,0.10270285365534863,500-550,1.0
6541,430.38125918378535,0.5017505078815817,<450,0.0
6542,508.90967792125434,0.14095390320229714,500-550,0.0
6543,494.4873571951776,0.18631063601927347,450-500,0.0
6544,541.4960290356659,0.07173794490750102,500-550,0.0
6545,541.2813883453465,0.07206889176489835,500-550,0.0
6546,449.3371715292995,0.39389412834506093,<450,1.0
6547,485.4976536641218,0.2198643491638932,450-500,0.0
6548,464.1264905315441,0.31590001279907975,450-500,0.0
6549,464.1264905315441,0.31590001279907975,450-500,1.0
6550,501.6840077480382,0.16240503133527676,500-550,0.0
6551,498.5623263986263,0.17245672163288167,450-500,0.0
6552,522.8510048967191,0.10626220899283452,500-550,0.0
6553,571.1939640358006,0.03745421963116294,550-600,0.0
6554,503.14842561532396,0.15785484536637298,500-550,1.0
6555,466.34220893290683,0.3049422960064169,450-500,1.0
6556,560.4339159919002,0.04752299105836904,550-600,0.0
6557,503.0745840477156,0.15808178140363138,500-550,0.0
6558,510.55591231947744,0.1364108596044787,500-550,0.0
6559,493.6773724338053,0.18916442373966194,450-500,0.0
6560,551.7890350413063,0.057426220702873364,550-600,0.0
6561,505.9490524876048,0.14944194214167333,500-550,0.0
6562,554.8581499976824,0.05370619171373844,550-600,1.0
6563,538.4827325433737,0.07651467740675895,500-550,0.0
6564,529.1742690760418,0.09316392296586037,500-550,0.0
6565,541.4459491298413,0.07181503568991837,500-550,0.0
6566,479.161663015295,0.24599930371799086,450-500,0.0
6567,521.7240563166047,0.108760528141184,500-550,0.0
6568,508.0878444006373,0.14326884206582347,500-550,0.0
6569,484.02086522718287,0.2257728332670972,450-500,0.0
6570,568.7085521624185,0.03958036890897587,550-600,0.0
6571,483.67392066438424,0.22717712643906285,450-500,0.0
6572,508.9951726223952,0.14071488612636288,500-550,0.0
6573,526.7040686515985,0.0980990163705645,500-550,0.0
6574,533.2226364892558,0.08555653205961779,500-550,0.0
6575,519.801978516184,0.1131405908370408,500-550,0.0
6576,529.8452906811106,0.09186232190300322,500-550,0.0
6577,538.5335827125922,0.07643170087482212,500-550,0.0
6578,474.2414979967916,0.26768797918935266,450-500,0.0
6579,465.29377526424446,0.310100746786625,450-500,0.0
6580,503.51821545419836,0.15672235711049726,500-550,0.0
6581,500.472059210748,0.16625022599591852,500-550,0.0
6582,509.6489276847394,0.13889837587254875,500-550,1.0
6583,542.5363900380585,0.07015363846197269,500-550,0.0
6584,559.641954497762,0.04835814211975385,550-600,0.0
6585,485.4475737582972,0.22006288248011435,450-500,1.0
6586,461.804023584709,0.3276092718780514,450-500,1.0
6587,557.7728811684008,0.05038470020411938,550-600,0.0
6588,507.67398224012334,0.14444654808753649,500-550,0.0
6589,497.7002475970248,0.1753179348347521,450-500,0.0
6590,556.6308592639963,0.051662264200024094,550-600,0.0
6591,506.73142603899555,0.14715876464722433,500-550,0.0
6592,460.2351745816991,0.33564338154461926,450-500,0.0
6593,512.764726049496,0.13050963476256386,500-550,0.0
6594,502.520572986829,0.15979287337991668,500-550,0.0
6595,502.8141290627347,0.15888434936189855,500-550,0.0
6596,486.9147424591629,0.2142998955822239,450-500,0.0
6597,534.0216402815543,0.08412322018149564,500-550,0.0
6598,540.9760637995229,0.07254208741670808,500-550,0.0
6599,512.8215213211017,0.1303607969939111,500-550,0.0
6600,503.56829536002294,0.15656949609741413,500-550,0.0
6601,519.3391646139082,0.11421799830110267,500-550,0.0
6602,540.2772598430545,0.07363589784664346,500-550,0.0
6603,547.696419496173,0.0627639861199338,500-550,0.0
6604,496.04906911090114,0.18090226226647585,450-500,0.0
6605,510.6471987837303,0.13616258423885697,500-550,1.0
6606,443.3041154677685,0.4276172674716755,<450,0.0
6607,513.330700936554,0.1290328771857014,500-550,1.0
6608,522.3615591955747,0.10734098456780895,500-550,0.0
6609,536.014806256306,0.08064236160308359,500-550,0.0
6610,476.4515590722365,0.25779746841533924,450-500,1.0
6611,498.94638052335046,0.17119400992106637,450-500,0.0
6612,536.9718707968686,0.07901805922493804,500-550,0.0
6613,546.0155780762802,0.06508764684145592,500-550,0.0
6614,465.7833712713973,0.3076858753827071,450-500,1.0
6615,536.7138190256617,0.07945304863633566,500-550,0.0
6616,471.90948034671516,0.27838160924786387,450-500,0.0
6617,449.97876922245,0.39036063331864573,<450,0.0
6618,483.05990785220433,0.2296774895167144,450-500,0.0
6619,497.0943523411582,0.1773511625294019,450-500,0.0
6620,440.19374466614096,0.44529128557502545,<450,1.0
6621,515.8166370052168,0.12271424666189731,500-550,1.0
6622,515.0299906524501,0.12468438225115965,500-550,0.0
6623,502.01330858185935,0.16137271120328414,500-550,0.0
6624,454.19637374118736,0.36743328616313997,450-500,0.0
6625,486.32637038189563,0.21659772799565236,450-500,0.0
6626,529.8452906811106,0.09186232190300322,500-550,0.0
6627,512.8175808321558,0.13037111878468968,500-550,0.0
6628,529.8939395918026,0.09176859436625655,500-550,1.0
6629,522.3615591955747,0.10734098456780895,500-550,0.0
6630,574.8996044725116,0.034486880099972604,550-600,0.0
6631,459.56415297663034,0.33910930853016974,450-500,0.0
6632,520.9444704005338,0.11051883002250962,500-550,0.0
6633,475.6906413083775,0.26117566573481704,450-500,0.0
6634,519.0531859986196,0.1148882007844605,500-550,0.0
6635,487.47685190756147,0.21212123637753824,450-500,0.0
6636,528.2821477702545,0.09492001170235922,500-550,1.0
6637,481.4147904693803,0.23647147738866092,450-500,0.0
6638,518.6419556085618,0.1158579328040954,500-550,0.0
6639,536.014806256306,0.08064236160308359,500-550,0.0
6640,562.1130258709552,0.045797429195067005,550-600,0.0
6641,511.86353223568835,0.13289068259686665,500-550,0.0
6642,452.6956246320793,0.3755289850717241,450-500,1.0
6643,482.73178564389474,0.23102155279594142,450-500,0.0
6644,477.5654553180439,0.2529038797826298,450-500,0.0
6645,554.5904910407651,0.05402135473823158,550-600,0.0
6646,494.4873571951776,0.18631063601927347,450-500,0.0
6647,557.4719215876779,0.05071844687258987,550-600,0.0
6648,572.9832089004861,0.03599201095178319,550-600,0.0
6649,431.1962396639257,0.49704303765700697,<450,1.0
6650,514.375984166811,0.1263429175254986,500-550,0.0
6651,484.87525161544465,0.2223408913741098,450-500,0.0
6652,471.6490253617343,0.27959210504631193,450-500,0.0
6653,535.9465780978896,0.08075931226631058,500-550,0.0
6654,499.82873975640894,0.16832075176342798,450-500,0.0
6655,559.1636545965385,0.048869254317610585,550-600,0.0
6656,461.84191513640326,0.32741644883661525,450-500,0.0
6657,509.6917783395527,0.13878000142319583,500-550,0.0
6658,549.0355789852857,0.060968319087744735,500-550,0.0
6659,545.215507137952,0.06622160066138004,500-550,0.0
6660,490.921837721801,0.19912337247910275,450-500,0.0
6661,471.6991052675589,0.27935910270556086,450-500,1.0
6662,513.2806210307294,0.12916297088464798,500-550,0.0
6663,533.6175828763867,0.08484530211583621,500-550,0.0
6664,496.92607778218854,0.1779191199647671,450-500,0.0
6665,568.3252608354876,0.03991839143451548,550-600,0.0
6666,515.8506833618392,0.12262958593047926,500-550,0.0
6667,507.31347022400325,0.14547898582479163,500-550,0.0
6668,505.19144330481413,0.1516806010814282,500-550,0.0
6669,521.1813579750537,0.1099819297452015,500-550,0.0
6670,584.6061649036417,0.02775073495869365,550-600,0.0
6671,468.55030658685115,0.2942377743922283,450-500,1.0
6672,525.693615624143,0.10018407436055912,500-550,0.0
6673,471.6991052675589,0.27935910270556086,450-500,0.0
6674,531.8712996526885,0.08803109524340394,500-550,0.0
6675,470.8409427356789,0.2833681882547951,450-500,0.0
6676,445.23306688434315,0.4167455830161284,<450,0.0
6677,452.74570453790386,0.3752576781551325,450-500,0.0
6678,455.74963875816246,0.359132352776717,450-500,0.0
6679,493.82621348398993,0.18863751576658885,450-500,0.0
6680,510.5625869955886,0.13639269331756837,500-550,1.0
6681,513.0480213933813,0.12976866519783434,500-550,0.0
6682,567.4182762007496,0.04072930914127799,550-600,0.0
6683,458.0415925956646,0.34703738971369535,450-500,0.0
6684,512.5298142645562,0.13112677963079,500-550,0.0
6685,446.45043152286803,0.4099251874067849,<450,1.0
6686,511.9875546512237,0.13256083307465624,500-550,0.0
6687,501.91626919868787,0.16167636659198534,500-550,0.0
6688,529.6903775785585,0.09216135268761222,500-550,0.0
6689,515.8060602469193,0.1227405573914066,500-550,0.0
6690,572.8454627048743,0.036102599974285915,550-600,0.0
6691,496.5060944468968,0.17934285597937585,450-500,0.0
6692,477.10954836833236,0.25489932695803513,450-500,0.0
6693,465.69486520717135,0.30812164672202624,450-500,0.0
6694,444.3910254843803,0.4214820769578364,<450,1.0
6695,492.3161021028483,0.1940357971435571,450-500,0.0
6696,496.3438556863829,0.1798952214002885,450-500,0.0
6697,542.170359221803,0.0707073228826007,500-550,0.0
6698,529.1241891702173,0.09326172518504164,500-550,0.0
6699,536.5758640171625,0.07968649137435849,500-550,0.0
6700,542.7732776125785,0.06979744474568429,500-550,0.0
6701,541.8181051994858,0.07124397731461717,500-550,0.0
6702,517.5132032644381,0.11855628527442046,500-550,0.0
6703,525.2162992455858,0.10118264239734641,500-550,1.0
6704,539.7878141419102,0.07441102763599186,500-550,0.0
6705,479.161663015295,0.24599930371799086,450-500,0.0
6706,540.5122242338718,0.07326643360356834,500-550,0.0
6707,583.7961801422696,0.028260154641947276,550-600,0.0
6708,454.3074164536274,0.3668371696174789,450-500,0.0
6709,503.6544084941736,0.15630693325572886,500-550,0.0
6710,498.98862710581324,0.17105555836654887,450-500,0.0
6711,541.4459491298413,0.07181503568991837,500-550,0.0
6712,509.62683894320173,0.13895942884181534,500-550,0.0
6713,511.0183364206338,0.13515710413016505,500-550,0.0
6714,530.9343005941951,0.0897847058201043,500-550,0.0
6715,500.6362853748443,0.16572494175689267,500-550,0.0
6716,499.7786598505844,0.16848279387569495,450-500,0.0
6717,473.98853524121785,0.2688352730385864,450-500,0.0
6718,485.643214084719,0.21928802999535996,450-500,1.0
6719,520.1837155076844,0.11225860921855146,500-550,1.0
6720,517.2877162933676,0.11910180161093985,500-550,0.0
6721,437.1397305400578,0.4627810266500323,<450,1.0
6722,492.8082473161225,0.19226372220007415,450-500,0.0
6723,529.1241891702173,0.09326172518504164,500-550,1.0
6724,504.8186746367246,0.15279216693372813,500-550,0.0
6725,454.3074164536274,0.3668371696174789,450-500,1.0
6726,459.65266362186634,0.33865113917571793,450-500,0.0
6727,561.7997206843246,0.046114810870822746,550-600,0.0
6728,524.7923962289811,0.10207686248332687,500-550,0.0
6729,506.15160159253753,0.14884806268382444,500-550,0.0
6730,491.483422974919,0.1970622228923593,450-500,0.0
6731,543.4972150785409,0.0687192471517995,500-550,0.0
6732,467.9294217747214,0.2972255531698284,450-500,0.0
6733,558.2872581300796,0.04981909612497491,550-600,0.0
6734,503.51821545419836,0.15672235711049726,500-550,0.0
6735,495.94560071818364,0.18125676766391355,450-500,0.0
6736,479.7581703006677,0.24345188079074834,450-500,0.0
6737,488.2344610903521,0.2092105262363235,450-500,1.0
6738,522.6569448624928,0.1066887845156162,500-550,0.0
6739,498.23415235985345,0.17354154024544818,450-500,0.0
6740,535.2549014007583,0.08195368377154337,500-550,0.0
6741,516.5917025681737,0.12079936121726274,500-550,0.0
6742,488.66640775364056,0.20756419732603745,450-500,0.0
6743,538.4456432897124,0.07657525118430508,500-550,0.0
6744,514.6504195677433,0.1256446738031613,500-550,0.0
6745,534.9837879853376,0.08242620967939257,500-550,0.0
6746,470.80698396177144,0.28352754747144293,450-500,1.0
6747,457.6049067497917,0.3493272289395683,450-500,1.0
6748,532.5760083155863,0.08673266984988375,500-550,0.0
6749,508.90967792125434,0.14095390320229714,500-550,0.0
6750,474.5858452739903,0.26613121927763433,450-500,1.0
6751,440.55639875676763,0.44322255281079764,<450,0.0
6752,544.8712967623187,0.06671508138265661,500-550,0.0
6753,534.8037315520069,0.08274140056994757,500-550,0.0
6754,484.02086522718287,0.2257728332670972,450-500,0.0
6755,509.5767590373772,0.1390979323470269,500-550,0.0
6756,505.11963421744747,0.1518942122764003,500-550,1.0
6757,506.73142603899555,0.14715876464722433,500-550,0.0
6758,481.1292033139441,0.2376649189925765,450-500,1.0
6759,519.3391646139082,0.11421799830110267,500-550,1.0
6760,471.8436909130625,0.2786870695177143,450-500,0.0
6761,492.7581674102979,0.19244348063025468,450-500,1.0
6762,469.74674132754194,0.2885300986057149,450-500,0.0
6763,511.8383987261944,0.13295761220903662,500-550,0.0
6764,516.5174560292904,0.12098167333989529,500-550,0.0
6765,525.2162992455858,0.10118264239734641,500-550,0.0
6766,490.0727674281212,0.20227034333617078,450-500,0.0
6767,481.69839841860994,0.2352904070101199,450-500,1.0
6768,491.483422974919,0.1970622228923593,450-500,1.0
6769,510.52924493709514,0.13648345983547275,500-550,0.0
6770,484.1069783613335,0.22542523575723064,450-500,0.0
6771,507.64277105782435,0.1445356896190253,500-550,0.0
6772,523.5312857096733,0.10477869014565085,500-550,0.0
6773,540.8304150154652,0.07276882321421223,500-550,1.0
6774,522.3615591955747,0.10734098456780895,500-550,0.0
6775,476.44057810316264,0.2578460165603333,450-500,1.0
6776,536.0648861621305,0.08055661741273135,500-550,0.0
6777,593.7429482138879,0.022588774026107816,550-600,0.0
6778,455.6995588523379,0.35939870807138147,450-500,0.0
6779,488.71648765946514,0.20737394180643515,450-500,0.0
6780,533.8752740043223,0.08438414114838318,500-550,0.0
6781,479.6849933260042,0.2437634228333397,450-500,0.0
6782,528.332227676079,0.09482065231738962,500-550,0.0
6783,490.54244900893525,0.20052496124267946,450-500,0.0
6784,537.9814604168639,0.07733707716874452,500-550,0.0
6785,504.2548961651722,0.15448598295782584,500-550,0.0
6786,561.8510047869413,0.04606271660208005,550-600,0.0
6787,458.6955990813037,0.34362121607673224,450-500,0.0
6788,460.1539087954323,0.3360621994293607,450-500,1.0
6789,521.8020959247937,0.10858587410459059,500-550,0.0
6790,500.5549988677308,0.165984773624512,500-550,0.0
6791,545.9185263724512,0.06522423102243295,500-550,0.0
6792,498.0050067566714,0.17430220006974928,450-500,1.0
6793,531.1696898793406,0.08934123149446306,500-550,0.0
6794,504.12725909836286,0.1548715796880001,500-550,0.0
6795,500.567989519894,0.16594322718130006,500-550,0.0
6796,493.94356597704564,0.18822287427261739,450-500,0.0
6797,483.67722924545257,0.22716370554344878,450-500,0.0
6798,501.0707297966134,0.16434176670733014,500-550,0.0
6799,537.1601571344872,0.07870204607254344,500-550,0.0
6800,516.4368159066677,0.12117995364363375,500-550,0.0
6801,502.49359000250683,0.15987659354256895,500-550,1.0
6802,541.8820227708857,0.071146321234446,500-550,0.0
6803,478.0326541349875,0.2508697584415822,450-500,1.0
6804,529.1241891702173,0.09326172518504164,500-550,0.0
6805,490.3544140946115,0.20122235938723365,450-500,1.0
6806,524.4976009484664,0.10270285365534863,500-550,0.0
6807,523.9232711112984,0.10393219832715038,500-550,1.0
6808,452.6346618254638,0.375859355361576,450-500,1.0
6809,470.4600393989728,0.2851587616709289,450-500,0.0
6810,515.2805121430412,0.12405403151019578,500-550,0.0
6811,517.522099726354,0.11853480664094572,500-550,0.0
6812,467.35601155818756,0.30000036578820727,450-500,1.0
6813,551.2722722777722,0.05807592660980331,550-600,1.0
6814,512.933450171633,0.13006789847912958,500-550,0.0
6815,530.6859010859408,0.09025484225807442,500-550,0.0
6816,503.9815686824536,0.1553126766354289,500-550,0.0
6817,528.0989140385184,0.09528434524743466,500-550,0.0
6818,539.6974998962986,0.0745548749111854,500-550,0.0
6819,517.4056701400027,0.11881616787114047,500-550,0.0
6820,523.9963557749004,0.10377504232243319,500-550,0.0
6821,491.3911210459026,0.19739988377851125,450-500,1.0
6822,525.1645522986257,0.10129142851743499,500-550,0.0
6823,510.57932484291973,0.13634714732699102,500-550,0.0
6824,528.2868873464554,0.094910604311315,500-550,0.0
6825,522.4116391013994,0.10723016369716656,500-550,0.0
6826,462.5510527947109,0.3238185787379652,450-500,1.0
6827,513.0368246776984,0.12979788256020047,500-550,1.0
6828,502.9804626087351,0.15837142729037448,500-550,0.0
6829,574.8996044725116,0.034486880099972604,550-600,1.0
6830,550.5076278460236,0.05904994790393647,550-600,0.0
6831,485.4073938054257,0.22022226212832804,450-500,0.0
6832,492.05408101883427,0.19498430715168466,450-500,0.0
6833,478.0326541349875,0.2508697584415822,450-500,0.0
6834,521.7547681915876,0.1086917650032506,500-550,0.0
6835,513.7434349330052,0.1279649548760421,500-550,0.0
6836,495.4749590157376,0.18287611561557887,450-500,0.0
6837,524.5625441832416,0.10256465684712984,500-550,0.0
6838,485.5825771429064,0.2195279784859531,450-500,0.0
6839,554.9779127144832,0.053565735832990256,550-600,0.0
6840,486.27629047607104,0.21679413131487993,450-500,0.0
6841,526.8609003568433,0.09777888436334708,500-550,0.0
6842,566.0100561720948,0.04201970444591608,550-600,0.0
6843,537.3678255113008,0.0783548435652977,500-550,0.0
6844,524.6501108372446,0.10237857901462384,500-550,0.0
6845,460.0970158236956,0.33635556113581855,450-500,1.0
6846,510.0397992359508,0.13782172990691008,500-550,0.0
6847,513.9850204518747,0.12734337344456556,500-550,0.0
6848,498.84154732662284,0.17153795594073507,450-500,0.0
6849,567.3269897364968,0.04081179500865435,550-600,0.0
6850,535.2681371983791,0.08193067826104995,500-550,0.0
6851,505.8010288808153,0.14987718558109575,500-550,0.0
6852,510.6560675501165,0.13613848380622356,500-550,0.0
6853,511.4299214734626,0.13404937786567325,500-550,0.0
6854,501.8661892928633,0.16183325684331928,500-550,1.0
6855,483.9707853213583,0.2259751564164749,450-500,0.0
6856,484.84120539708454,0.22247693447960387,450-500,1.0
6857,512.9315783093804,0.13007279221495782,500-550,0.0
6858,516.5917025681737,0.12079936121726274,500-550,0.0
6859,466.6291764132514,0.3035387956795964,450-500,1.0
6860,469.63311063351,0.2890693465012493,450-500,0.0
6861,522.6569448624928,0.1066887845156162,500-550,0.0
6862,560.1247320867229,0.04784739308820693,550-600,0.0
6863,538.5335827125922,0.07643170087482212,500-550,0.0
6864,481.14387292345043,0.2376035152095089,450-500,0.0
6865,462.0743758845815,0.3262347762778323,450-500,0.0
6866,516.5683683162408,0.12085663284249325,500-550,0.0
6867,504.37584097845826,0.15412132814407914,500-550,0.0
6868,586.9911515337267,0.026302036567254324,550-600,0.0
6869,515.0800705582747,0.12455815421236531,500-550,0.0
6870,530.1421553380846,0.09129171628966871,500-550,0.0
6871,517.4617543880408,0.11868056382657102,500-550,0.0
6872,463.6206194971602,0.3184313138714525,450-500,0.0
6873,489.94203475969346,0.20275817130143944,450-500,0.0
6874,480.2558644234319,0.24134018033078233,450-500,0.0
6875,498.0013369758962,0.17431440345486982,450-500,0.0
6876,520.3604903128906,0.11185221936224513,500-550,0.0
6877,491.8674770996431,0.19566194834869802,450-500,0.0
6878,530.0858568660032,0.09139968242608897,500-550,0.0
6879,483.21088046581065,0.2290609177413615,450-500,0.0
6880,560.0101224046699,0.047968177364890334,550-600,0.0
6881,511.28346825976007,0.13444265504700015,500-550,1.0
6882,528.0734537300657,0.09533506824625983,500-550,0.0
6883,540.0247017164302,0.07403493881231625,500-550,0.0
6884,503.7540357334916,0.15600361302220683,500-550,0.0
6885,566.1635382795143,0.0418771875625715,550-600,0.0
6886,467.2637096291712,0.3004484087848408,450-500,1.0
6887,476.10461450943785,0.2593342319783015,450-500,1.0
6888,519.5981784051447,0.11361393048926859,500-550,0.0
6889,470.9383503747095,0.28291138148899514,450-500,0.0
6890,481.9087734977662,0.23441695315050476,450-500,0.0
6891,502.7583105986507,0.15905677822446182,500-550,0.0
6892,480.67329502519397,0.23957869202057358,450-500,0.0
6893,562.8637401169952,0.045045387915180556,550-600,0.0
6894,560.2892928712176,0.04767447162762067,550-600,0.0
6895,510.55591231947744,0.1364108596044787,500-550,0.0
6896,521.3165889949994,0.10967645773497679,500-550,0.0
6897,537.4179054171253,0.07827132453918116,500-550,0.0
6898,518.3126547747407,0.11663958571614821,500-550,0.0
6899,470.1285672407958,0.2867224875620369,450-500,0.0
6900,536.3565470058145,0.08005890200219706,500-550,0.0
6901,511.67153754967035,0.1334026813619115,500-550,0.0
6902,491.72872873601244,0.19616695908734758,450-500,0.0
6903,471.5389683734557,0.2801045750372303,450-500,0.0
6904,587.9718828086847,0.02572790335290337,550-600,0.0
6905,479.1115831094704,0.24621398834404523,450-500,0.0
6906,538.6411635009282,0.07625642415174183,500-550,0.0
6907,501.63392784221367,0.16256249156538102,500-550,0.0
6908,477.4744130464517,0.2533015333631677,450-500,0.0
6909,573.9425399319489,0.03523081231317875,550-600,0.0
6910,471.88591293625433,0.27849100906786617,450-500,0.0
6911,510.0397992359508,0.13782172990691008,500-550,0.0
6912,467.6859248837935,0.2984020596221176,450-500,0.0
6913,480.67329502519397,0.23957869202057358,450-500,0.0
6914,560.4032903484422,0.0475550306336775,550-600,0.0
6915,456.3086024965024,0.3561653680574953,450-500,0.0
6916,498.42881333017164,0.1728974160173955,450-500,0.0
6917,521.5515744342026,0.10914742080684972,500-550,0.0
6918,582.9130214895205,0.02882594172778914,550-600,0.0
6919,521.686894250777,0.10884378416479965,500-550,0.0
6920,510.0397992359508,0.13782172990691008,500-550,0.0
6921,524.6486454235676,0.10238169053464062,500-550,0.0
6922,454.64398795812696,0.36503282862618475,450-500,1.0
6923,530.6051955366582,0.09040806727976512,500-550,0.0
6924,516.5174560292904,0.12098167333989529,500-550,0.0
6925,507.7806690409469,0.1441421874183523,500-550,0.0
6926,522.597379474868,0.10682002106693117,500-550,0.0
6927,488.87398868600144,0.2067764287221999,450-500,1.0
6928,505.9490524876048,0.14944194214167333,500-550,0.0
6929,504.26994260854974,0.15444057878307899,500-550,0.0
6930,520.2149388089331,0.11218673590473416,500-550,0.0
6931,511.60817391157804,0.13357202125561227,500-550,1.0
6932,504.42592088428285,0.15397054086540637,500-550,0.0
6933,476.39472769984116,0.2580487909950115,450-500,0.0
6934,476.06542686602,0.2595081842440075,450-500,0.0
6935,505.4754066573666,0.15083830840751955,500-550,0.0
6936,530.6051955366582,0.09040806727976512,500-550,0.0
6937,492.19932974878844,0.19445807688449396,450-500,1.0
6938,457.9269829136116,0.3476376861833995,450-500,1.0
6939,491.8127238087401,0.1958611195778794,450-500,1.0
6940,611.888873675984,0.014968666804313548,600-650,0.0
6941,513.6588231448636,0.12818326602175842,500-550,0.0
6942,505.9490524876048,0.14944194214167333,500-550,0.0
6943,517.7349709738239,0.11802187753108903,500-550,0.0
6944,458.17232565770894,0.34635323664641393,450-500,1.0
6945,518.4645025654245,0.1162785813866495,500-550,0.0
6946,471.5923568603486,0.2798559049230566,450-500,0.0
6947,488.54041426779725,0.2080434211462286,450-500,0.0
6948,523.9733510171229,0.10382448742556383,500-550,0.0
6949,480.7152348412303,0.23940220060780631,450-500,1.0
6950,536.3228553107253,0.08011625269796299,500-550,0.0
6951,483.21088046581065,0.2290609177413615,450-500,0.0
6952,463.9932750992459,0.31656555222671634,450-500,0.0
6953,503.51821545419836,0.15672235711049726,500-550,0.0
6954,566.3927255145479,0.04166523434248885,550-600,0.0
6955,476.6027091063363,0.2571298229500887,450-500,0.0
6956,521.5515744342026,0.10914742080684972,500-550,1.0
6957,511.18855085892534,0.13469806105225843,500-550,1.0
6958,529.1742690760418,0.09316392296586037,500-550,0.0
6959,533.7295835884129,0.08464458669534325,500-550,0.0
6960,531.6609245735323,0.08842210203867713,500-550,0.0
6961,504.26994260854974,0.15444057878307899,500-550,1.0
6962,588.0853529418636,0.025662269104987076,550-600,0.0
6963,550.5472109951846,0.058999152373185045,550-600,0.0
6964,498.63507110456095,0.17221698339128044,450-500,0.0
6965,478.29071544730726,0.2497508698990083,450-500,0.0
6966,494.11470159309187,0.18761945637061603,450-500,1.0
6967,533.0861124758892,0.08580364247795719,500-550,0.0
6968,514.0962657564806,0.12705801573453765,500-550,0.0
6969,529.1742690760418,0.09316392296586037,500-550,0.0
6970,524.204024151714,0.10332963349403045,500-550,0.0
6971,478.0827340408121,0.2506523641540528,450-500,0.0
6972,509.5767590373772,0.1390979323470269,500-550,0.0
6973,485.3458933178907,0.2204663731751951,450-500,0.0
6974,533.2662303601577,0.0854777625061448,500-550,1.0
6975,530.1537308068137,0.09126953171130284,500-550,0.0
6976,509.9052144149067,0.13819164673899176,500-550,0.0
6977,533.0224340071267,0.0859191224555365,500-550,0.0
6978,516.3236474183591,0.12145868806270696,500-550,0.0
6979,521.8985189970012,0.10837041775823127,500-550,0.0
6980,499.45567595995493,0.16953085255310701,450-500,0.0
6981,538.936674652573,0.07577685684197154,500-550,0.0
6982,531.0367861376853,0.0895913792906152,500-550,1.0
6983,542.3153565284623,0.07048750830322924,500-550,0.0
6984,496.87599787636395,0.17808842376729717,450-500,1.0
6985,484.5882841351001,0.22348942619458792,450-500,1.0
6986,522.4116391013994,0.10723016369716656,500-550,1.0
6987,547.9675329115937,0.06239651311998127,500-550,0.0
6988,442.9384963126687,0.4296861601152605,<450,1.0
6989,546.7342763733997,0.0640844521733131,500-550,0.0
6990,529.1241891702173,0.09326172518504164,500-550,0.0
6991,532.2169873582064,0.08739198569590008,500-550,0.0
6992,462.300529182074,0.3250872811686714,450-500,0.0
6993,520.4507590882263,0.11164519569227419,500-550,1.0
6994,448.5239685849463,0.398388666049183,<450,0.0
6995,508.07237609749245,0.1433127151900931,500-550,0.0
6996,478.64892244915325,0.24820330184576953,450-500,0.0
6997,500.95886107110545,0.16469704301921206,500-550,0.0
6998,574.8996044725116,0.034486880099972604,550-600,0.0
6999,482.73178564389474,0.23102155279594142,450-500,1.0
7000,499.67697941017786,0.16881218098446413,450-500,0.0
7001,484.02086522718287,0.2257728332670972,450-500,1.0
7002,562.5778445128875,0.0453303914772603,550-600,0.0
7003,503.51821545419836,0.15672235711049726,500-550,0.0
7004,490.98181480425507,0.19890247218571325,450-500,0.0
7005,574.1955180810478,0.035032680659713974,550-600,0.0
7006,495.3080978392136,0.18345292877653044,450-500,1.0
7007,497.8626249218305,0.17477616692461023,450-500,0.0
7008,440.31290186583976,0.44461134963640986,<450,1.0
7009,466.72886034323096,0.30305211530475074,450-500,0.0
7010,525.4124189065662,0.10077128630885952,500-550,0.0
7011,592.7858836733253,0.023082182636554323,550-600,0.0
7012,495.94560071818364,0.18125676766391355,450-500,0.0
7013,472.2586388892164,0.27676391329847017,450-500,0.0
7014,564.6018263637908,0.04334914424916905,550-600,0.0
7015,496.87599787636395,0.17808842376729717,450-500,0.0
7016,515.9473702055234,0.1223894353226808,500-550,0.0
7017,514.8924128522775,0.12503171630851018,500-550,0.0
7018,502.5644798874125,0.15965671923848487,500-550,0.0
7019,452.74570453790386,0.3752576781551325,450-500,0.0
7020,495.13755556730706,0.18404392349674348,450-500,0.0
7021,502.8642089685593,0.15872977654832465,500-550,1.0
7022,536.0239880523739,0.08062663478227099,500-550,0.0
7023,595.3046601296114,0.021805685038007824,550-600,0.0
7024,461.86736033654023,0.32728699565225255,450-500,0.0
7025,568.2573868946771,0.03997853675262976,550-600,0.0
7026,433.1481944992392,0.48577191221148547,<450,1.0
7027,582.1861762730324,0.02929981974711146,550-600,0.0
7028,518.6720834977854,0.11578664674457469,500-550,1.0
7029,566.6370586250259,0.041440404376511225,550-600,0.0
7030,516.3573191351873,0.12137569680642571,500-550,0.0
7031,471.5389683734557,0.2801045750372303,450-500,0.0
7032,520.0820350672778,0.11249294755507744,500-550,0.0
7033,523.103983045818,0.10570837883167553,500-550,0.0
7034,471.32432768313635,0.28110567824179916,450-500,0.0
7035,491.4333430690944,0.19724537216093868,450-500,0.0
7036,455.6995588523379,0.35939870807138147,450-500,0.0
7037,546.3945497112225,0.06455685174272471,500-550,0.0
7038,505.3395682789245,0.1512407515854661,500-550,0.0
7039,499.79861186718546,0.16841822080702787,450-500,1.0
7040,471.59989456003143,0.2798208070932303,450-500,1.0
7041,489.90192370139164,0.20290802117845752,450-500,0.0
7042,504.4798831499842,0.15380819915359387,500-550,1.0
7043,507.4365178644451,0.14512591428690763,500-550,1.0
7044,530.7498186573408,0.09013365640119225,500-550,0.0
7045,481.6250675486325,0.2355953976583619,450-500,1.0
7046,503.56829536002294,0.15656949609741413,500-550,0.0
7047,555.419207758539,0.05305117743511464,550-600,0.0
7048,511.0019469397342,0.13520137372072033,500-550,0.0
7049,459.56415297663034,0.33910930853016974,450-500,1.0
7050,483.21088046581065,0.2290609177413615,450-500,0.0
7051,561.4858979332976,0.04643481449903823,550-600,0.0
7052,503.34562806409235,0.15725008388376543,500-550,1.0
7053,561.7503615738465,0.04616500268369622,550-600,0.0
7054,498.7360054441942,0.17188478036036248,450-500,0.0
7055,570.4067421178634,0.038115492457131805,550-600,0.0
7056,518.0757672002208,0.11720470680127554,500-550,0.0
7057,519.3425241450232,0.11421014537943486,500-550,0.0
7058,568.5830091181258,0.03969078130140195,550-600,0.0
7059,484.7254909446259,0.22293975454750126,450-500,1.0
7060,493.5359653740579,0.1896660594503758,450-500,0.0
7061,522.8940559088268,0.10616777976428729,500-550,0.0
7062,532.6837785477475,0.08653563785271512,500-550,0.0
7063,523.8574321284026,0.1040739538415657,500-550,0.0
7064,504.2393169650917,0.15453300627532005,500-550,1.0
7065,476.39817058534356,0.2580335611458198,450-500,0.0
7066,456.6871606728979,0.35416221529545766,450-500,0.0
7067,508.2334455109045,0.14285641807424396,500-550,0.0
7068,545.179289595236,0.06627336424453653,500-550,0.0
7069,466.7555277256132,0.3029219936711531,450-500,0.0
7070,522.4116391013994,0.10723016369716656,500-550,0.0
7071,560.2496124647383,0.04771611364309963,550-600,0.0
7072,506.52786402575146,0.14775002094710174,500-550,0.0
7073,483.88047107574675,0.2263403509830877,450-500,0.0
7074,529.3147335783543,0.09289009744435235,500-550,0.0
7075,507.9965579363845,0.14352792191301933,500-550,1.0
7076,557.6389475379826,0.050532967223363694,550-600,0.0
7077,512.5636588554578,0.13103771279857243,500-550,0.0
7078,570.821480853971,0.037765722895110994,550-600,0.0
7079,483.67722924545257,0.22716370554344878,450-500,1.0
7080,474.5858452739903,0.26613121927763433,450-500,1.0
7081,526.0408029580741,0.09946325328543155,500-550,0.0
7082,512.9973677430329,0.12990088840279812,500-550,0.0
7083,460.046935917871,0.33661389656755947,450-500,0.0
7084,554.2544748411627,0.05441947598139656,550-600,0.0
7085,527.9413209865194,0.09559869629855934,500-550,0.0
7086,452.6956246320793,0.3755289850717241,450-500,0.0
7087,554.0481652363102,0.054665285737642906,550-600,0.0
7088,506.99364299250044,0.14640002884600112,500-550,0.0
7089,533.2727163950804,0.08546604854102985,500-550,0.0
7090,510.0898791417754,0.1376842939191924,500-550,0.0
7091,430.66822666413,0.5000929258666773,<450,0.0
7092,554.8581499976824,0.05370619171373844,550-600,0.0
7093,469.6558593869825,0.2889613417315007,450-500,0.0
7094,520.4340892355816,0.11168340132722729,500-550,0.0
7095,530.9609679765774,0.08973436488040783,500-550,0.0
7096,559.7544643061242,0.04823865312608256,550-600,0.0
7097,463.46239781353967,0.3192252461966638,450-500,0.0
7098,496.41295767779036,0.17965979143125327,450-500,0.0
7099,517.4186975247591,0.11878465748839655,500-550,0.0
7100,491.9175570054677,0.19547991131860815,450-500,0.0
7101,518.4144226596,0.11639753445171948,500-550,1.0
7102,503.8903715238428,0.1555893094992267,500-550,0.0
7103,565.8186663076661,0.04219807059283553,550-600,0.0
7104,544.9788711249892,0.06656049060541748,500-550,0.0
7105,533.9267228807195,0.08429234178283042,500-550,0.0
7106,439.20711762067447,0.4509288243185296,<450,1.0
7107,464.0197421243339,0.31643326402044436,450-500,1.0
7108,476.44825049116815,0.25781209541014455,450-500,0.0
7109,559.1706834902554,0.04886170625841316,550-600,0.0
7110,486.7566749415189,0.21491546709364584,450-500,0.0
7111,480.1295492773378,0.24187494661107134,450-500,0.0
7112,510.9968637765134,0.13521510632683958,500-550,0.0
7113,541.2683707402394,0.072089008373928,500-550,1.0
7114,509.9431123922666,0.13808739696193464,500-550,0.0
7115,475.5526862998783,0.26179119107859733,450-500,0.0
7116,531.6609245735323,0.08842210203867713,500-550,0.0
7117,465.9477817498836,0.30687728834376515,450-500,0.0
7118,528.332227676079,0.09482065231738962,500-550,0.0
7119,513.4804199755213,0.12864461420038706,500-550,0.0
7120,486.10705337054765,0.21745879797862266,450-500,0.0
7121,546.7342763733997,0.0640844521733131,500-550,0.0
7122,487.9065028980929,0.21046691203046722,450-500,0.0
7123,507.9965579363845,0.14352792191301933,500-550,0.0
7124,561.620779972325,0.04629701785693508,550-600,0.0
7125,520.1071685767719,0.11243498377221096,500-550,1.0
7126,574.8996044725116,0.034486880099972604,550-600,0.0
7127,460.9392609731628,0.3320256167989594,450-500,0.0
7128,479.12716723376747,0.2461471681522679,450-500,0.0
7129,506.1962653971275,0.14871736953752834,500-550,0.0
7130,496.4630375836149,0.17948932000122253,450-500,0.0
7131,533.1658051168605,0.08565931918706352,500-550,0.0
7132,471.6490253617343,0.27959210504631193,450-500,0.0
7133,454.3723596884026,0.3664887199785489,450-500,0.0
7134,532.1237384758081,0.08756397039240385,500-550,0.0
7135,500.29218042911685,0.1668271044457989,500-550,0.0
7136,544.6591597146385,0.0670209123214757,500-550,0.0
7137,532.3650109649959,0.08711960380574907,500-550,1.0
7138,499.390961033955,0.1697414705525016,450-500,0.0
7139,498.59805043569503,0.1723389561120953,450-500,0.0
7140,490.3537014609179,0.2012250059051077,450-500,0.0
7141,513.1314268604818,0.12955119817816277,500-550,0.0
7142,523.2736269935336,0.10533841444070287,500-550,0.0
7143,529.1742690760418,0.09316392296586037,500-550,1.0
7144,526.6900717384295,0.09812763286525777,500-550,0.0
7145,553.4969063480421,0.055327230155330316,550-600,0.0
7146,561.6708598781495,0.046245954908798896,550-600,0.0
7147,523.2736269935336,0.10533841444070287,500-550,0.0
7148,523.0763535350552,0.10576874245345977,500-550,1.0
7149,522.3615591955747,0.10734098456780895,500-550,0.0
7150,560.8288184781866,0.04711168978371714,550-600,0.0
7151,514.2723814696595,0.1266073748413732,500-550,1.0
7152,495.99568062400823,0.18108511542567313,450-500,0.0
7153,544.9213766681434,0.06664307213883637,500-550,1.0
7154,498.0050067566714,0.17430220006974928,450-500,0.0
7155,529.1241891702173,0.09326172518504164,500-550,0.0
7156,469.7059392928071,0.28872366066795757,450-500,0.0
7157,508.73471763741435,0.14144409661048737,500-550,0.0
7158,495.6476597276101,0.18228059960242743,450-500,0.0
7159,561.7347774495494,0.046180860511520205,550-600,0.0
7160,506.1461854913029,0.1488639174682742,500-550,0.0
7161,529.1742690760418,0.09316392296586037,500-550,0.0
7162,511.5541834184683,0.13371645476740052,500-550,0.0
7163,496.66470135062673,0.178804137822722,450-500,0.0
7164,486.27629047607104,0.21679413131487993,450-500,0.0
7165,495.99898920507655,0.18107377950187048,450-500,0.0
7166,503.51821545419836,0.15672235711049726,500-550,0.0
7167,488.66640775364056,0.20756419732603745,450-500,0.0
7168,541.4459491298413,0.07181503568991837,500-550,0.0
7169,461.1258648923539,0.33107009349014965,450-500,0.0
7170,527.77957747121,0.09592229037453318,500-550,1.0
7171,461.6589314889235,0.3283481563003979,450-500,0.0
7172,534.0680374203337,0.08404066302482117,500-550,0.0
7173,490.4923691031107,0.20071052430413727,450-500,0.0
7174,501.6574952526745,0.16248837606821412,500-550,0.0
7175,521.0612171732394,0.11025393985603367,500-550,0.0
7176,506.2486430977549,0.14856422501664343,500-550,0.0
7177,489.354107698626,0.2049628561049928,450-500,0.0
7178,545.777211832837,0.06542358459847172,500-550,0.0
7179,428.4715263716637,0.5127787809093982,<450,0.0
7180,492.3661820086728,0.19385490839757646,450-500,0.0
7181,524.4976009484664,0.10270285365534863,500-550,0.0
7182,509.97023358516543,0.13801283251980398,500-550,0.0
7183,467.9800715638636,0.2969811646172435,450-500,0.0
7184,560.5846785381357,0.04736556684537212,550-600,0.0
7185,517.4244406640285,0.1187707683922307,500-550,0.0
7186,540.3039272254368,0.0735938792243039,500-550,0.0
7187,545.9699818839119,0.06515178274862915,500-550,0.0
7188,554.8581499976824,0.05370619171373844,550-600,0.0
7189,520.9444704005338,0.11051883002250962,500-550,0.0
7190,451.8992363115992,0.37985380841661687,450-500,1.0
7191,482.1655972355536,0.23335370279233233,450-500,0.0
7192,473.31477944898376,0.27190616862681305,450-500,1.0
7193,488.967011272102,0.2064241264247798,450-500,0.0
7194,482.115517329729,0.23356077004228804,450-500,0.0
7195,474.3130505479746,0.26736402209214594,450-500,1.0
7196,560.3393727770423,0.04762196528915584,550-600,0.0
7197,510.8095496575361,0.13572197275996883,500-550,1.0
7198,532.562143968694,0.08675804693599967,500-550,0.0
7199,559.4519910474557,0.04856052718204013,550-600,0.0
7200,510.6471987837303,0.13616258423885697,500-550,1.0
7201,486.3102492499785,0.21666093777925424,450-500,0.0
7202,499.4400918356579,0.1695815528537288,450-500,0.0
7203,519.8952273985824,0.11292458819440754,500-550,0.0
7204,483.62384075855965,0.22738033843944833,450-500,0.0
7205,476.34464779401657,0.25827038930240376,450-500,0.0
7206,543.0577409513894,0.06937192495380051,500-550,0.0
7207,516.1997171665486,0.12176456237690411,500-550,0.0
7208,501.8661892928633,0.16183325684331928,500-550,0.0
7209,533.2297226882604,0.08554372356422249,500-550,0.0
7210,535.2048214949338,0.08204078230852334,500-550,0.0
7211,490.4923691031107,0.20071052430413727,450-500,0.0
7212,434.0129571107854,0.48078247665407503,<450,1.0
7213,491.19645549457437,0.1981134432438836,450-500,0.0
7214,532.6546313923377,0.08658888641887266,500-550,0.0
7215,464.7804970171832,0.3126435901678856,450-500,1.0
7216,557.2668033621627,0.050947109051815744,550-600,0.0
7217,460.03803945595513,0.3366597988758389,450-500,1.0
7218,520.9846892305184,0.11042751347347561,500-550,0.0
7219,532.318347615663,0.0872053871973501,500-550,0.0
7220,473.21073727745784,0.27238233422001373,450-500,0.0
7221,568.2815976185515,0.03995707288090078,550-600,0.0
7222,513.330700936554,0.1290328771857014,500-550,0.0
7223,464.8305769230078,0.3123949879277646,450-500,1.0
7224,495.6957966558429,0.18211488001386703,450-500,1.0
7225,528.4421915202912,0.0946028088145588,500-550,0.0
7226,500.71758858191754,0.1654653826525259,500-550,0.0
7227,551.2083547063723,0.058156765429969996,550-600,0.0
7228,496.87599787636395,0.17808842376729717,450-500,0.0
7229,491.19645549457437,0.1981134432438836,450-500,0.0
7230,488.66640775364056,0.20756419732603745,450-500,0.0
7231,484.84120539708454,0.22247693447960387,450-500,1.0
7232,571.2440439416253,0.037412527179575904,550-600,0.0
7233,541.4459491298413,0.07181503568991837,500-550,0.0
7234,528.4201027787536,0.09464653163891058,500-550,0.0
7235,490.4044940004361,0.2010364421390757,450-500,0.0
7236,548.0176128174182,0.06232885384372635,500-550,0.0
7237,458.7221115766675,0.3434830670901333,450-500,1.0
7238,503.0745840477156,0.15808178140363138,500-550,0.0
7239,488.8904228476002,0.20671415568553705,450-500,0.0
7240,522.4116391013994,0.10723016369716656,500-550,1.0
7241,549.4819170941113,0.060380576779389836,500-550,0.0
7242,548.0176128174182,0.06232885384372635,500-550,0.0
7243,506.32955027449594,0.14832792048880888,500-550,0.0
7244,520.9444704005338,0.11051883002250962,500-550,0.0
7245,444.39576506058125,0.42145537544231987,<450,0.0
7246,546.3945497112225,0.06455685174272471,500-550,0.0
7247,502.8141290627347,0.15888434936189855,500-550,0.0
7248,492.7581674102979,0.19244348063025468,450-500,0.0
7249,486.6233900641504,0.21543552329508933,450-500,0.0
7250,549.9152883268666,0.05981498591478998,500-550,0.0
7251,477.72965768645076,0.252187722956505,450-500,1.0
7252,512.7763335840575,0.13047920430353036,500-550,1.0
7253,452.60780655478135,0.37600492641014654,450-500,0.0
7254,511.76185179528187,0.1331616297122345,500-550,1.0
7255,532.1669074523818,0.08748431316690494,500-550,0.0
7256,522.4116391013994,0.10723016369716656,500-550,0.0
7257,540.4483066624719,0.0733667699119969,500-550,0.0
7258,541.2861279215475,0.07206156880016142,500-550,0.0
7259,508.90967792125434,0.14095390320229714,500-550,0.0
7260,510.28544858406406,0.13714868878211633,500-550,0.0
7261,528.9862911870948,0.0935315055392712,500-550,0.0
7262,457.03410523569653,0.352330827871306,450-500,0.0
7263,468.07139871778645,0.2965407985691842,450-500,0.0
7264,516.6417824739983,0.12067652405341557,500-550,0.0
7265,469.63311063351,0.2890693465012493,450-500,0.0
7266,470.03064494462507,0.28718541775984247,450-500,0.0
7267,467.53086903086535,0.29915263757508403,450-500,0.0
7268,464.0764106257196,0.31615012185141117,450-500,0.0
7269,421.5461050553759,0.5525891470534917,<450,1.0
7270,523.4987032839877,0.10484932518798479,500-550,0.0
7271,470.5101193047974,0.28492295503006054,450-500,0.0
7272,522.1589739819821,0.10779031026845455,500-550,0.0
7273,486.14927997474945,0.21729281833607642,450-500,0.0
7274,461.32119352813265,0.33007138446236156,450-500,0.0
7275,497.5139753938109,0.1759410549565922,450-500,0.0
7276,515.9376960825346,0.12241344565881486,500-550,0.0
7277,521.8985189970012,0.10837041775823127,500-550,0.0
7278,497.6774366806807,0.17539414872806428,450-500,0.0
7279,467.2992734734694,0.3002757330419527,450-500,0.0
7280,530.7359809917655,0.09015987977327969,500-550,0.0
7281,509.62934843701504,0.13895249150341074,500-550,0.0
7282,524.2541040575385,0.10322247512888741,500-550,0.0
7283,444.3910254843803,0.4214820769578364,<450,0.0
7284,501.72243848744966,0.16228428157100463,500-550,0.0
7285,485.3959732237153,0.2202675786475272,450-500,0.0
7286,476.39472769984116,0.2580487909950115,450-500,0.0
7287,501.59170581902185,0.1626953407683848,500-550,0.0
7288,521.8985189970012,0.10837041775823127,500-550,0.0
7289,507.5835930626254,0.14470483202801782,500-550,1.0
7290,502.4394176694347,0.1600447813795522,500-550,0.0
7291,516.7706856016842,0.12036084305644006,500-550,0.0
7292,498.2753589182817,0.1734050316395878,450-500,1.0
7293,521.8916738652564,0.10838570074135481,500-550,0.0
7294,496.0751773954886,0.1808128949603952,450-500,0.0
7295,559.1206035844309,0.0489155092868309,550-600,0.0
7296,510.5338235779398,0.13647099246780886,500-550,0.0
7297,485.3458933178907,0.2204663731751951,450-500,0.0
7298,529.1241891702173,0.09326172518504164,500-550,0.0
7299,531.8893603951013,0.0879976001432518,500-550,1.0
7300,530.6859010859408,0.09025484225807442,500-550,0.0
7301,484.3983307563459,0.22425200064461998,450-500,0.0
7302,553.731201417568,0.0550449746273467,550-600,0.0
7303,513.2362600572094,0.12927830167094764,500-550,0.0
7304,560.2892928712176,0.04767447162762067,550-600,0.0
7305,501.4471201735182,0.16315093398420763,500-550,0.0
7306,479.5943660507111,0.24414963172599574,450-500,1.0
7307,502.75746056134903,0.1590594052479401,500-550,0.0
7308,501.5907454942052,0.1626983633931232,500-550,0.0
7309,511.28346825976007,0.13444265504700015,500-550,0.0
7310,482.115517329729,0.23356077004228804,450-500,0.0
7311,521.8985189970012,0.10837041775823127,500-550,0.0
7312,559.1884775252415,0.04884260287060515,550-600,0.0
7313,519.2700561968352,0.11437964396584012,500-550,0.0
7314,481.8742448405411,0.23456015783485396,450-500,1.0
7315,523.4602309127248,0.10493278309487007,500-550,0.0
7316,563.8197350933381,0.04410472742298861,550-600,0.0
7317,502.0041443013625,0.16140136834057578,500-550,0.0
7318,498.33430759049253,0.17320989470539216,450-500,1.0
7319,464.2597754089126,0.3152348808402258,450-500,0.0
7320,507.65576170998764,0.14449858176677285,500-550,0.0
7321,516.4492278708742,0.121149416509491,500-550,1.0
7322,501.8661892928633,0.16183325684331928,500-550,0.0
7323,541.5599466070657,0.07163966396012786,500-550,0.0
7324,521.9485989028258,0.1082586629747747,500-550,0.0
7325,488.2344610903521,0.2092105262363235,450-500,0.0
7326,464.3098553147372,0.31498516233899826,450-500,0.0
7327,516.010467716455,0.1222329321610108,500-550,0.0
7328,514.9096523704789,0.1249881473710595,500-550,0.0
7329,516.6144559026562,0.12074353794225973,500-550,0.0
7330,532.3650109649959,0.08711960380574907,500-550,0.0
7331,567.3269897364968,0.04081179500865435,550-600,0.0
7332,508.85959801542975,0.14109406888659107,500-550,0.0
7333,568.5830091181258,0.03969078130140195,550-600,0.0
7334,463.93845561722037,0.3168396468461481,450-500,0.0
7335,502.12654627794007,0.161018950597164,500-550,0.0
7336,458.772191482492,0.3432221873939671,450-500,0.0
7337,498.0247494993385,0.17423655967830778,450-500,0.0
7338,437.1397305400578,0.4627810266500323,<450,0.0
7339,499.5667186723949,0.1691699431369172,450-500,0.0
7340,512.5207161751817,0.13115073130566593,500-550,0.0
7341,445.5200343646877,0.4151348458659417,<450,1.0
7342,584.6620100490425,0.027715943139951047,550-600,0.0
7343,521.5743372776375,0.10909629257646496,500-550,0.0
7344,559.4519910474557,0.04856052718204013,550-600,0.0
7345,503.56829536002294,0.15656949609741413,500-550,0.0
7346,519.4229773147948,0.11402222611975087,500-550,0.0
7347,482.35240490424906,0.23258242924944708,450-500,1.0
7348,495.187991535393,0.18386899002738516,450-500,0.0
7349,528.332227676079,0.09482065231738962,500-550,0.0
7350,512.1004198102085,0.13226126041502656,500-550,0.0
7351,455.4156552352548,0.3609103141254826,450-500,0.0
7352,473.15076019500384,0.27265706584413396,450-500,1.0
7353,552.5398418074795,0.056494414454819966,550-600,0.0
7354,515.4021467220946,0.12374896778451243,500-550,0.0
7355,489.1648582485324,0.20567630251679903,450-500,1.0
7356,532.6045514865132,0.08668044602243945,500-550,0.0
7357,529.1742690760418,0.09316392296586037,500-550,0.0
7358,529.3992560608539,0.09272567522898996,500-550,0.0
7359,515.1932084892452,0.12427338984771677,500-550,0.0
7360,579.4376003768841,0.031161013280091528,550-600,0.0
7361,472.1820919583039,0.2771180679310199,450-500,0.0
7362,492.05408101883427,0.19498430715168466,450-500,0.0
7363,469.9839815952921,0.287406176898343,450-500,1.0
7364,449.9286893166254,0.39063603195014746,<450,0.0
7365,536.9718707968686,0.07901805922493804,500-550,1.0
7366,505.321924549947,0.15129308868786354,500-550,0.0
7367,518.2834355770343,0.11670916321177889,500-550,0.0
7368,504.6565940188739,0.15327755700723442,500-550,0.0
7369,542.2204391276275,0.07063133070376945,500-550,0.0
7370,503.04833012387996,0.15816253097528812,500-550,1.0
7371,522.0410201353469,0.10805268811676098,500-550,0.0
7372,560.2892928712176,0.04767447162762067,550-600,0.0
7373,484.63836404092467,0.22328868657983195,450-500,0.0
7374,510.1930273515429,0.137401583671978,500-550,0.0
7375,514.1926888286882,0.12681112104158654,500-550,1.0
7376,481.69839841860994,0.2352904070101199,450-500,0.0
7377,454.42803047789397,0.3661901322771522,450-500,0.0
7378,551.5845810309263,0.05768245280390753,550-600,0.0
7379,541.4459491298413,0.07181503568991837,500-550,0.0
7380,489.00070430622986,0.2062966311836682,450-500,1.0
7381,472.1123785899895,0.27744084920523027,450-500,0.0
7382,467.2637096291712,0.3004484087848408,450-500,1.0
7383,470.60405516115884,0.28448096443248677,450-500,1.0
7384,525.693615624143,0.10018407436055912,500-550,1.0
7385,530.8958416273754,0.0898573509690264,500-550,0.0
7386,502.7583105986507,0.15905677822446182,500-550,0.0
7387,529.1742690760418,0.09316392296586037,500-550,0.0
7388,506.69976673364476,0.14725059198585058,500-550,0.0
7389,469.1189776208005,0.2915166814467807,450-500,0.0
7390,559.5918745919373,0.04841141888183329,550-600,0.0
7391,508.99482903537535,0.14071584601207068,500-550,0.0
7392,507.83074894677145,0.1439995013402944,500-550,1.0
7393,512.3892525049254,0.13149723799399474,500-550,0.0
7394,470.4600393989728,0.2851587616709289,450-500,0.0
7395,496.3438556863829,0.1798952214002885,450-500,0.0
7396,506.1427426058005,0.14887399669843782,500-550,0.0
7397,512.5135789496333,0.13116952340069993,500-550,0.0
7398,483.93687015445516,0.2261122468039081,450-500,0.0
7399,558.168117684713,0.04994956406806513,550-600,0.0
7400,427.7762517212096,0.5167913115368579,<450,1.0
7401,520.1047884017604,0.1124404718971747,500-550,0.0
7402,582.768398368838,0.02891963456977858,550-600,0.0
7403,483.67392066438424,0.22717712643906285,450-500,0.0
7404,521.8985189970012,0.10837041775823127,500-550,0.0
7405,491.19645549457437,0.1981134432438836,450-500,0.0
7406,479.1115831094704,0.24621398834404523,450-500,0.0
7407,506.8059627397098,0.14694275916719426,500-550,1.0
7408,490.3544140946115,0.20122235938723365,450-500,0.0
7409,479.0226977369457,0.246595336420084,450-500,0.0
7410,456.969918373049,0.3526693205389578,450-500,1.0
7411,548.0176128174182,0.06232885384372635,500-550,0.0
7412,501.10858011007264,0.16422169993339134,500-550,0.0
7413,479.0693610862786,0.2463950854639904,450-500,0.0
7414,529.1241891702173,0.09326172518504164,500-550,0.0
7415,510.7210403513387,0.13596203302120524,500-550,1.0
7416,524.1829120203009,0.10337483761471034,500-550,0.0
7417,508.90967792125434,0.14095390320229714,500-550,0.0
7418,525.7436955299676,0.10007981401541569,500-550,1.0
7419,504.42592088428285,0.15397054086540637,500-550,0.0
7420,446.4003516170435,0.41020510139943894,<450,0.0
7421,530.7359809917655,0.09015987977327969,500-550,0.0
7422,517.6848910679993,0.11814237557215934,500-550,0.0
7423,475.2680492706471,0.2630641347338045,450-500,1.0
7424,562.5778445128875,0.0453303914772603,550-600,0.0
7425,538.9457727419473,0.07576213612024756,500-550,0.0
7426,574.8996044725116,0.034486880099972604,550-600,0.0
7427,509.5767590373772,0.1390979323470269,500-550,0.0
7428,540.5575645634955,0.07319533604596119,500-550,0.0
7429,509.03938450813365,0.14059141620360588,500-550,0.0
7430,475.331016715842,0.26278219138167863,450-500,1.0
7431,526.5167866555204,0.09848252840833105,500-550,0.0
7432,517.491474082896,0.11860875996798217,500-550,0.0
7433,491.19645549457437,0.1981134432438836,450-500,0.0
7434,502.80754046717357,0.15890469430319754,500-550,0.0
7435,502.32865960811927,0.16038909559201645,500-550,0.0
7436,529.1742690760418,0.09316392296586037,500-550,0.0
7437,492.8731905508977,0.19203080343301832,450-500,0.0
7438,550.249921195237,0.059381656246798184,550-600,0.0
7439,526.1830613252873,0.09916923498857717,500-550,0.0
7440,498.4874235640988,0.17270384820413007,450-500,0.0
7441,560.4839958977248,0.047470643237064195,550-600,0.0
7442,453.26181304042046,0.37246625896476604,450-500,0.0
7443,507.8694932477432,0.14388919292856098,500-550,1.0
7444,482.35240490424906,0.23258242924944708,450-500,0.0
7445,548.6241104974329,0.061514879838378826,500-550,0.0
7446,541.3021983244276,0.07203674405276132,500-550,0.0
7447,596.1844036374434,0.021376307428040336,550-600,0.0
7448,506.8502718827666,0.14681447680811072,500-550,0.0
7449,499.67697941017786,0.16881218098446413,450-500,0.0
7450,465.9477817498836,0.30687728834376515,450-500,0.0
7451,501.16210290139963,0.16405203806604776,500-550,0.0
7452,463.18435551105466,0.3206229621066093,450-500,0.0
7453,509.19775783598794,0.14014987272853774,500-550,0.0
7454,555.815214538245,0.05259340151647497,550-600,0.0
7455,534.4554590940517,0.08335416886353678,500-550,0.0
7456,524.1852921953124,0.10336974044154824,500-550,0.0
7457,559.0997370251387,0.04893794372408548,550-600,0.0
7458,483.9641967257972,0.22600178393941703,450-500,0.0
7459,523.6930462966819,0.10442863315222857,500-550,0.0
7460,520.9945503063583,0.11040513406555384,500-550,0.0
7461,496.87599787636395,0.17808842376729717,450-500,0.0
7462,510.0397992359508,0.13782172990691008,500-550,0.0
7463,478.0827340408121,0.2506523641540528,450-500,0.0
7464,478.0326541349875,0.2508697584415822,450-500,0.0
7465,512.1600652698918,0.13210317815557115,500-550,0.0
7466,519.1978037670224,0.11454885651165611,500-550,0.0
7467,522.4116391013994,0.10723016369716656,500-550,0.0
7468,483.4359567562647,0.22814386871518902,450-500,0.0
7469,495.42487910991304,0.18304908607731923,450-500,0.0
7470,458.535303907972,0.34445703127042926,450-500,0.0
7471,545.4875650764845,0.06583396376142461,500-550,0.0
7472,447.8085814253475,0.40235681942754936,<450,0.0
7473,472.368695877495,0.2762552098445127,450-500,1.0
7474,504.37584097845826,0.15412132814407914,500-550,0.0
7475,473.0533525559732,0.27310362118453857,450-500,1.0
7476,460.4162415700893,0.33471115022274167,450-500,0.0
7477,470.4600393989728,0.2851587616709289,450-500,0.0
7478,486.27629047607104,0.21679413131487993,450-500,0.0
7479,520.9945503063583,0.11040513406555384,500-550,0.0
7480,491.19645549457437,0.1981134432438836,450-500,0.0
7481,534.008654210401,0.08414634024983188,500-550,0.0
7482,470.857063867596,0.2832925551607013,450-500,1.0
7483,511.888478632019,0.13282427947281833,500-550,0.0
7484,541.3021983244276,0.07203674405276132,500-550,0.0
7485,470.41943680332673,0.2853500294568294,450-500,1.0
7486,508.0676365212915,0.14332616040427812,500-550,0.0
7487,515.3051468487288,0.12399219473225896,500-550,0.0
7488,533.2662303601577,0.0854777625061448,500-550,0.0
7489,523.4602309127248,0.10493278309487007,500-550,1.0
7490,520.3941360571164,0.11177501654647132,500-550,0.0
7491,529.0413399921084,0.09342372552998747,500-550,1.0
7492,484.2661709882763,0.22478365081823704,450-500,1.0
7493,538.3497129805663,0.07673212757580496,500-550,0.0
7494,525.5992265752617,0.10038084343942655,500-550,0.0
7495,540.4009789292659,0.0734411453939442,500-550,0.0
7496,441.093535188216,0.4401621342990595,<450,1.0
7497,509.43938498670894,0.13947845519973484,500-550,0.0
7498,540.5173201521566,0.07325843959174304,500-550,1.0
7499,554.7654874253947,0.05381510325750982,550-600,0.0
7500,482.8318792644214,0.23061096408242543,450-500,0.0
7501,565.8129010680899,0.04220345473292964,550-600,1.0
7502,529.7542077055057,0.09203803476386009,500-550,0.0
7503,498.42881333017164,0.1728974160173955,450-500,0.0
7504,523.7431262025066,0.10432046766310481,500-550,0.0
7505,510.0397992359508,0.13782172990691008,500-550,0.0
7506,486.95768513943887,0.21413288307435593,450-500,0.0
7507,497.7669535429098,0.17509521223271413,450-500,0.0
7508,533.2662303601577,0.0854777625061448,500-550,0.0
7509,466.12767657441907,0.3059939061161384,450-500,1.0
7510,521.8020959247937,0.10858587410459059,500-550,0.0
7511,514.3224613754841,0.12647948130692394,500-550,0.0
7512,571.2440439416253,0.037412527179575904,550-600,0.0
7513,491.24653540039895,0.1979296866791521,450-500,0.0
7514,477.10954836833236,0.25489932695803513,450-500,0.0
7515,468.6028691182839,0.2939856419380648,450-500,0.0
7516,501.26144466038403,0.1637375081338356,500-550,0.0
7517,475.2680492706471,0.2630641347338045,450-500,0.0
7518,472.2152137700755,0.2769647911353501,450-500,0.0
7519,517.8704752842852,0.11769637210630463,500-550,0.0
7520,526.6442213351081,0.09822142548386142,500-550,0.0
7521,572.7556759515242,0.03617486093914962,550-600,0.0
7522,475.6906413083775,0.26117566573481704,450-500,0.0
7523,478.83466282262197,0.24740337774256901,450-500,0.0
7524,498.6481303415196,0.17217397318316643,450-500,1.0
7525,493.87450543750344,0.18846680100595226,450-500,0.0
7526,477.1022569768072,0.2549313244693895,450-500,0.0
7527,522.5061823162573,0.10702122522008904,500-550,0.0
7528,476.3915819897825,0.2580627067800027,450-500,1.0
7529,541.114018808022,0.07232792944300055,500-550,1.0
7530,484.7225124757096,0.22295167651046702,450-500,1.0
7531,543.730342153141,0.06837533527131866,500-550,0.0
7532,519.3892445197329,0.11410098499814958,500-550,0.0
7533,541.4459491298413,0.07181503568991837,500-550,0.0
7534,505.8649887737261,0.14968899217312448,500-550,1.0
7535,491.4333430690944,0.19724537216093868,450-500,0.0
7536,511.76185179528187,0.1331616297122345,500-550,0.0
7537,549.4140431533007,0.06046961079068316,500-550,0.0
7538,487.2024165066292,0.2131828828080541,450-500,0.0
7539,490.3544140946115,0.20122235938723365,450-500,0.0
7540,507.0467112964434,0.14624686838641435,500-550,1.0
7541,510.0397992359508,0.13782172990691008,500-550,0.0
7542,468.58435280521127,0.29407444678036515,450-500,0.0
7543,556.4699418192306,0.05184472426944857,550-600,0.0
7544,516.7057000453982,0.12051990210068649,500-550,0.0
7545,466.93440879535007,0.30204997344719914,450-500,0.0
7546,502.9833868891048,0.1583624217351766,500-550,0.0
7547,533.1658051168605,0.08565931918706352,500-550,0.0
7548,593.7429482138879,0.022588774026107816,550-600,0.0
7549,479.1115831094704,0.24621398834404523,450-500,1.0
7550,566.3288079431479,0.0417242421565591,550-600,0.0
7551,524.9360064413523,0.10177313606689527,500-550,0.0
7552,510.32569942106863,0.13703867168369643,500-550,0.0
7553,516.377170209686,0.1213267924268617,500-550,0.0
7554,499.33104563364475,0.16993665378624198,450-500,1.0
7555,507.7602751076539,0.14420032684561632,500-550,0.0
7556,522.5061823162573,0.10702122522008904,500-550,0.0
7557,541.5599466070657,0.07163966396012786,500-550,0.0
7558,509.56101744371654,0.1391414919923604,500-550,0.0
7559,577.8305709581527,0.0323017023065872,550-600,0.0
7560,480.45885011115894,0.24048251270082274,450-500,0.0
7561,514.3224613754841,0.12647948130692394,500-550,0.0
7562,534.837777770367,0.08268171831836806,500-550,0.0
7563,447.0817462804113,0.40640160928015145,<450,0.0
7564,507.5598314008416,0.14477279381340635,500-550,0.0
7565,508.59096683200073,0.1418479139870885,500-550,0.0
7566,547.9675329115937,0.06239651311998127,500-550,0.0
7567,490.54244900893525,0.20052496124267946,450-500,0.0
7568,515.9603878106304,0.1223571331490017,500-550,0.0
7569,468.07139871778645,0.2965407985691842,450-500,1.0
7570,459.44982240396865,0.339701579296184,450-500,1.0
7571,526.5941414292835,0.0983239613383115,500-550,0.0
7572,520.7596129400642,0.11093939840813358,500-550,0.0
7573,554.1621627135347,0.05452933320264899,550-600,0.0
7574,502.8642089685593,0.15872977654832465,500-550,0.0
7575,477.1523368826318,0.25471160728014114,450-500,1.0
7576,493.1657489149091,0.19098421089406883,450-500,0.0
7577,504.42592088428285,0.15397054086540637,500-550,0.0
7578,524.9302563100919,0.10178528181133895,500-550,0.0
7579,515.3063813249913,0.1239890967094196,500-550,0.0
7580,483.3554661113143,0.2284715218097381,450-500,1.0
7581,437.89389683734606,0.45845184640704423,<450,0.0
7582,513.5852531722488,0.12837334574946926,500-550,1.0
7583,503.00671010690496,0.15829061090140734,500-550,1.0
7584,473.8884216424303,0.2692901886619682,450-500,0.0
7585,543.0577409513894,0.06937192495380051,500-550,0.0
7586,478.94056331457637,0.24694807368537816,450-500,0.0
7587,510.7594697517115,0.13585775857142243,500-550,0.0
7588,564.8959568335996,0.04306819305928988,550-600,0.0
7589,508.71569555183146,0.14149747730009155,500-550,0.0
7590,500.472059210748,0.16625022599591852,500-550,0.0
7591,529.1241891702173,0.09326172518504164,500-550,0.0
7592,462.10424791106027,0.3260830867365326,450-500,0.0
7593,498.004245502861,0.17430473146621836,450-500,1.0
7594,479.161663015295,0.24599930371799086,450-500,0.0
7595,544.5114207464884,0.06723467084450242,500-550,0.0
7596,548.2683380575137,0.06199114610122214,500-550,0.0
7597,556.2111692526772,0.05213941767912884,550-600,0.0
7598,536.3565470058145,0.08005890200219706,500-550,0.0
7599,535.2048214949338,0.08204078230852334,500-550,0.0
7600,532.013229568678,0.08776818495570018,500-550,0.0
7601,477.4744130464517,0.2533015333631677,450-500,1.0
7602,483.8607283330797,0.2264202382993727,450-500,0.0
7603,510.3267667162954,0.13703575546989577,500-550,0.0
7604,432.30615309927634,0.4906329878381566,<450,0.0
7605,549.0634178580838,0.060931504691670184,500-550,0.0
7606,521.5515744342026,0.10914742080684972,500-550,0.0
7607,510.0898791417754,0.1376842939191924,500-550,0.0
7608,534.9016078973142,0.08256993109442845,500-550,0.0
7609,479.161663015295,0.24599930371799086,450-500,1.0
7610,484.63836404092467,0.22328868657983195,450-500,0.0
7611,474.12994230096524,0.26819354869687845,450-500,0.0
7612,511.9374747453992,0.13269394182248637,500-550,0.0
7613,547.1894090830308,0.06345662320208781,500-550,0.0
7614,477.6066762371314,0.2527239713067739,450-500,1.0
7615,510.8095496575361,0.13572197275996883,500-550,0.0
7616,477.1523368826318,0.25471160728014114,450-500,0.0
7617,517.4056701400027,0.11881616787114047,500-550,0.0
7618,552.1095741015341,0.05702665554333785,550-600,0.0
7619,512.8945392859617,0.13016965804271335,500-550,0.0
7620,534.8506956103638,0.08265908388866905,500-550,0.0
7621,535.1546166037514,0.08212818282022653,500-550,0.0
7622,539.7878141419102,0.07441102763599186,500-550,0.0
7623,483.8607283330797,0.2264202382993727,450-500,0.0
7624,452.52440108768087,0.3764571748454834,450-500,1.0
7625,560.3393727770423,0.04762196528915584,550-600,0.0
7626,497.89335613345656,0.17467378163400363,450-500,0.0
7627,522.4116391013994,0.10723016369716656,500-550,0.0
7628,495.63976929491923,0.18230777493894956,450-500,0.0
7629,491.19645549457437,0.1981134432438836,450-500,1.0
7630,500.5549988677308,0.165984773624512,500-550,0.0
7631,541.4960290356659,0.07173794490750102,500-550,0.0
7632,474.1684146722282,0.2680191239043914,450-500,0.0
7633,496.04906911090114,0.18090226226647585,450-500,0.0
7634,522.2706750666457,0.10754235768987352,500-550,0.0
7635,505.7633618661548,0.1499881068768716,500-550,0.0
7636,520.2650187147576,0.11207154028559461,500-550,0.0
7637,501.1957486456255,0.16394545657502382,500-550,0.0
7638,547.5766613603823,0.06292695106080612,500-550,0.0
7639,500.95886107110545,0.16469704301921206,500-550,0.0
7640,541.4960290356659,0.07173794490750102,500-550,0.0
7641,503.51821545419836,0.15672235711049726,500-550,0.0
7642,530.6859010859408,0.09025484225807442,500-550,1.0
7643,539.3247739433366,0.07515123967461806,500-550,0.0
7644,556.827437566843,0.051440193097199716,550-600,0.0
7645,529.1898532003389,0.09313350714460383,500-550,1.0
7646,534.1739357902422,0.08385250742536898,500-550,0.0
7647,522.3615591955747,0.10734098456780895,500-550,0.0
7648,529.1881067416173,0.09313691529675733,500-550,0.0
7649,549.8652084210421,0.059880090600717105,500-550,0.0
7650,502.02339806817247,0.1613411656561775,500-550,1.0
7651,533.2662303601577,0.0854777625061448,500-550,0.0
7652,538.9958526477719,0.07568115374809221,500-550,0.0
7653,487.9623213621769,0.2102526851048862,450-500,0.0
7654,473.608964156511,0.2705626111735478,450-500,1.0
7655,492.27485485475,0.1941848785282866,450-500,0.0
7656,525.9796202232187,0.09958994350520478,500-550,0.0
7657,495.7076368100641,0.1820741362134087,450-500,0.0
7658,494.775031242644,0.18530510603916356,450-500,1.0
7659,497.5573925397318,0.17579565986228382,450-500,0.0
7660,510.0397992359508,0.13782172990691008,500-550,0.0
7661,522.1589739819821,0.10779031026845455,500-550,0.0
7662,481.4114309382653,0.23648549247532755,450-500,0.0
7663,509.85182592801374,0.13833861993069677,500-550,0.0
7664,528.9596283857226,0.09358374869119242,500-550,0.0
7665,525.2162992455858,0.10118264239734641,500-550,0.0
7666,495.94560071818364,0.18125676766391355,450-500,0.0
7667,520.7095330342397,0.11105357587066929,500-550,0.0
7668,501.4471201735182,0.16315093398420763,500-550,0.0
7669,489.65032770314787,0.20384983498127657,450-500,1.0
7670,536.9718707968686,0.07901805922493804,500-550,0.0
7671,520.1024290005709,0.11244591235347241,500-550,0.0
7672,514.6621880376612,0.1256148053973443,500-550,0.0
7673,531.8417371477847,0.08808594614605675,500-550,0.0
7674,506.3201956489379,0.1483552265426964,500-550,0.0
7675,490.4044940004361,0.2010364421390757,450-500,1.0
7676,514.9402303401462,0.12491090056155159,500-550,0.0
7677,498.4377097920875,0.17286802326815157,450-500,0.0
7678,510.0898791417754,0.1376842939191924,500-550,0.0
7679,516.5917025681737,0.12079936121726274,500-550,1.0
7680,495.99568062400823,0.18108511542567313,450-500,0.0
7681,560.2892928712176,0.04767447162762067,550-600,0.0
7682,554.9643141515451,0.05358166656272236,550-600,0.0
7683,478.6867222270133,0.24804037002902773,450-500,0.0
7684,520.7095330342397,0.11105357587066929,500-550,0.0
7685,436.15212871949774,0.46845860466294137,<450,0.0
7686,543.0577409513894,0.06937192495380051,500-550,0.0
7687,541.5599466070657,0.07163966396012786,500-550,0.0
7688,529.8939395918026,0.09176859436625655,500-550,0.0
7689,495.94560071818364,0.18125676766391355,450-500,0.0
7690,566.3288079431479,0.0417242421565591,550-600,0.0
7691,528.2456400983572,0.09499250226713449,500-550,0.0
7692,474.4462157500301,0.26676177448706395,450-500,1.0
7693,485.16163746451946,0.22119889267117682,450-500,0.0
7694,477.5890227285047,0.25280100957790846,450-500,0.0
7695,567.3803782233897,0.04076353411446523,550-600,0.0
7696,464.7804970171832,0.3126435901678856,450-500,0.0
7697,499.4901717414824,0.1694186692956276,450-500,0.0
7698,560.5846785381357,0.04736556684537212,550-600,0.0
7699,511.60151115167434,0.13358983810192113,500-550,0.0
7700,529.1742690760418,0.09316392296586037,500-550,0.0
7701,523.9800137770266,0.10381016473030741,500-550,1.0
7702,525.1728940158723,0.1012738849513323,500-550,1.0
7703,528.4701826845782,0.09454742861985779,500-550,0.0
7704,532.5867786743817,0.08671296058837565,500-550,0.0
7705,477.1523368826318,0.25471160728014114,450-500,0.0
7706,521.8985189970012,0.10837041775823127,500-550,0.0
7707,479.5943660507111,0.24414963172599574,450-500,0.0
7708,501.5662606188849,0.16277544488211573,500-550,0.0
7709,491.19645549457437,0.1981134432438836,450-500,1.0
7710,478.31962161533215,0.2496257476207937,450-500,0.0
7711,542.3116737614171,0.07049308351946507,500-550,0.0
7712,444.591405387003,0.4203535922552355,<450,0.0
7713,496.6322015233329,0.1789144222812955,450-500,0.0
7714,539.7878141419102,0.07441102763599186,500-550,0.0
7715,511.1605596946384,0.1347734585253484,500-550,0.0
7716,473.88175888252664,0.26932048145118503,450-500,0.0
7717,497.1153272322821,0.17728046820659754,450-500,1.0
7718,544.828085464234,0.06677727240020874,500-550,0.0
7719,524.6501108372446,0.10237857901462384,500-550,0.0
7720,457.6049067497917,0.3493272289395683,450-500,0.0
7721,448.0121434385916,0.40122636234986286,<450,0.0
7722,484.25898330127893,0.22481259097343864,450-500,0.0
7723,522.4116391013994,0.10723016369716656,500-550,0.0
7724,521.6016543400272,0.10903496273980087,500-550,0.0
7725,544.8712967623187,0.06671508138265661,500-550,0.0
7726,462.61816710271347,0.32347913672086814,450-500,0.0
7727,529.4226685842962,0.09268017690737375,500-550,1.0
7728,501.26144466038403,0.1637375081338356,500-550,1.0
7729,534.7406386220853,0.08285210467617173,500-550,0.0
7730,480.2558644234319,0.24134018033078233,450-500,0.0
7731,563.2417782150791,0.044671150072666095,550-600,0.0
7732,555.3521743396714,0.05312903803812656,550-600,0.0
7733,560.8288184781866,0.04711168978371714,550-600,0.0
7734,500.95886107110545,0.16469704301921206,500-550,1.0
7735,451.86967380669535,0.38001472160018396,450-500,1.0
7736,494.52851192314256,0.1861665271619209,450-500,1.0
7737,512.4706362693572,0.13128263841738544,500-550,0.0
7738,548.9854990794611,0.061034597608223246,500-550,0.0
7739,512.150499716033,0.13212851957888544,500-550,0.0
7740,497.0292259919561,0.1775708070066674,450-500,0.0
7741,526.3546778102613,0.0988155691534884,500-550,0.0
7742,533.1306347528481,0.08572298553772283,500-550,0.0
7743,536.2531724997492,0.08023498722813964,500-550,0.0
7744,513.4219355703435,0.12879616182430548,500-550,0.0
7745,491.483422974919,0.1970622228923593,450-500,0.0
7746,541.5098667012412,0.07171665728787763,500-550,0.0
7747,534.4125164137756,0.08343000946727129,500-550,0.0
7748,503.51821545419836,0.15672235711049726,500-550,0.0
7749,507.7602751076539,0.14420032684561632,500-550,0.0
7750,553.4357787676461,0.05540109444095777,550-600,0.0
7751,452.7112087563763,0.375444549997419,450-500,0.0
7752,482.115517329729,0.23356077004228804,450-500,0.0
7753,507.509751495017,0.14491611641067886,500-550,0.0
7754,464.36337810606415,0.31471839440400545,450-500,1.0
7755,554.4451897049333,0.054193173637971444,550-600,0.0
7756,474.88984715651293,0.26476166227715026,450-500,0.0
7757,468.9783833525245,0.2921880464552756,450-500,0.0
7758,495.2380714412176,0.18369541901399744,450-500,1.0
7759,551.5845810309263,0.05768245280390753,550-600,0.0
7760,519.8044880099974,0.11313477310365587,500-550,0.0
7761,553.4357787676461,0.05540109444095777,550-600,0.0
7762,534.4175995769965,0.08342102887580172,500-550,0.0
7763,544.3984344737027,0.06739857359487886,500-550,0.0
7764,463.73552681660783,0.3178553864709074,450-500,0.0
7765,524.986086347177,0.10166740885297004,500-550,0.0
7766,534.8676491234069,0.08262938677325034,500-550,0.0
7767,519.7978197595518,0.11315023261391374,500-550,0.0
7768,501.3970402676936,0.16330897640282102,500-550,1.0
7769,512.7763335840575,0.13047920430353036,500-550,0.0
7770,492.8082473161225,0.19226372220007415,450-500,0.0
7771,543.493454578621,0.06872480779570402,500-550,0.0
7772,493.38517000149125,0.19020212174610795,450-500,1.0
7773,452.6956246320793,0.3755289850717241,450-500,1.0
7774,515.3332096427299,0.12392178518450514,500-550,0.0
7775,524.6501108372446,0.10237857901462384,500-550,0.0
7776,527.0751826310748,0.09734298759913301,500-550,0.0
7777,493.04513489064254,0.19141516433455863,450-500,1.0
7778,448.52045950832144,0.39840809832291774,<450,1.0
7779,513.4753240572365,0.12865781294358972,500-550,0.0
7780,497.645382164136,0.17550129062994324,450-500,0.0
7781,507.5835930626254,0.14470483202801782,500-550,0.0
7782,491.19645549457437,0.1981134432438836,450-500,1.0
7783,484.34351127432035,0.22447241900907458,450-500,0.0
7784,524.623714163033,0.10243464004074689,500-550,0.0
7785,479.64444595653566,0.24393616459488224,450-500,0.0
7786,544.9213766681434,0.06664307213883637,500-550,0.0
7787,575.1855000766193,0.03426760526408548,550-600,0.0
7788,585.5632294442044,0.02716030511551875,550-600,0.0
7789,521.5515744342026,0.10914742080684972,500-550,0.0
7790,492.7581674102979,0.19244348063025468,450-500,0.0
7791,480.68083272487684,0.23954696525452088,450-500,1.0
7792,539.3494086490241,0.0751116890420835,500-550,0.0
7793,466.39228883873136,0.3046971029430167,450-500,0.0
7794,512.1904528944981,0.13202270145904,500-550,0.0
7795,467.2637096291712,0.3004484087848408,450-500,0.0
7796,508.85959801542975,0.14109406888659107,500-550,1.0
7797,508.4848124577872,0.14214673474707853,500-550,0.0
7798,492.8082473161225,0.19226372220007415,450-500,0.0
7799,445.7992552926843,0.4135693284859164,<450,0.0
7800,460.28382349239104,0.33539278423168595,450-500,0.0
7801,506.90035178859114,0.14666959876376862,500-550,0.0
7802,480.1119055483603,0.24194970707974145,450-500,0.0
7803,564.8133256252884,0.04314694564988462,550-600,0.0
7804,524.986086347177,0.10166740885297004,500-550,0.0
7805,554.8096645819331,0.05376315339846186,550-600,0.0
7806,481.45437361854135,0.2363063900028034,450-500,0.0
7807,465.9477817498836,0.30687728834376515,450-500,0.0
7808,476.5173485058891,0.25750673062272095,450-500,1.0
7809,491.483422974919,0.1970622228923593,450-500,0.0
7810,493.08484173816805,0.19127321002416042,450-500,0.0
7811,570.4644324441999,0.03806665373325293,550-600,0.0
7812,499.4400918356579,0.1695815528537288,450-500,1.0
7813,522.4116391013994,0.10723016369716656,500-550,0.0
7814,514.4054010324669,0.12626791390830985,500-550,0.0
7815,545.0289510308137,0.066488636332657,500-550,0.0
7816,520.9444704005338,0.11051883002250962,500-550,0.0
7817,495.5326404254346,0.18267704764429044,450-500,0.0
7818,510.5338235779398,0.13647099246780886,500-550,0.0
7819,502.8642089685593,0.15872977654832465,500-550,0.0
7820,559.1606386524434,0.048872493363335316,550-600,0.0
7821,489.3622477884142,0.20493221023987526,450-500,0.0
7822,436.7648879570386,0.4649348858749575,<450,1.0
7823,503.6159361229106,0.15642419289570395,500-550,0.0
7824,501.00180375138143,0.16456059140411206,500-550,0.0
7825,485.3458933178907,0.2204663731751951,450-500,1.0
7826,507.70789740702645,0.1443497355787113,500-550,0.0
7827,501.34037176630795,0.16348795971203536,500-550,0.0
7828,564.6018263637908,0.04334914424916905,550-600,0.0
7829,474.9810817903025,0.2643515226615684,450-500,0.0
7830,495.94560071818364,0.18125676766391355,450-500,0.0
7831,449.27468283098636,0.3942388750660197,<450,1.0
7832,504.4325836441865,0.153950488834916,500-550,0.0
7833,533.2727163950804,0.08546604854102985,500-550,0.0
7834,523.9733510171229,0.10382448742556383,500-550,1.0
7835,519.7544081041727,0.11325092220366284,500-550,0.0
7836,542.6561527548591,0.06997334884791781,500-550,1.0
7837,512.8676607379804,0.13023999022139937,500-550,1.0
7838,524.069281326269,0.10361843793199536,500-550,0.0
7839,506.1985631919303,0.14871064839945947,500-550,0.0
7840,527.5360805802821,0.09641129188312396,500-550,0.0
7841,484.02086522718287,0.2257728332670972,450-500,0.0
7842,488.924068591826,0.20658670703528637,450-500,0.0
7843,555.1661990521018,0.05334561699166123,550-600,0.0
7844,602.9864684464446,0.018324441810157483,600-650,0.0
7845,533.8733343938266,0.08438760373751561,500-550,0.0
7846,464.81912753110925,0.31245181447507353,450-500,1.0
7847,573.9926198377734,0.03519150437624364,550-600,0.0
7848,530.6552754424829,0.09031295958229661,500-550,1.0
7849,543.0304143800474,0.06941269745253129,500-550,0.0
7850,475.0057164959901,0.26424084869314685,450-500,0.0
7851,547.82378210618,0.06259110526494062,500-550,0.0
7852,516.1442575426563,0.12190165796396943,500-550,0.0
7853,548.5248525535486,0.061647409719047926,500-550,0.0
7854,526.6240127823233,0.09826278991317236,500-550,0.0
7855,522.0389834993136,0.1080572233582415,500-550,0.0
7856,487.47685190756147,0.21212123637753824,450-500,0.0
7857,572.2844049440178,0.036556431334608404,550-600,0.0
7858,498.39038205888147,0.17302443334429612,450-500,1.0
7859,454.3074164536274,0.3668371696174789,450-500,0.0
7860,526.1621947659951,0.09921231334738011,500-550,0.0
7861,523.3237068993582,0.10522941733917354,500-550,0.0
7862,534.8538114578314,0.08265362519529731,500-550,0.0
7863,500.20984225724317,0.16709169991198658,500-550,0.0
7864,566.3699251959342,0.04168627411586609,550-600,0.0
7865,540.7919426442022,0.07282882324481306,500-550,0.0
7866,547.1302310878318,0.06353793031560877,500-550,0.0
7867,546.8725749689187,0.06389306781906794,500-550,0.0
7868,563.7248176925034,0.04419727813246555,550-600,0.0
7869,545.9393428360107,0.06519491285936048,500-550,0.0
7870,493.90244872425944,0.18836807410921555,450-500,0.0
7871,452.0449267275085,0.3790611798169209,450-500,0.0
7872,502.32865960811927,0.16038909559201645,500-550,0.0
7873,462.56808719688894,0.32373240677619014,450-500,0.0
7874,519.9465641616878,0.11280582486996137,500-550,1.0
7875,525.280655331394,0.10104749311374434,500-550,0.0
7876,570.6824586885073,0.03788262216548571,550-600,0.0
7877,501.91626919868787,0.16167636659198534,500-550,0.0
7878,493.4052738056029,0.19013058783943723,450-500,0.0
7879,510.4213099311533,0.1367776382967238,500-550,0.0
7880,482.7245609738935,0.23105120851005004,450-500,1.0
7881,460.2351745816991,0.33564338154461926,450-500,1.0
7882,452.74570453790386,0.3752576781551325,450-500,0.0
7883,550.0617415405693,0.0596249745266088,550-600,0.0
7884,509.59884777891483,0.1390368283513088,500-550,0.0
7885,516.5917025681737,0.12079936121726274,500-550,0.0
7886,465.06746449752785,0.3112205156081198,450-500,0.0
7887,521.8985189970012,0.10837041775823127,500-550,0.0
7888,561.8510047869413,0.04606271660208005,550-600,0.0
7889,516.8680932407149,0.12012276689803296,500-550,0.0
7890,537.0908594118512,0.07881821828403936,500-550,0.0
7891,573.2384535404852,0.03578795017825237,550-600,0.0
7892,468.02131881196186,0.29678222970796575,450-500,0.0
7893,515.3665828777964,0.12383809642851194,500-550,0.0
7894,603.7406347437328,0.018013607273336125,600-650,0.0
7895,562.3405588199173,0.04556824038296057,550-600,0.0
7896,459.61423288245487,0.33885003620371984,450-500,0.0
7897,562.3067310974668,0.04560224503718058,550-600,0.0
7898,529.2173259393237,0.0930799097944927,500-550,0.0
7899,509.6489276847394,0.13889837587254875,500-550,0.0
7900,516.9065656119778,0.1200288477994596,500-550,0.0
7901,551.2740507211308,0.058073678857753955,550-600,0.0
7902,479.5854695887952,0.24418756639261213,450-500,0.0
7903,585.5632294442044,0.02716030511551875,550-600,0.0
7904,540.0690791647849,0.07396467880715464,500-550,0.0
7905,497.5573925397318,0.17579565986228382,450-500,0.0
7906,498.0050067566714,0.17430220006974928,450-500,0.0
7907,430.43133908960993,0.5014612379942154,<450,0.0
7908,526.6442213351081,0.09822142548386142,500-550,0.0
7909,466.52119196641735,0.30406649830285726,450-500,0.0
7910,470.857063867596,0.2832925551607013,450-500,1.0
7911,499.5166387665704,0.16933263631555137,450-500,0.0
7912,476.34464779401657,0.25827038930240376,450-500,0.0
7913,529.1241891702173,0.09326172518504164,500-550,0.0
7914,559.1706834902554,0.04886170625841316,550-600,0.0
7915,490.4923691031107,0.20071052430413727,450-500,0.0
7916,550.8301062849664,0.058637314422694625,550-600,0.0
7917,512.5207161751817,0.13115073130566593,500-550,0.0
7918,549.6895854709248,0.060108927932402606,500-550,0.0
7919,472.60701444714766,0.27515564158522104,450-500,1.0
7920,509.19775783598794,0.14014987272853774,500-550,1.0
7921,541.5098667012412,0.07171665728787763,500-550,0.0
7922,532.9343000383385,0.08607918443860103,500-550,0.0
7923,499.90344506391307,0.16807926100128448,450-500,0.0
7924,491.19645549457437,0.1981134432438836,450-500,1.0
7925,515.0299906524501,0.12468438225115965,500-550,0.0
7926,573.2885334463098,0.03574804366098476,550-600,0.0
7927,486.71546838309064,0.21507615104523353,450-500,0.0
7928,518.0058885197537,0.11737186295246721,500-550,0.0
7929,501.28698327941504,0.163656727689966,500-550,0.0
7930,481.00779320524174,0.23817353434935465,450-500,0.0
7931,511.13847095310075,0.13483298228240045,500-550,0.0
7932,560.7724304739916,0.04717021161073953,550-600,0.0
7933,566.0011874057085,0.04202795375827213,550-600,0.0
7934,455.17883724406727,0.3621733321928798,450-500,1.0
7935,592.8359635791498,0.02305610531567281,550-600,0.0
7936,511.8383987261944,0.13295761220903662,500-550,0.0
7937,528.548355674154,0.09439291800827751,500-550,0.0
7938,555.8236220942325,0.05258372310917478,550-600,0.0
7939,493.85236881843485,0.1885450404658608,450-500,0.0
7940,497.23925748409255,0.17686322160810292,450-500,0.0
7941,524.204024151714,0.10332963349403045,500-550,0.0
7942,445.23306688434315,0.4167455830161284,<450,0.0
7943,458.77693105869304,0.3431975025669805,450-500,0.0
7944,536.7138190256617,0.07945304863633566,500-550,0.0
7945,538.7431875283545,0.07609054158441228,500-550,0.0
7946,497.87126739191893,0.17474736855775777,450-500,0.0
7947,560.3393727770423,0.04762196528915584,550-600,0.0
7948,523.7431262025066,0.10432046766310481,500-550,0.0
7949,539.15031126294,0.07543188474007527,500-550,0.0
7950,509.57926853119045,0.13909098921101393,500-550,0.0
7951,527.5692023920537,0.09634464453814968,500-550,0.0
7952,432.0692655247563,0.4920008906104443,<450,0.0
7953,547.9675329115937,0.06239651311998127,500-550,0.0
7954,522.3615591955747,0.10734098456780895,500-550,0.0
7955,492.92886134038906,0.19183131155166586,450-500,0.0
7956,516.1705114664918,0.12183674198834056,500-550,0.0
7957,536.014806256306,0.08064236160308359,500-550,0.0
7958,509.5767590373772,0.1390979323470269,500-550,0.0
7959,478.31962161533215,0.2496257476207937,450-500,0.0
7960,523.9733510171229,0.10382448742556383,500-550,0.0
7961,536.5038977398445,0.07980851875095754,500-550,0.0
7962,493.6773724338053,0.18916442373966194,450-500,1.0
7963,544.2479293245808,0.06761747861526782,500-550,0.0
7964,539.3494086490241,0.0751116890420835,500-550,0.0
7965,516.5917025681737,0.12079936121726274,500-550,0.0
7966,519.4323013830146,0.11400046476749932,500-550,0.0
7967,538.6411635009282,0.07625642415174183,500-550,0.0
7968,481.6250675486325,0.2355953976583619,450-500,0.0
7969,565.1088146766263,0.042865958314354295,550-600,0.0
7970,455.6583116042396,0.3596181510408121,450-500,1.0
7971,514.7328456237309,0.12543560409040191,500-550,1.0
7972,549.6432423045418,0.06016944961344047,500-550,0.0
7973,525.222973921697,0.10116861796928235,500-550,0.0
7974,534.1739357902422,0.08385250742536898,500-550,0.0
7975,530.1922352439093,0.09119577220907671,500-550,0.0
7976,462.56808719688894,0.32373240677619014,450-500,1.0
7977,548.0815303888182,0.06224259900507613,500-550,0.0
7978,493.04513489064254,0.19141516433455863,450-500,1.0
7979,493.04513489064254,0.19141516433455863,450-500,0.0
7980,517.3686176189344,0.11890582931954685,500-550,0.0
7981,460.39079636995234,0.3348420782711643,450-500,0.0
7982,521.1720033494958,0.11000308836742487,500-550,0.0
7983,547.9675329115937,0.06239651311998127,500-550,0.0
7984,511.5541834184683,0.13371645476740052,500-550,0.0
7985,572.2844049440178,0.036556431334608404,550-600,0.0
7986,491.3911210459026,0.19739988377851125,450-500,1.0
7987,486.8646625533383,0.2144947857928517,450-500,1.0
7988,510.0898791417754,0.1376842939191924,500-550,0.0
7989,551.3962946933076,0.057919371761817016,550-600,0.0
7990,551.7370909197045,0.057491218238745874,550-600,0.0
7991,461.2170620509646,0.3306036152857571,450-500,0.0
7992,498.9119913914094,0.17130677647769618,450-500,0.0
7993,550.9670822171845,0.058462863630063366,550-600,0.0
7994,532.6122238745186,0.08666641314161401,500-550,1.0
7995,511.10784530964276,0.13491554761577895,500-550,0.0
7996,499.4901717414824,0.1694186692956276,450-500,0.0
7997,465.2436953584199,0.31034834732615296,450-500,0.0
7998,484.23124030633915,0.22492431883567587,450-500,1.0
7999,485.11155755869487,0.2213982890631335,450-500,0.0
8000,491.19645549457437,0.1981134432438836,450-500,0.0
8001,520.043251005372,0.1125824439230958,500-550,0.0
8002,494.437277289353,0.18648611358952003,450-500,0.0
8003,516.1468623838887,0.12189521585078328,500-550,0.0
8004,506.0129700590047,0.14925432346016235,500-550,0.0
8005,498.9170724325844,0.1712901113558818,450-500,0.0
8006,505.3395682789245,0.1512407515854661,500-550,0.0
8007,536.2531724997492,0.08023498722813964,500-550,0.0
8008,498.3508840242432,0.1731550532566785,450-500,1.0
8009,479.1007002086795,0.24626065829947807,450-500,0.0
8010,486.63206291599016,0.21540165546871892,450-500,0.0
8011,544.4055223765798,0.06738828068956933,500-550,1.0
8012,474.0221809854437,0.2686824961120693,450-500,0.0
8013,549.7396653767494,0.06004359033345918,500-550,0.0
8014,584.7730290573508,0.02764690352963569,550-600,0.0
8015,459.83347672799744,0.3377161125246968,450-500,1.0
8016,450.16557689114546,0.38933396116964014,450-500,1.0
8017,482.8318792644214,0.23061096408242543,450-500,0.0
8018,505.8010288808153,0.14987718558109575,500-550,0.0
8019,520.5019062892777,0.11152804273544502,500-550,0.0
8020,510.4034024306992,0.13682649703257424,500-550,1.0
8021,442.18691064089273,0.4339467296266165,<450,0.0
8022,542.3536545599258,0.07042955436003705,500-550,0.0
8023,495.88139001997456,0.18147703945929958,450-500,0.0
8024,474.9810817903025,0.2643515226615684,450-500,0.0
8025,532.4150908708204,0.08702762452620968,500-550,0.0
8026,520.9945503063583,0.11040513406555384,500-550,0.0
8027,536.9718707968686,0.07901805922493804,500-550,0.0
8028,555.7225519659572,0.052700182092328476,550-600,0.0
8029,507.0467112964434,0.14624686838641435,500-550,1.0
8030,548.6872034273545,0.06143077618100959,500-550,0.0
8031,490.81776732286676,0.19950710922399073,450-500,0.0
8032,561.8510047869413,0.04606271660208005,550-600,0.0
8033,492.1581231903602,0.19460725702269716,450-500,0.0
8034,518.6419556085618,0.1158579328040954,500-550,0.0
8035,548.0176128174182,0.06232885384372635,500-550,0.0
8036,493.72042929708715,0.1890118834590227,450-500,0.0
8037,503.30357476387906,0.1573788906022227,500-550,0.0
8038,517.4617543880408,0.11868056382657102,500-550,0.0
8039,466.72886034323096,0.30305211530475074,450-500,1.0
8040,511.8094925581695,0.13303462355696083,500-550,0.0
8041,507.0467112964434,0.14624686838641435,500-550,0.0
8042,496.71376282371034,0.17863775405089288,450-500,0.0
8043,548.0606696807001,0.06227073764525992,500-550,0.0
8044,496.92607778218854,0.1779191199647671,450-500,0.0
8045,525.1645522986257,0.10129142851743499,500-550,0.0
8046,506.17412877805884,0.14878213284080238,500-550,0.0
8047,580.579146854301,0.030374513405319516,550-600,0.0
8048,493.77613357816534,0.18881467636815144,450-500,0.0
8049,507.33816181680527,0.14540807892714788,500-550,0.0
8050,584.6562448094663,0.027719532952022955,550-600,0.0
8051,502.32865960811927,0.16038909559201645,500-550,0.0
8052,532.273683811073,0.08728756628353876,500-550,0.0
8053,503.56829536002294,0.15656949609741413,500-550,0.0
8054,526.792287341293,0.09791882559731997,500-550,0.0
8055,532.3650109649959,0.08711960380574907,500-550,0.0
8056,525.3048381182301,0.1009967501258803,500-550,0.0
8057,517.1032343565132,0.11954972848970963,500-550,1.0
8058,498.4788932359962,0.17273201004082445,450-500,0.0
8059,510.55591231947744,0.1364108596044787,500-550,0.0
8060,541.4960290356659,0.07173794490750102,500-550,0.0
8061,549.5292448273173,0.060318566971761876,500-550,0.0
8062,483.88047107574675,0.2263403509830877,450-500,0.0
8063,542.5902304438027,0.07007253456779532,500-550,0.0
8064,492.3161021028483,0.1940357971435571,450-500,0.0
8065,530.2684704841788,0.09104989336915129,500-550,0.0
8066,503.1306682957537,0.1579093944489442,500-550,0.0
8067,548.5337213199349,0.061635557237106633,500-550,0.0
8068,533.2662303601577,0.0854777625061448,500-550,0.0
8069,505.07992736992196,0.15201243461758238,500-550,0.0
8070,495.42487910991304,0.18304908607731923,450-500,0.0
8071,517.3686176189344,0.11890582931954685,500-550,1.0
8072,510.8095496575361,0.13572197275996883,500-550,0.0
8073,466.9311506757305,0.3020658435899361,450-500,0.0
8074,456.8472975670011,0.3533163786267786,450-500,0.0
8075,542.5363900380585,0.07015363846197269,500-550,0.0
8076,527.8909326320232,0.09569940152300027,500-550,0.0
8077,568.3252608354876,0.03991839143451548,550-600,0.0
8078,421.30032101894,0.5539927229365796,<450,0.0
8079,528.7746664408705,0.09394688443651389,500-550,0.0
8080,549.5292448273173,0.060318566971761876,500-550,0.0
8081,503.19136829559994,0.15772299213311428,500-550,0.0
8082,484.02086522718287,0.2257728332670972,450-500,0.0
8083,561.9650022641658,0.04594711878772255,550-600,0.0
8084,542.2204391276275,0.07063133070376945,500-550,1.0
8085,514.4951620873566,0.12603928728531788,500-550,0.0
8086,509.5767590373772,0.1390979323470269,500-550,0.0
8087,462.300529182074,0.3250872811686714,450-500,0.0
8088,539.691127298226,0.07456503446551697,500-550,0.0
8089,586.0791363192625,0.02684711689430027,550-600,0.0
8090,515.822489827508,0.1226996892741906,500-550,0.0
8091,451.6166956575964,0.38139279536179604,450-500,0.0
8092,510.7661325116152,0.13583968667600466,500-550,0.0
8093,562.5284854024094,0.045379770137282276,550-600,0.0
8094,479.92188090052423,0.2427558812633229,450-500,0.0
8095,440.990132986621,0.440750938397487,<450,1.0
8096,498.39038205888147,0.17302443334429612,450-500,0.0
8097,491.19645549457437,0.1981134432438836,450-500,0.0
8098,477.7367458211087,0.2521568388479111,450-500,1.0
8099,562.1130258709552,0.045797429195067005,550-600,0.0
8100,467.2992734734694,0.3002757330419527,450-500,0.0
8101,520.6197727219358,0.11125847824906811,500-550,0.0
8102,457.2612707680614,0.3511340513998601,450-500,1.0
8103,460.046935917871,0.33661389656755947,450-500,0.0
8104,504.42592088428285,0.15397054086540637,500-550,0.0
8105,506.22420868388343,0.14863565136228046,500-550,0.0
8106,525.3048381182301,0.1009967501258803,500-550,0.0
8107,484.49490548673816,0.22386406705406697,450-500,0.0
8108,515.5198135619211,0.12345446856992852,500-550,1.0
8109,455.98652633268244,0.35787361992192374,450-500,0.0
8110,581.4211882542639,0.029806723812318733,550-600,0.0
8111,529.1742690760418,0.09316392296586037,500-550,0.0
8112,514.1007917914478,0.1270464174803151,500-550,0.0
8113,549.1118142255552,0.06086755434102677,500-550,0.0
8114,508.85959801542975,0.14109406888659107,500-550,0.0
8115,572.3402500894185,0.0365110141691965,550-600,0.0
8116,509.19775783598794,0.14014987272853774,500-550,0.0
8117,531.7378830273382,0.08827888412852065,500-550,0.0
8118,498.4377097920875,0.17286802326815157,450-500,0.0
8119,470.0807248504496,0.28694860794887794,450-500,1.0
8120,521.1813579750537,0.1099819297452015,500-550,0.0
8121,490.3544140946115,0.20122235938723365,450-500,0.0
8122,464.3098553147372,0.31498516233899826,450-500,0.0
8123,551.2083547063723,0.058156765429969996,550-600,0.0
8124,482.3688390658478,0.23251466255552702,450-500,1.0
8125,502.70823069282613,0.15921160921106284,500-550,0.0
8126,492.5529896773683,0.19318128872456777,450-500,0.0
8127,527.6969878760414,0.09608790157855995,500-550,0.0
8128,432.11934543058084,0.4917116944774182,<450,0.0
8129,532.1237384758081,0.08756397039240385,500-550,0.0
8130,499.71789291345976,0.16867958271729977,450-500,1.0
8131,524.4790910423505,0.10274227223860219,500-550,0.0
8132,529.4750742219618,0.09257840796105621,500-550,0.0
8133,528.4701826845782,0.09454742861985779,500-550,0.0
8134,547.6463441713585,0.06283207985764033,500-550,0.0
8135,526.0786074589322,0.09938504372011589,500-550,0.0
8136,520.9444704005338,0.11051883002250962,500-550,0.0
8137,492.7581674102979,0.19244348063025468,450-500,0.0
8138,540.8864858590601,0.0726814588531244,500-550,0.0
8139,491.24653540039895,0.1979296866791521,450-500,1.0
8140,470.03064494462507,0.28718541775984247,450-500,0.0
8141,571.383185548856,0.03729692321785754,550-600,0.0
8142,530.4114790894517,0.09077680762857508,500-550,0.0
8143,506.90035178859114,0.14666959876376862,500-550,0.0
8144,511.1594458442247,0.13477645954863535,500-550,0.0
8145,499.0945254757218,0.17070889617563664,450-500,0.0
8146,471.026227807314,0.28249965075957684,450-500,1.0
8147,590.0873876830017,0.02453070633480213,550-600,0.0
8148,523.1132863499262,0.10568806025932145,500-550,1.0
8149,551.3223521835969,0.0580126624583227,550-600,0.0
8150,450.48321481178493,0.38759051686379975,450-500,0.0
8151,522.4116391013994,0.10723016369716656,500-550,0.0
8152,498.4788932359962,0.17273201004082445,450-500,0.0
8153,488.71648765946514,0.20737394180643515,450-500,1.0
8154,452.4245112166586,0.37699908985391856,450-500,0.0
8155,530.1922352439093,0.09119577220907671,500-550,0.0
8156,576.8735064175902,0.03300010815680965,550-600,0.0
8157,483.67392066438424,0.22717712643906285,450-500,0.0
8158,490.54244900893525,0.20052496124267946,450-500,0.0
8159,506.8059627397098,0.14694275916719426,500-550,0.0
8160,504.37584097845826,0.15412132814407914,500-550,0.0
8161,471.0337061516903,0.2824646293697749,450-500,0.0
8162,541.6298188618671,0.07153236913935743,500-550,0.0
8163,460.2235916064085,0.33570306071683,450-500,1.0
8164,467.40609146401215,0.2997574326464094,450-500,0.0
8165,521.3165889949994,0.10967645773497679,500-550,0.0
8166,474.59298249953883,0.2660990136983959,450-500,0.0
8167,558.8722040761767,0.04918320734366197,550-600,0.0
8168,571.683990694776,0.037048175720998056,550-600,0.0
8169,522.4116391013994,0.10723016369716656,500-550,1.0
8170,526.4681056219292,0.09858243484448694,500-550,0.0
8171,499.90344506391307,0.16807926100128448,450-500,0.0
8172,521.5515744342026,0.10914742080684972,500-550,0.0
8173,510.0397992359508,0.13782172990691008,500-550,0.0
8174,496.0751773954886,0.1808128949603952,450-500,0.0
8175,516.6417824739983,0.12067652405341557,500-550,0.0
8176,549.245954064442,0.0606906315977768,500-550,0.0
8177,534.8538114578314,0.08265362519529731,500-550,0.0
8178,550.1576192662206,0.05950088715636043,550-600,0.0
8179,485.5324972370818,0.21972629361361914,450-500,1.0
8180,562.5778445128875,0.0453303914772603,550-600,0.0
8181,497.44218628470514,0.17618166937087645,450-500,0.0
8182,478.26954170950756,0.24984254838040595,450-500,0.0
8183,511.86115206067694,0.13289701969234674,500-550,0.0
8184,457.6049067497917,0.3493272289395683,450-500,0.0
8185,501.28698327941504,0.163656727689966,500-550,0.0
8186,524.8627728107805,0.10192792025743895,500-550,0.0
8187,476.34464779401657,0.25827038930240376,450-500,0.0
8188,568.5830091181258,0.03969078130140195,550-600,0.0
8189,530.501597558779,0.0906050985045314,500-550,1.0
8190,534.040720357944,0.08408926096739647,500-550,0.0
8191,479.1007002086795,0.24626065829947807,450-500,0.0
8192,561.7358031129247,0.046179816675119695,550-600,0.0
8193,478.0099624068917,0.250968303338186,450-500,0.0
8194,572.9832089004861,0.03599201095178319,550-600,0.0
8195,483.16080055998606,0.22926531491845628,450-500,0.0
8196,536.5793276235116,0.07968062271871176,500-550,0.0
8197,528.33696725228,0.09481125374215958,500-550,1.0
8198,496.9099566502714,0.17797360647673593,450-500,1.0
8199,469.61742811569235,0.28914381669199296,450-500,1.0
8200,524.2353721011369,0.10326254527330028,500-550,0.0
8201,484.23124030633915,0.22492431883567587,450-500,0.0
8202,509.19775783598794,0.14014987272853774,500-550,0.0
8203,552.5398418074795,0.056494414454819966,550-600,0.0
8204,444.3910254843803,0.4214820769578364,<450,0.0
8205,514.5391403972194,0.12592740133425612,500-550,0.0
8206,517.4186975247591,0.11878465748839655,500-550,0.0
8207,491.24653540039895,0.1979296866791521,450-500,0.0
8208,564.9116816729281,0.04305322188152988,550-600,0.0
8209,523.4720127870859,0.10490721851089291,500-550,0.0
8210,471.1644804519696,0.2818526337628186,450-500,0.0
8211,587.1249413599279,0.026222985976646705,550-600,0.0
8212,483.67722924545257,0.22716370554344878,450-500,0.0
8213,445.23306688434315,0.4167455830161284,<450,1.0
8214,503.56829536002294,0.15656949609741413,500-550,0.0
8215,479.6355494946198,0.24397407679991373,450-500,1.0
8216,556.2612491585018,0.052082262801267216,550-600,0.0
8217,475.8934825262752,0.2602723331054274,450-500,0.0
8218,463.93845561722037,0.3168396468461481,450-500,1.0
8219,517.0774961012298,0.1196123372337931,500-550,0.0
8220,528.7455009985097,0.09400426009040082,500-550,0.0
8221,512.1600652698918,0.13210317815557115,500-550,0.0
8222,573.9926198377734,0.03519150437624364,550-600,0.0
8223,494.14592489434057,0.18750952477435023,450-500,0.0
8224,511.65159105749893,0.13345596894341272,500-550,0.0
8225,523.4999377602503,0.10484664821592718,500-550,0.0
8226,514.2723814696595,0.1266073748413732,500-550,0.0
8227,523.0659586167201,0.10579146063658107,500-550,0.0
8228,561.9010846927658,0.04601189960710599,550-600,0.0
8229,464.7804970171832,0.3126435901678856,450-500,1.0
8230,557.8229610742253,0.05032936670148214,550-600,0.0
8231,540.3203108551621,0.07356807520596464,500-550,0.0
8232,533.2662303601577,0.0854777625061448,500-550,1.0
8233,536.9718707968686,0.07901805922493804,500-550,0.0
8234,424.39655716821494,0.5362557648917154,<450,0.0
8235,452.23296397176216,0.37803911746144514,450-500,1.0
8236,482.1655972355536,0.23335370279233233,450-500,0.0
8237,517.6670970330133,0.1181852157238804,500-550,0.0
8238,517.4056701400027,0.11881616787114047,500-550,0.0
8239,514.6621880376612,0.1256148053973443,500-550,1.0
8240,505.2415232106387,0.15153177395408698,500-550,0.0
8241,478.0326541349875,0.2508697584415822,450-500,0.0
8242,554.057329516807,0.05465434469131551,550-600,0.0
8243,508.9982297801687,0.14070634552662545,500-550,0.0
8244,497.1629653567086,0.17711998955122618,450-500,0.0
8245,471.9744235814903,0.27808027965888393,450-500,0.0
8246,562.9138200228199,0.04499564031213416,550-600,0.0
8247,550.7397920393549,0.058752604392225155,550-600,0.0
8248,523.4602309127248,0.10493278309487007,500-550,1.0
8249,560.6438565333347,0.04730390951672036,550-600,0.0
8250,570.0946411280247,0.03838075189137816,550-600,0.0
8251,531.6609245735323,0.08842210203867713,500-550,0.0
8252,510.0397992359508,0.13782172990691008,500-550,1.0
8253,500.8096669008578,0.1651718178746782,500-550,0.0
8254,535.4199998661726,0.08166714210468713,500-550,0.0
8255,486.10705337054765,0.21745879797862266,450-500,0.0
8256,529.6142158291925,0.0923086891736832,500-550,0.0
8257,434.75998632078733,0.4764753766629602,<450,0.0
8258,473.2608171832824,0.2721530704306045,450-500,1.0
8259,549.5292448273173,0.060318566971761876,500-550,0.0
8260,479.1840602055042,0.2459033313348533,450-500,0.0
8261,435.63140711122713,0.47145554237154713,<450,0.0
8262,511.3337995888795,0.13430738834518183,500-550,0.0
8263,513.4252441514119,0.12878758441046914,500-550,0.0
8264,508.351597025489,0.14252247430000128,500-550,0.0
8265,538.5335827125922,0.07643170087482212,500-550,0.0
8266,515.88761617671,0.12253780446098791,500-550,0.0
8267,463.46781391477435,0.31919805164977877,450-500,1.0
8268,534.8037315520069,0.08274140056994757,500-550,0.0
8269,560.6614489408621,0.04728559476695302,550-600,0.0
8270,550.1576192662206,0.05950088715636043,550-600,0.0
8271,483.8607283330797,0.2264202382993727,450-500,0.0
8272,515.1019738554555,0.12450298069775048,500-550,0.0
8273,505.1300072757465,0.15186334018550382,500-550,1.0
8274,526.3194035413042,0.09888817026750685,500-550,0.0
8275,551.6465339029605,0.057604697201198776,550-600,0.0
8276,514.4432103192793,0.1261715682415051,500-550,0.0
8277,469.7059392928071,0.28872366066795757,450-500,0.0
8278,468.7896767869793,0.2930905824790882,450-500,0.0
8279,528.5086550558411,0.09447135885625714,500-550,0.0
8280,590.2310130036885,0.02445142448448733,550-600,0.0
8281,561.1565970994764,0.04677287182346221,550-600,0.0
8282,524.2353721011369,0.10326254527330028,500-550,0.0
8283,470.03064494462507,0.28718541775984247,450-500,1.0
8284,561.5329618950269,0.04638668929303452,550-600,0.0
8285,521.8985189970012,0.10837041775823127,500-550,0.0
8286,480.94759165243664,0.2384260100467223,450-500,0.0
8287,465.6882024472677,0.3081544655562953,450-500,1.0
8288,510.6471987837303,0.13616258423885697,500-550,0.0
8289,498.7360054441942,0.17188478036036248,450-500,0.0
8290,523.136049193361,0.10563836034863472,500-550,0.0
8291,512.0910651846503,0.13228606813076937,500-550,0.0
8292,519.8552776974349,0.1130170839834273,500-550,0.0
8293,503.51457211446933,0.15673348257024583,500-550,0.0
8294,490.3931583955833,0.20107851331681603,450-500,0.0
8295,506.0369919104845,0.14918386181046406,500-550,0.0
8296,511.86353223568835,0.13289068259686665,500-550,0.0
8297,528.5878819362006,0.09431487961814544,500-550,0.0
8298,476.50163897806107,0.25757613496878834,450-500,0.0
8299,564.6018263637908,0.04334914424916905,550-600,0.0
8300,507.9965579363845,0.14352792191301933,500-550,0.0
8301,490.54244900893525,0.20052496124267946,450-500,0.0
8302,560.3393727770423,0.04762196528915584,550-600,0.0
8303,432.5056084570483,0.4894813446101352,<450,1.0
8304,465.04085400226,0.31135232792133644,450-500,0.0
8305,545.2920540688647,0.06611232025107175,500-550,0.0
8306,563.2488661179563,0.044664161803773576,550-600,0.0
8307,521.7547681915876,0.1086917650032506,500-550,0.0
8308,547.1302310878318,0.06353793031560877,500-550,0.0
8309,466.9893153282118,0.30178259755198555,450-500,1.0
8310,561.7347774495494,0.046180860511520205,550-600,0.0
8311,479.6849933260042,0.2437634228333397,450-500,0.0
8312,540.7919426442022,0.07282882324481306,500-550,0.0
8313,452.8902901834075,0.37447482815814637,450-500,1.0
8314,497.35913547913776,0.17646035208730673,450-500,0.0
8315,483.9108082389043,0.22621763311847923,450-500,0.0
8316,552.5398418074795,0.056494414454819966,550-600,0.0
8317,498.4788932359962,0.17273201004082445,450-500,0.0
8318,491.76264390291556,0.19604342509724512,450-500,0.0
8319,536.5199883144235,0.07978122046526044,500-550,0.0
8320,574.8996044725116,0.034486880099972604,550-600,0.0
8321,560.3192952757146,0.04764300896939482,550-600,0.0
8322,561.063782869004,0.046868576100407414,550-600,0.0
8323,495.34498271943744,0.183325302150152,450-500,0.0
8324,499.34977759004636,0.1698756125104792,450-500,1.0
8325,510.0898791417754,0.1376842939191924,500-550,0.0
8326,519.0531859986196,0.1148882007844605,500-550,0.0
8327,534.8037315520069,0.08274140056994757,500-550,0.0
8328,479.1115831094704,0.24621398834404523,450-500,0.0
8329,499.4400918356579,0.1695815528537288,450-500,0.0
8330,475.9127011307281,0.2601868501188472,450-500,0.0
8331,524.1852921953124,0.10336974044154824,500-550,0.0
8332,511.91361214151294,0.13275740670223718,500-550,1.0
8333,459.986958835417,0.3369234147920471,450-500,0.0
8334,470.4600393989728,0.2851587616709289,450-500,0.0
8335,554.354531872302,0.05430063742580724,550-600,0.0
8336,556.7773576610184,0.05149668164864081,550-600,0.0
8337,542.2204391276275,0.07063133070376945,500-550,0.0
8338,496.3438556863829,0.1798952214002885,450-500,0.0
8339,497.10402646414695,0.1773185538645399,450-500,0.0
8340,512.8945392859617,0.13016965804271335,500-550,0.0
8341,485.1705062309057,0.22116359450701845,450-500,1.0
8342,489.9699262159861,0.2026540209733364,450-500,0.0
8343,571.1939640358006,0.03745421963116294,550-600,0.0
8344,550.4575479401991,0.05911427225194298,550-600,0.0
8345,517.7349709738239,0.11802187753108903,500-550,0.0
8346,528.4201027787536,0.09464653163891058,500-550,1.0
8347,543.493454578621,0.06872480779570402,500-550,0.0
8348,506.8502718827666,0.14681447680811072,500-550,0.0
8349,482.7245609738935,0.23105120851005004,450-500,0.0
8350,521.5343843619987,0.10918604582038004,500-550,0.0
8351,528.27635197334,0.09493151667710015,500-550,0.0
8352,538.9457727419473,0.07576213612024756,500-550,0.0
8353,501.3970402676936,0.16330897640282102,500-550,0.0
8354,493.7832708037139,0.18878942021664089,450-500,0.0
8355,504.42592088428285,0.15397054086540637,500-550,0.0
8356,510.0898791417754,0.1376842939191924,500-550,0.0
8357,501.4471201735182,0.16315093398420763,500-550,0.0
8358,520.2904639148946,0.11201304991876267,500-550,0.0
8359,525.0675524252599,0.10149562817979964,500-550,1.0
8360,558.1927523904005,0.049922560652401554,550-600,0.0
8361,485.1922154341869,0.2210772077383559,450-500,0.0
8362,462.52683994879067,0.3239410848725111,450-500,0.0
8363,505.43865621433685,0.1509471005636626,500-550,0.0
8364,530.08125371078,0.09140851518284113,500-550,0.0
8365,572.2844049440178,0.036556431334608404,550-600,0.0
8366,502.8642089685593,0.15872977654832465,500-550,1.0
8367,498.06958699434864,0.17408755705782997,450-500,0.0
8368,533.2662303601577,0.0854777625061448,500-550,0.0
8369,551.2584346121969,0.058093418649075905,550-600,0.0
8370,523.946024445781,0.10388324865195663,500-550,0.0
8371,464.1264905315441,0.31590001279907975,450-500,0.0
8372,480.67329502519397,0.23957869202057358,450-500,0.0
8373,461.6842608679083,0.32821910454870673,450-500,0.0
8374,462.25044927624947,0.3253412048220967,450-500,0.0
8375,492.7581674102979,0.19244348063025468,450-500,1.0
8376,572.3344848498423,0.03651570034988135,550-600,0.0
8377,539.3468626848742,0.07511577566121494,500-550,0.0
8378,516.5917025681737,0.12079936121726274,500-550,0.0
8379,505.2415232106387,0.15153177395408698,500-550,0.0
8380,484.19002916690084,0.22509035897396545,450-500,0.0
8381,492.1741873226548,0.19454908971101595,450-500,0.0
8382,503.04833012387996,0.15816253097528812,500-550,0.0
8383,517.4244406640285,0.1187707683922307,500-550,1.0
8384,471.6991052675589,0.27935910270556086,450-500,0.0
8385,488.8645536656501,0.20681218657636846,450-500,1.0
8386,551.524665630616,0.057757744938102706,550-600,0.0
8387,448.0121434385916,0.40122636234986286,<450,0.0
8388,517.4186975247591,0.11878465748839655,500-550,0.0
8389,563.0592036723027,0.0448515177781445,550-600,0.0
8390,495.0463209335175,0.18436069156057472,450-500,0.0
8391,452.04161814644016,0.37907917300517385,450-500,0.0
8392,510.5722959492027,0.13636627235584142,500-550,0.0
8393,499.52417646625327,0.16930814084178597,450-500,0.0
8394,522.7430698907773,0.10649928189284039,500-550,0.0
8395,507.8556308846347,0.14392865220949336,500-550,0.0
8396,472.0128548527805,0.2779020571903426,450-500,0.0
8397,486.40162235476464,0.21630284701277874,450-500,0.0
8398,508.1463186072033,0.1431030913055833,500-550,0.0
8399,497.7693337179212,0.17508726925337165,450-500,0.0
8400,545.2920540688647,0.06611232025107175,500-550,0.0
8401,471.93599284207886,0.2782585699120893,450-500,0.0
8402,486.9147424591629,0.2142998955822239,450-500,0.0
8403,547.82378210618,0.06259110526494062,500-550,0.0
8404,533.3163102659823,0.08538735451447357,500-550,1.0
8405,496.0029720155334,0.1810601342535882,450-500,0.0
8406,529.5466267731448,0.09243961877631736,500-550,0.0
8407,499.4400918356579,0.1695815528537288,450-500,0.0
8408,566.7198857028279,0.041364452489454875,550-600,0.0
8409,529.740457484383,0.09206458724872205,500-550,0.0
8410,565.5697126258336,0.04243116668749931,550-600,0.0
8411,497.7693337179212,0.17508726925337165,450-500,1.0
8412,517.4186975247591,0.11878465748839655,500-550,0.0
8413,493.6773724338053,0.18916442373966194,450-500,0.0
8414,553.6779487771614,0.05510900882046147,550-600,0.0
8415,484.63836404092467,0.22328868657983195,450-500,0.0
8416,509.00404138878145,0.14069011117677716,500-550,1.0
8417,571.4332654546805,0.037255399084887175,550-600,0.0
8418,533.9768027865441,0.08420307214423119,500-550,0.0
8419,514.5638319900214,0.12586462031299928,500-550,0.0
8420,552.118601614907,0.05701544027836048,550-600,0.0
8421,493.08484173816805,0.19127321002416042,450-500,1.0
8422,525.8900550378198,0.09977566369200319,500-550,0.0
8423,549.6895854709248,0.060108927932402606,500-550,0.0
8424,503.7185953568211,0.15611145804452706,500-550,1.0
8425,517.4413941770714,0.11872977654233792,500-550,0.0
8426,498.4877896979121,0.17270263953936557,450-500,0.0
8427,478.0326541349875,0.2508697584415822,450-500,1.0
8428,504.2606393044416,0.15446865116317202,500-550,0.0
8429,485.73454123864184,0.21892699228789125,450-500,0.0
8430,522.0389834993136,0.1080572233582415,500-550,0.0
8431,572.7556759515242,0.03617486093914962,550-600,0.0
8432,520.2337954135089,0.11214334912053892,500-550,0.0
8433,498.39038205888147,0.17302443334429612,450-500,0.0
8434,498.14556004247515,0.17383531529005686,450-500,1.0
8435,501.33706318523963,0.163498414497586,500-550,0.0
8436,551.8304036349864,0.05737450566532328,550-600,0.0
8437,487.3961329538357,0.21243309401322719,450-500,0.0
8438,473.10068028917925,0.2728865950221611,450-500,0.0
8439,547.9675329115937,0.06239651311998127,500-550,0.0
8440,552.1095741015341,0.05702665554333785,550-600,0.0
8441,470.5101193047974,0.28492295503006054,450-500,1.0
8442,505.9490524876048,0.14944194214167333,500-550,0.0
8443,547.9675329115937,0.06239651311998127,500-550,0.0
8444,487.35521945055393,0.21259129112451772,450-500,0.0
8445,478.0827340408121,0.2506523641540528,450-500,1.0
8446,516.5174560292904,0.12098167333989529,500-550,0.0
8447,500.71758858191754,0.1654653826525259,500-550,0.0
8448,591.5990196929006,0.023708695154040144,550-600,0.0
8449,550.118186570141,0.059551892633094794,550-600,0.0
8450,483.74624273513723,0.2268838875376305,450-500,0.0
8451,476.44825049116815,0.25781209541014455,450-500,0.0
8452,548.5248525535486,0.061647409719047926,500-550,0.0
8453,538.936674652573,0.07577685684197154,500-550,0.0
8454,479.44088394329157,0.24480464125588075,450-500,0.0
8455,457.61219814131687,0.3492889377663946,450-500,0.0
8456,505.9490524876048,0.14944194214167333,500-550,0.0
8457,536.9718707968686,0.07901805922493804,500-550,0.0
8458,550.4863093678799,0.05907732206526427,550-600,1.0
8459,508.5260235972255,0.14203066454620886,500-550,0.0
8460,501.1957486456255,0.16394545657502382,500-550,1.0
8461,466.07033875174193,0.30627531191111623,450-500,0.0
8462,449.97876922245,0.39036063331864573,<450,0.0
8463,521.5743372776375,0.10909629257646496,500-550,0.0
8464,480.97619383252385,0.23830603415256824,450-500,0.0
8465,516.6144559026562,0.12074353794225973,500-550,0.0
8466,466.7020050725485,0.3031831856448308,450-500,1.0
8467,566.5956237578223,0.04147844993168416,550-600,0.0
8468,468.30899285942826,0.2953969266036876,450-500,1.0
8469,492.390407609657,0.19376745144168311,450-500,0.0
8470,468.02131881196186,0.29678222970796575,450-500,0.0
8471,492.39004461255905,0.19376876167798826,450-500,1.0
8472,503.56585621708604,0.1565769383828189,500-550,1.0
8473,485.03045484717813,0.22172147753126578,450-500,0.0
8474,535.5490437867746,0.08144381184708364,500-550,0.0
8475,508.3877730746157,0.1424203564483698,500-550,0.0
8476,482.35240490424906,0.23258242924944708,450-500,1.0
8477,464.7804970171832,0.3126435901678856,450-500,1.0
8478,481.56114997723256,0.23586146042480924,450-500,1.0
8479,488.924068591826,0.20658670703528637,450-500,0.0
8480,526.708138906508,0.0980906961868875,500-550,0.0
8481,491.097244787047,0.19847785306912605,450-500,0.0
8482,608.3985828087314,0.01620541823031925,600-650,0.0
8483,529.9305305918605,0.0916981543915116,500-550,0.0
8484,536.0648861621305,0.08055661741273135,500-550,0.0
8485,568.5830091181258,0.03969078130140195,550-600,0.0
8486,489.43910979911584,0.20464300730029394,450-500,0.0
8487,511.8383987261944,0.13295761220903662,500-550,0.0
8488,581.7219934001839,0.029606395043636602,550-600,0.0
8489,540.1650158995966,0.07381299788669131,500-550,0.0
8490,513.4219355703435,0.12879616182430548,500-550,0.0
8491,601.9865845549714,0.018744677370600333,600-650,0.0
8492,529.4905425251067,0.09254838852975233,500-550,0.0
8493,462.300529182074,0.3250872811686714,450-500,0.0
8494,575.040068974824,0.03437897875288426,550-600,0.0
8495,517.8319708471897,0.11778878739659737,500-550,1.0
8496,445.23306688434315,0.4167455830161284,<450,0.0
8497,517.1942277656196,0.11932861248718947,500-550,0.0
8498,536.2227876628011,0.08028681109004858,500-550,0.0
8499,475.15030214149374,0.26359188156461627,450-500,1.0
8500,482.115517329729,0.23356077004228804,450-500,0.0
8501,472.94360667249396,0.2736072865791575,450-500,1.0
8502,508.18014632965367,0.14300727632703314,500-550,1.0
8503,525.7436955299676,0.10007981401541569,500-550,0.0
8504,477.3786476493484,0.253720262178886,450-500,0.0
8505,520.24038400907,0.11212819300917037,500-550,0.0
8506,469.9393177907022,0.28761757122256937,450-500,0.0
8507,552.5781532433862,0.056447250291832736,550-600,0.0
8508,507.9615292545432,0.14362744020131807,500-550,0.0
8509,509.24783774181253,0.14001049212674818,500-550,0.0
8510,561.2463574117803,0.046680493343398216,550-600,0.0
8511,462.5510527947109,0.3238185787379652,450-500,1.0
8512,567.3803782233897,0.04076353411446523,550-600,0.0
8513,500.4545736244336,0.16630623281863688,500-550,0.0
8514,542.1169707349101,0.07078841874817798,500-550,0.0
8515,470.80698396177144,0.28352754747144293,450-500,1.0
8516,526.6900717384295,0.09812763286525777,500-550,0.0
8517,508.9448412932757,0.14085555609156197,500-550,0.0
8518,554.398125743204,0.05424893716827019,550-600,1.0
8519,533.8733343938266,0.08438760373751561,500-550,0.0
8520,467.55550373655296,0.2990333162116952,450-500,0.0
8521,483.3012650622985,0.22869234444014594,450-500,1.0
8522,556.3421563352429,0.05199005065480812,550-600,0.0
8523,485.8657808813598,0.2184089205924232,450-500,0.0
8524,541.3996059634583,0.0718864423860361,500-550,0.0
8525,539.5078319601032,0.0748577995548866,500-550,0.0
8526,478.50689527584547,0.24881613496022564,450-500,1.0
8527,479.4909638491161,0.2445907867527994,450-500,0.0
8528,565.5884534092572,0.04241357688840504,550-600,0.0
8529,491.78636945603944,0.19595704114750837,450-500,0.0
8530,519.8923631126719,0.11293121769410328,500-550,0.0
8531,498.5623263986263,0.17245672163288167,450-500,0.0
8532,495.4107721530901,0.1830978328575443,450-500,0.0
8533,465.9477817498836,0.30687728834376515,450-500,1.0
8534,527.7530216626308,0.09597551305114277,500-550,0.0
8535,518.9878349981796,0.11504183308526697,500-550,0.0
8536,513.7188002273176,0.12802848336611994,500-550,1.0
8537,536.8375882076058,0.0792441426138315,500-550,0.0
8538,462.300529182074,0.3250872811686714,450-500,1.0
8539,540.8057803097776,0.07280723730615406,500-550,0.0
8540,508.32473197515736,0.14259834853536069,500-550,0.0
8541,565.7628211622653,0.042250251843947775,550-600,0.0
8542,548.3220965737107,0.06191896029425053,500-550,0.0
8543,507.64507343363726,0.14452911229552343,500-550,0.0
8544,495.7810399336889,0.18182170285939434,450-500,0.0
8545,556.2111692526772,0.05213941767912884,550-600,0.0
8546,491.24653540039895,0.1979296866791521,450-500,0.0
8547,482.35240490424906,0.23258242924944708,450-500,0.0
8548,511.60151115167434,0.13358983810192113,500-550,0.0
8549,486.78212014165587,0.21481628771685016,450-500,1.0
8550,421.30032101894,0.5539927229365796,<450,0.0
8551,575.4794289189695,0.03404357130804958,550-600,0.0
8552,486.7680131848329,0.21487126919349922,450-500,0.0
8553,489.6414687164108,0.20388305653475933,450-500,0.0
8554,514.6240228935317,0.12571169074659436,500-550,1.0
8555,486.21593173331473,0.21703101728281238,450-500,0.0
8556,498.5623263986263,0.17245672163288167,450-500,0.0
8557,581.0064495181563,0.030085085308558555,550-600,0.0
8558,481.714107946438,0.23522510502745037,450-500,0.0
8559,481.45437361854135,0.2363063900028034,450-500,0.0
8560,509.13312763089436,0.14032992083584098,500-550,1.0
8561,535.7389097210761,0.08111623161354811,500-550,0.0
8562,513.330700936554,0.1290328771857014,500-550,1.0
8563,497.4922661905297,0.1760137900749846,450-500,0.0
8564,496.4630375836149,0.17948932000122253,450-500,0.0
8565,491.24653540039895,0.1979296866791521,450-500,0.0
8566,444.23095478139965,0.4223841415313178,<450,1.0
8567,508.73471763741435,0.14144409661048737,500-550,1.0
8568,499.4693110333643,0.16948650305392574,450-500,0.0
8569,502.8141290627347,0.15888434936189855,500-550,1.0
8570,470.03064494462507,0.28718541775984247,450-500,0.0
8571,476.7796812805461,0.25634955658087694,450-500,0.0
8572,511.0019469397342,0.13520137372072033,500-550,0.0
8573,511.7722050817655,0.13313402002062258,500-550,0.0
8574,488.9169313662775,0.20661373768510413,450-500,0.0
8575,486.10705337054765,0.21745879797862266,450-500,0.0
8576,534.4125164137756,0.08343000946727129,500-550,0.0
8577,530.7359809917655,0.09015987977327969,500-550,0.0
8578,482.115517329729,0.23356077004228804,450-500,0.0
8579,514.6621880376612,0.1256148053973443,500-550,0.0
8580,487.9623213621769,0.2102526851048862,450-500,0.0
8581,519.4531620911328,0.1139517912683144,500-550,0.0
8582,488.71648765946514,0.20737394180643515,450-500,0.0
8583,490.0678012758001,0.202288858477357,450-500,0.0
8584,469.7392925496126,0.2885654293425265,450-500,0.0
8585,510.8095496575361,0.13572197275996883,500-550,0.0
8586,488.87398868600144,0.2067764287221999,450-500,0.0
8587,483.9707853213583,0.2259751564164749,450-500,0.0
8588,457.49815834258146,0.34988804686248076,450-500,0.0
8589,494.34595013543014,0.18680644744367914,450-500,0.0
8590,491.97094549236067,0.19528598904974817,450-500,0.0
8591,508.5348923636118,0.1420056962188406,500-550,1.0
8592,511.9374747453992,0.13269394182248637,500-550,1.0
8593,514.0659875612487,0.12713562881952917,500-550,0.0
8594,529.9818146944772,0.0915995110795399,500-550,0.0
8595,590.8117977749633,0.024133368607854214,550-600,0.0
8596,537.1601571344872,0.07870204607254344,500-550,0.0
8597,520.9945503063583,0.11040513406555384,500-550,0.0
8598,510.5971188779057,0.13629874135085465,500-550,0.0
8599,493.5359653740579,0.1896660594503758,450-500,0.0
8600,561.6708598781495,0.046245954908798896,550-600,0.0
8601,514.1482688460079,0.12692480899858952,500-550,0.0
8602,503.024504141891,0.1582358418828174,500-550,0.0
8603,419.25345133924395,0.5656461089801116,<450,0.0
8604,523.1132863499262,0.10568806025932145,500-550,0.0
8605,530.7024910623969,0.09022337404876314,500-550,0.0
8606,518.9012291009674,0.11524570844074258,500-550,0.0
8607,503.4776375273916,0.15684630392392146,500-550,1.0
8608,479.6355494946198,0.24397407679991373,450-500,0.0
8609,510.1429474457184,0.13753878247007664,500-550,0.0
8610,474.12994230096524,0.26819354869687845,450-500,0.0
8611,473.02413335826674,0.27323766258937,450-500,0.0
8612,465.6381225414431,0.30840120676376764,450-500,1.0
8613,464.9250826626869,0.311926144922864,450-500,1.0
8614,555.7249002926335,0.052697473449460804,550-600,0.0
8615,569.914496219233,0.038534665648033165,550-600,0.0
8616,522.8940559088268,0.10616777976428729,500-550,0.0
8617,517.4413941770714,0.11872977654233792,500-550,0.0
8618,554.0481652363102,0.054665285737642906,550-600,0.0
8619,506.91823370769106,0.14661789617920862,500-550,0.0
8620,471.06018658122144,0.2823406416118167,450-500,0.0
8621,543.0076610455649,0.06944666339051472,500-550,0.0
8622,593.7429482138879,0.022588774026107816,550-600,0.0
8623,472.1463679212352,0.2772834455856754,450-500,0.0
8624,501.00180375138143,0.16456059140411206,500-550,0.0
8625,532.5867786743817,0.08671296058837565,500-550,0.0
8626,521.9624365684011,0.10822780167588518,500-550,0.0
8627,498.7360054441942,0.17188478036036248,450-500,0.0
8628,496.04906911090114,0.18090226226647585,450-500,0.0
8629,550.6228176038327,0.05890224313059996,550-600,0.0
8630,536.8154045386797,0.0792815487545044,500-550,1.0
8631,470.69692697349285,0.2840443867140171,450-500,0.0
8632,547.9675329115937,0.06239651311998127,500-550,0.0
8633,461.32119352813265,0.33007138446236156,450-500,0.0
8634,527.1722343349038,0.09714613431250756,500-550,0.0
8635,484.7935672726581,0.22266738833604496,450-500,0.0
8636,519.3983426091072,0.11407973823447462,500-550,0.0
8637,513.0081252402929,0.12987279810480137,500-550,0.0
8638,527.7029417568062,0.09607595413144832,500-550,0.0
8639,563.9167349667039,0.0440103371724963,550-600,0.0
8640,521.9974245605724,0.10814980457738362,500-550,0.0
8641,495.0003112826024,0.18452059776964816,450-500,0.0
8642,508.90967792125434,0.14095390320229714,500-550,0.0
8643,486.44009472602767,0.21615220221746118,450-500,0.0
8644,493.88290993685655,0.18843710275100148,450-500,0.0
8645,449.97876922245,0.39036063331864573,<450,1.0
8646,510.95186703390965,0.13533672024686455,500-550,1.0
8647,482.1655972355536,0.23335370279233233,450-500,1.0
8648,475.5608687615817,0.2617546566027628,450-500,0.0
8649,486.32637038189563,0.21659772799565236,450-500,0.0
8650,516.2375766836038,0.12167105035401947,500-550,0.0
8651,495.187991535393,0.18386899002738516,450-500,0.0
8652,506.2496538840204,0.14856127091040436,500-550,0.0
8653,526.0657716937875,0.0994115920835929,500-550,0.0
8654,482.526047841157,0.23186710377482378,450-500,0.0
8655,471.0674389467523,0.28230669004658676,450-500,0.0
8656,530.7068759770648,0.0902150583037995,500-550,0.0
8657,496.57300142782714,0.17911544775663718,450-500,0.0
8658,523.9232711112984,0.10393219832715038,500-550,0.0
8659,469.5830307276854,0.2893071963895444,450-500,0.0
8660,501.6840077480382,0.16240503133527676,500-550,0.0
8661,540.7718651428744,0.07286015344320745,500-550,0.0
8662,496.66470135062673,0.178804137822722,450-500,0.0
8663,499.8526023602952,0.16824358395915132,450-500,0.0
8664,503.8278773011,0.1557791083190761,500-550,0.0
8665,488.2332389081068,0.20921519807840833,450-500,1.0
8666,524.4475210426418,0.1028095344283425,500-550,0.0
8667,450.16557689114546,0.38933396116964014,450-500,1.0
8668,570.5399575501615,0.03800280751342814,550-600,0.0
8669,493.99364588287017,0.18804614022392896,450-500,1.0
8670,511.747521366645,0.13319985346866062,500-550,0.0
8671,512.6194773195417,0.1308909308482617,500-550,0.0
8672,567.8614148441709,0.04033115534026485,550-600,0.0
8673,510.3267667162954,0.13703575546989577,500-550,1.0
8674,503.51821545419836,0.15672235711049726,500-550,0.0
8675,504.3648600093844,0.15415440725306445,500-550,0.0
8676,559.4519910474557,0.04856052718204013,550-600,0.0
8677,501.59170581902185,0.1626953407683848,500-550,0.0
8678,480.6852588777797,0.23952833657283565,450-500,0.0
8679,526.6442213351081,0.09822142548386142,500-550,0.0
8680,495.34498271943744,0.183325302150152,450-500,0.0
8681,527.6281412846154,0.09622615013033037,500-550,0.0
8682,481.8316137126459,0.2347370505169213,450-500,1.0
8683,521.6641409162944,0.10889478720171636,500-550,0.0
8684,503.51821545419836,0.15672235711049726,500-550,0.0
8685,451.979955265325,0.37941457753445784,450-500,1.0
8686,563.232571793873,0.04468022863620688,550-600,0.0
8687,521.6016543400272,0.10903496273980087,500-550,0.0
8688,499.63166190717016,0.1689591493002129,450-500,0.0
8689,549.6895854709248,0.060108927932402606,500-550,0.0
8690,479.161663015295,0.24599930371799086,450-500,0.0
8691,538.6986214388113,0.07616296156345134,500-550,0.0
8692,555.815214538245,0.05259340151647497,550-600,0.0
8693,492.27998762428047,0.1941663222430262,450-500,0.0
8694,479.8312536252311,0.243141007084076,450-500,0.0
8695,505.07992736992196,0.15201243461758238,500-550,0.0
8696,540.3203108551621,0.07356807520596464,500-550,0.0
8697,536.1618860354963,0.0803907758656047,500-550,0.0
8698,486.15713327637224,0.21726195954579688,450-500,1.0
8699,524.0848669520151,0.10358499561073424,500-550,0.0
8700,477.1523368826318,0.25471160728014114,450-500,1.0
8701,525.747004111036,0.10007292934439334,500-550,0.0
8702,478.6639688925308,0.2481384372059564,450-500,0.0
8703,528.332227676079,0.09482065231738962,500-550,0.0
8704,474.59298249953883,0.2660990136983959,450-500,1.0
8705,547.9675329115937,0.06239651311998127,500-550,0.0
8706,486.27660350575263,0.21679290327550813,450-500,0.0
8707,516.3236474183591,0.12145868806270696,500-550,0.0
8708,511.2296681117115,0.1345873715096079,500-550,0.0
8709,492.27485485475,0.1941848785282866,450-500,1.0
8710,526.766842141156,0.09797076830134985,500-550,0.0
8711,524.5574482649569,0.10257549481563227,500-550,0.0
8712,509.59884777891483,0.1390368283513088,500-550,0.0
8713,510.0898791417754,0.1376842939191924,500-550,0.0
8714,518.2834355770343,0.11670916321177889,500-550,0.0
8715,492.4073111552836,0.19370644562764444,450-500,0.0
8716,452.0449267275085,0.3790611798169209,450-500,0.0
8717,560.2892928712176,0.04767447162762067,550-600,0.0
8718,503.913694741643,0.15551852379711217,500-550,0.0
8719,562.9138200228199,0.04499564031213416,550-600,0.0
8720,580.4641237137014,0.030452882511701727,550-600,0.0
8721,553.6779487771614,0.05510900882046147,550-600,0.0
8722,477.1523368826318,0.25471160728014114,450-500,1.0
8723,476.2649551530454,0.2586232764831435,450-500,0.0
8724,475.24260407051014,0.26317812345990815,450-500,0.0
8725,524.2353721011369,0.10326254527330028,500-550,0.0
8726,521.8985189970012,0.10837041775823127,500-550,0.0
8727,474.39370842346665,0.26699913892866595,450-500,0.0
8728,491.96620591615965,0.1953031986529288,450-500,0.0
8729,532.3376013824729,0.08716998285385168,500-550,0.0
8730,506.37963018032053,0.14818180835147754,500-550,0.0
8731,476.4906580089872,0.257624655900421,450-500,1.0
8732,486.7680131848329,0.21487126919349922,450-500,0.0
8733,568.3252608354876,0.03991839143451548,550-600,0.0
8734,566.3937511779231,0.041664288115329635,550-600,0.0
8735,561.7405426891256,0.04617499341320155,550-600,0.0
8736,454.99547246087417,0.363152579295348,450-500,1.0
8737,586.9410716279021,0.026331686206082786,550-600,0.0
8738,522.3615591955747,0.10734098456780895,500-550,0.0
8739,483.67722924545257,0.22716370554344878,450-500,0.0
8740,514.842332946453,0.1251583556472889,500-550,0.0
8741,559.4519910474557,0.04856052718204013,550-600,0.0
8742,518.3126547747407,0.11663958571614821,500-550,0.0
8743,538.8865947467484,0.07585793321648743,500-550,0.0
8744,585.1171427586737,0.027433968832952203,550-600,0.0
8745,488.9146335714746,0.2066224406270034,450-500,0.0
8746,476.6323716464889,0.2569989332055367,450-500,0.0
8747,486.7388809065329,0.21498484379376082,450-500,1.0
8748,536.9718707968686,0.07901805922493804,500-550,0.0
8749,493.8859258809517,0.18842644644540263,450-500,0.0
8750,505.07992736992196,0.15201243461758238,500-550,0.0
8751,516.1742719664117,0.12182744613935281,500-550,1.0
8752,501.6162841132362,0.16261799592281587,500-550,0.0
8753,498.9629228359059,0.1711397864526694,450-500,0.0
8754,520.8065724174112,0.11083242857938912,500-550,0.0
8755,534.8279422758812,0.08269895569355104,500-550,0.0
8756,483.67722924545257,0.22716370554344878,450-500,1.0
8757,532.3650109649959,0.08711960380574907,500-550,0.0
8758,502.054224207187,0.16124481623814615,500-550,0.0
8759,509.4330082319635,0.13949613982516096,500-550,0.0
8760,491.24653540039895,0.1979296866791521,450-500,0.0
8761,521.665571911427,0.10889157891759585,500-550,0.0
8762,573.3023711118851,0.035737024579768135,550-600,0.0
8763,491.2167791950724,0.19803885467014823,450-500,0.0
8764,549.5793247331419,0.06025301610622336,500-550,0.0
8765,523.4602309127248,0.10493278309487007,500-550,0.0
8766,494.193480936322,0.18734218376534223,450-500,0.0
8767,503.51821545419836,0.15672235711049726,500-550,0.0
8768,491.34675549137256,0.19756233797162925,450-500,1.0
8769,570.821480853971,0.037765722895110994,550-600,0.0
8770,492.7581674102979,0.19244348063025468,450-500,0.0
8771,469.32655855316136,0.2905271038994288,450-500,0.0
8772,467.2637096291712,0.3004484087848408,450-500,0.0
8773,555.815214538245,0.05259340151647497,550-600,0.0
8774,437.1397305400578,0.4627810266500323,<450,0.0
8775,513.0393485415416,0.12979129615422752,500-550,0.0
8776,558.1589246679501,0.049959644569547546,550-600,0.0
8777,474.0386151470424,0.2686078926549895,450-500,0.0
8778,495.14478023730834,0.18401885734989515,450-500,0.0
8779,541.6854896513585,0.07144698806426701,500-550,0.0
8780,491.4333430690944,0.19724537216093868,450-500,0.0
8781,521.8521758306182,0.10847392416676174,500-550,0.0
8782,543.405887924618,0.06885441033080077,500-550,0.0
8783,405.1826653449191,0.6431845974758933,<450,0.0
8784,556.3557548981809,0.051974567151669974,550-600,0.0
8785,461.0608934301703,0.33140262857765895,450-500,0.0
8786,549.0882933702813,0.060898626659333495,500-550,0.0
8787,524.7004991917407,0.10227164013184162,500-550,0.0
8788,560.0101224046699,0.047968177364890334,550-600,0.0
8789,554.0982451421347,0.054605521530980604,550-600,0.0
8790,520.6094394137131,0.11128208805862458,500-550,0.0
8791,510.1050971322591,0.13764255349241927,500-550,0.0
8792,479.78260471453916,0.24334791441284706,450-500,0.0
8793,477.51437430811507,0.25312694007906483,450-500,0.0
8794,478.6035821195297,0.24839883093657694,450-500,0.0
8795,477.1022569768072,0.2549313244693895,450-500,1.0
8796,485.3959732237153,0.2202675786475272,450-500,0.0
8797,526.9109802626679,0.09767685535872483,500-550,0.0
8798,482.7817993585968,0.23081633029792353,450-500,0.0
8799,465.01738459170326,0.31146860657848574,450-500,0.0
8800,505.0839101803787,0.1520005728738709,500-550,0.0
8801,548.5000296248456,0.06168059513794105,500-550,0.0
8802,563.1440329212287,0.04476762772464365,550-600,0.0
8803,487.85642299226834,0.21065925102697308,450-500,0.0
8804,521.4687252560938,0.10933368811951422,500-550,0.0
8805,521.0152672001858,0.11035813065253652,500-550,0.0
8806,518.2834355770343,0.11670916321177889,500-550,0.0
8807,433.1481944992392,0.48577191221148547,<450,0.0
8808,525.3877842008785,0.10082287532419568,500-550,0.0
8809,481.09379301762584,0.23781318375729651,450-500,0.0
8810,514.3259042609865,0.12647069296250188,500-550,1.0
8811,522.56954060207,0.10688140536915026,500-550,0.0
8812,594.3976754948735,0.02225718419526124,550-600,0.0
8813,436.7648879570386,0.4649348858749575,<450,1.0
8814,540.9085746005977,0.07264706878417743,500-550,0.0
8815,514.0323481850808,0.12722190522405316,500-550,0.0
8816,486.6511330590902,0.21532719939700362,450-500,0.0
8817,471.6991052675589,0.27935910270556086,450-500,1.0
8818,536.3023505378088,0.08015117470021522,500-550,1.0
8819,528.3961452474789,0.09469397403219845,500-550,0.0
8820,543.0715786169648,0.06935128697606935,500-550,0.0
8821,470.8409427356789,0.2833681882547951,450-500,0.0
8822,502.8141290627347,0.15888434936189855,500-550,0.0
8823,531.4085821935171,0.08889317827165191,500-550,1.0
8824,534.8780221817059,0.0826112212908229,500-550,0.0
8825,497.1892697419929,0.1770314267742946,450-500,0.0
8826,505.6500985887199,0.15032205029399118,500-550,0.0
8827,503.1442668586917,0.15786761936490487,500-550,0.0
8828,503.51821545419836,0.15672235711049726,500-550,1.0
8829,513.2751688208348,0.1291771409539497,500-550,0.0
8830,573.105238108187,0.035894312730273485,550-600,0.0
8831,510.3267667162954,0.13703575546989577,500-550,1.0
8832,487.85642299226834,0.21065925102697308,450-500,0.0
8833,518.4144226596,0.11639753445171948,500-550,0.0
8834,530.7770982445516,0.09008197974588378,500-550,0.0
8835,529.1241891702173,0.09326172518504164,500-550,0.0
8836,535.5490437867746,0.08144381184708364,500-550,0.0
8837,429.5892976896471,0.5063247266373893,<450,1.0
8838,567.3269897364968,0.04081179500865435,550-600,0.0
8839,482.2496571686158,0.23300642421423087,450-500,1.0
8840,611.2801846933526,0.015177451290687339,600-650,0.0
8841,516.6556201395737,0.1206426017115261,500-550,0.0
8842,495.2481824389033,0.18366039090560765,450-500,0.0
8843,526.6740926881479,0.09816031090589096,500-550,0.0
8844,500.4219793049234,0.16641067365410234,500-550,0.0
8845,460.1539087954323,0.3360621994293607,450-500,0.0
8846,527.1221544290793,0.09724766869585666,500-550,0.0
8847,499.4400918356579,0.1695815528537288,450-500,1.0
8848,538.8865947467484,0.07585793321648743,500-550,0.0
8849,535.416884018705,0.08167254144817228,500-550,0.0
8850,521.9870712740887,0.10817287952889591,500-550,0.0
8851,493.87450543750344,0.18846680100595226,450-500,1.0
8852,565.2971010142448,0.04268782513786336,550-600,0.0
8853,513.330700936554,0.1290328771857014,500-550,0.0
8854,575.5753066446209,0.033970798966107156,550-600,0.0
8855,489.70040760897245,0.20366210907067148,450-500,0.0
8856,542.1873473167093,0.07068153636975832,500-550,0.0
8857,542.1169707349101,0.07078841874817798,500-550,0.0
8858,522.7931497966019,0.10638922644374592,500-550,1.0
8859,470.03064494462507,0.28718541775984247,450-500,0.0
8860,555.0965162411256,0.053426981009969836,550-600,0.0
8861,465.06746449752785,0.3112205156081198,450-500,0.0
8862,514.3259042609865,0.12647069296250188,500-550,0.0
8863,517.3377961991922,0.11898045704069299,500-550,1.0
8864,528.332227676079,0.09482065231738962,500-550,0.0
8865,514.0418009359882,0.12719765628210247,500-550,1.0
8866,465.500167532944,0.3090814698654418,450-500,0.0
8867,492.4748766474226,0.1934627438409572,450-500,0.0
8868,530.7569558828893,0.09012013353147341,500-550,0.0
8869,567.414319831339,0.04073288077976041,550-600,0.0
8870,534.5924350262696,0.0831126757696562,500-550,0.0
8871,455.17883724406727,0.3621733321928798,450-500,0.0
8872,497.5338264683096,0.17587456605745735,450-500,0.0
8873,512.4297206440295,0.13139049100562314,500-550,1.0
8874,508.85959801542975,0.14109406888659107,500-550,0.0
8875,471.7114502558578,0.27930168454338633,450-500,0.0
8876,535.4851262153747,0.08155436133731031,500-550,0.0
8877,523.9963557749004,0.10377504232243319,500-550,0.0
8878,493.73319089788936,0.18896669025447815,450-500,0.0
8879,503.56829536002294,0.15656949609741413,500-550,0.0
8880,503.51821545419836,0.15672235711049726,500-550,0.0
8881,479.1007002086795,0.24626065829947807,450-500,0.0
8882,476.44825049116815,0.25781209541014455,450-500,1.0
8883,500.1597623514186,0.16725279676380309,500-550,0.0
8884,525.4045855832044,0.10078768799924796,500-550,0.0
8885,488.4748660588278,0.2082930601164561,450-500,0.0
8886,545.3171875783586,0.06607647555001693,500-550,0.0
8887,529.8452906811106,0.09186232190300322,500-550,0.0
8888,467.2992734734694,0.3002757330419527,450-500,0.0
8889,471.4422815297715,0.28055526139986153,450-500,0.0
8890,505.07992736992196,0.15201243461758238,500-550,0.0
8891,521.8985189970012,0.10837041775823127,500-550,0.0
8892,542.639538247826,0.06999833454165047,500-550,0.0
8893,502.27930049764115,0.16054273146396195,500-550,0.0
8894,532.50632550461,0.08686028418810088,500-550,0.0
8895,487.35292165575106,0.21260017838192732,450-500,0.0
8896,497.13282471242115,0.17722151115596255,450-500,0.0
8897,502.8141290627347,0.15888434936189855,500-550,0.0
8898,450.03560059484533,0.39004819176703864,450-500,0.0
8899,562.9138200228199,0.04499564031213416,550-600,0.0
8900,530.7359809917655,0.09015987977327969,500-550,0.0
8901,495.0463209335175,0.18436069156057472,450-500,0.0
8902,553.6712860172577,0.05511702546121333,550-600,0.0
8903,475.10909100205544,0.26377675187303523,450-500,0.0
8904,508.0175566154669,0.14346829110760834,500-550,0.0
8905,531.2325962463018,0.08922305061920514,500-550,0.0
8906,533.3163102659823,0.08538735451447357,500-550,0.0
8907,532.7412372895499,0.0864307540221145,500-550,0.0
8908,516.8346031730842,0.12020457480726082,500-550,1.0
8909,523.5058405095363,0.1048338488890025,500-550,0.0
8910,466.9311506757305,0.3020658435899361,450-500,0.0
8911,517.8046537848,0.1178543897607376,500-550,0.0
8912,560.2892928712176,0.04767447162762067,550-600,0.0
8913,499.5057558657795,0.16936800776063027,450-500,0.0
8914,531.7074954027319,0.08833540975045251,500-550,0.0
8915,479.05062030285495,0.2464754964519262,450-500,0.0
8916,509.85182592801374,0.13833861993069677,500-550,0.0
8917,529.5909431432658,0.09235375285668637,500-550,0.0
8918,506.91823370769106,0.14661789617920862,500-550,1.0
8919,511.9337545031752,0.13270383447173068,500-550,0.0
8920,555.5447508028317,0.052905646466975736,550-600,0.0
8921,474.2414979967916,0.26768797918935266,450-500,0.0
8922,540.4483066624719,0.0733667699119969,500-550,0.0
8923,490.3544140946115,0.20122235938723365,450-500,0.0
8924,504.29091749967364,0.15437730311447134,500-550,1.0
8925,509.43938498670894,0.13947845519973484,500-550,0.0
8926,517.3686176189344,0.11890582931954685,500-550,0.0
8927,459.8603319986799,0.33757734559860453,450-500,0.0
8928,522.7337152652192,0.10651985070143767,500-550,0.0
8929,541.3495260576337,0.07196368037499971,500-550,0.0
8930,538.8351458703511,0.07594130878651498,500-550,0.0
8931,513.2199657331262,0.12932068608412592,500-550,1.0
8932,511.3963334187447,0.13413948731238654,500-550,0.0
8933,530.1421553380846,0.09129171628966871,500-550,0.0
8934,530.7359809917655,0.09015987977327969,500-550,0.0
8935,477.1523368826318,0.25471160728014114,450-500,0.0
8936,538.5335827125922,0.07643170087482212,500-550,0.0
8937,561.2463574117803,0.046680493343398216,550-600,0.0
8938,525.4045855832044,0.10078768799924796,500-550,0.0
8939,471.098691018317,0.2821604134645943,450-500,0.0
8940,499.72705931600245,0.16864988632979552,450-500,0.0
8941,518.2428329813882,0.11680590694478965,500-550,0.0
8942,543.1025784463995,0.06930507336979788,500-550,0.0
8943,523.4492499436509,0.10495661480721463,500-550,0.0
8944,515.1053288055605,0.12449453156659437,500-550,0.0
8945,486.30550967377746,0.21667952385033215,450-500,1.0
8946,513.7122116317565,0.12804547873310812,500-550,1.0
8947,504.26994260854974,0.15444057878307899,500-550,0.0
8948,466.1115859998402,0.30607286175290344,450-500,0.0
8949,448.5239685849463,0.398388666049183,<450,0.0
8950,512.150499716033,0.13212851957888544,500-550,0.0
8951,498.9728930187142,0.17110711212156496,450-500,0.0
8952,477.3285677435239,0.2539394155930716,450-500,1.0
8953,499.2324234588443,0.1702583186680585,450-500,0.0
8954,528.4726921783915,0.09454246503381952,500-550,0.0
8955,502.32865960811927,0.16038909559201645,500-550,1.0
8956,482.9731428539889,0.23003236423347603,450-500,0.0
8957,529.1742690760418,0.09316392296586037,500-550,0.0
8958,483.0232227598135,0.22982748712662154,450-500,0.0
8959,520.9444704005338,0.11051883002250962,500-550,0.0
8960,467.40609146401215,0.2997574326464094,450-500,0.0
8961,510.0898791417754,0.1376842939191924,500-550,0.0
8962,512.150499716033,0.13212851957888544,500-550,0.0
8963,516.4673761234659,0.1211047783374104,500-550,0.0
8964,486.9147424591629,0.2142998955822239,450-500,0.0
8965,474.4849948877195,0.26658655586062824,450-500,1.0
8966,521.8916738652564,0.10838570074135481,500-550,0.0
8967,530.6859010859408,0.09025484225807442,500-550,0.0
8968,530.6859010859408,0.09025484225807442,500-550,0.0
8969,533.2662303601577,0.0854777625061448,500-550,0.0
8970,480.95233122863766,0.2384061263554963,450-500,0.0
8971,483.67392066438424,0.22717712643906285,450-500,0.0
8972,499.2324234588443,0.1702583186680585,450-500,0.0
8973,476.0153469601954,0.2597305970819279,450-500,0.0
8974,535.771009903275,0.08106096725579195,500-550,0.0
8975,510.27668681047084,0.13717264706879925,500-550,0.0
8976,485.3458933178907,0.2204663731751951,450-500,1.0
8977,561.8510047869413,0.04606271660208005,550-600,0.0
8978,515.470185574948,0.12357860511861757,500-550,0.0
8979,540.658727211904,0.07303693327094121,500-550,0.0
8980,517.7103362681363,0.11808113817103419,500-550,0.0
8981,532.5366987685571,0.08680463892062187,500-550,0.0
8982,495.28392184453907,0.18353661832395035,450-500,1.0
8983,440.89783105760466,0.44127667499249446,<450,0.0
8984,516.3236474183591,0.12145868806270696,500-550,0.0
8985,546.2088024338641,0.06481650758364235,500-550,1.0
8986,504.23300979367883,0.1545520467870177,500-550,0.0
8987,493.68647052317976,0.18913218349829214,450-500,0.0
8988,530.4328014288017,0.09073615422487794,500-550,0.0
8989,477.3786476493484,0.253720262178886,450-500,0.0
8990,457.55482684396713,0.3495902790301484,450-500,1.0
8991,502.9685876779029,0.15840800136135527,500-550,0.0
8992,477.4642944022905,0.2533457549838578,450-500,0.0
8993,541.4459491298413,0.07181503568991837,500-550,0.0
8994,421.53720859346004,0.5526399660049266,<450,1.0
8995,501.8709288690643,0.1618184034448245,500-550,0.0
8996,572.9832089004861,0.03599201095178319,550-600,0.0
8997,455.98652633268244,0.35787361992192374,450-500,0.0
8998,514.8630815412791,0.12510587439971216,500-550,0.0
8999,566.7198857028279,0.041364452489454875,550-600,0.0
9000,499.01530053653335,0.17096818930875887,450-500,1.0
9001,478.98971867555014,0.2467369286772977,450-500,0.0
9002,538.6411635009282,0.07625642415174183,500-550,0.0
9003,516.2766612596953,0.12157457737560497,500-550,1.0
9004,515.1011996153752,0.12450493061954798,500-550,1.0
9005,542.5363900380585,0.07015363846197269,500-550,0.0
9006,533.2662303601577,0.0854777625061448,500-550,0.0
9007,546.1587225280396,0.06488668039290595,500-550,1.0
9008,530.3975271598447,0.09080341740245979,500-550,0.0
9009,522.3213248557879,0.10743009135382482,500-550,0.0
9010,554.6283505578203,0.05397667026319364,550-600,1.0
9011,510.0397992359508,0.13782172990691008,500-550,1.0
9012,554.1398651591097,0.05455590000944263,550-600,0.0
9013,546.8667175656175,0.06390116276903611,500-550,0.0
9014,624.2153732118089,0.011300796563079613,600-650,0.0
9015,531.7378830273382,0.08827888412852065,500-550,0.0
9016,541.5098667012412,0.07171665728787763,500-550,1.0
9017,540.7919426442022,0.07282882324481306,500-550,0.0
9018,478.2742812857085,0.2498220249171722,450-500,0.0
9019,506.1985631919303,0.14871064839945947,500-550,0.0
9020,542.2335200274588,0.07061149393711656,500-550,0.0
9021,506.5825284235949,0.14759105280667204,500-550,0.0
9022,487.1475510737403,0.2133955923737645,450-500,0.0
9023,570.0946411280247,0.03838075189137816,550-600,0.0
9024,515.2805121430412,0.12405403151019578,500-550,0.0
9025,543.0787158425134,0.06934064448996241,500-550,0.0
9026,520.6595193195377,0.11116770503652977,500-550,0.0
9027,593.8875713345703,0.022515116140250705,550-600,0.0
9028,470.857063867596,0.2832925551607013,450-500,0.0
9029,485.703191167173,0.2190508782480183,450-500,0.0
9030,532.013229568678,0.08776818495570018,500-550,0.0
9031,558.9222839820012,0.04912912507930897,550-600,0.0
9032,513.7688801331421,0.12789936450741216,500-550,1.0
9033,560.3393727770423,0.04762196528915584,550-600,0.0
9034,518.590145800046,0.11598060996711478,500-550,0.0
9035,511.3337995888795,0.13430738834518183,500-550,0.0
9036,510.55591231947744,0.1364108596044787,500-550,0.0
9037,484.79112549126,0.22267715353926693,450-500,0.0
9038,483.67722924545257,0.22716370554344878,450-500,1.0
9039,486.0686220992575,0.2176099389105134,450-500,0.0
9040,521.5515744342026,0.10914742080684972,500-550,0.0
9041,576.4793128104427,0.0332919877287063,550-600,0.0
9042,471.6991052675589,0.27935910270556086,450-500,0.0
9043,534.8780221817059,0.0826112212908229,500-550,0.0
9044,547.5904990259577,0.06290810083807315,500-550,0.0
9045,464.4825560266097,0.31412482785123175,450-500,0.0
9046,504.2393169650917,0.15453300627532005,500-550,0.0
9047,502.36644979655523,0.16027154971953012,500-550,0.0
9048,496.87599787636395,0.17808842376729717,450-500,0.0
9049,450.03560059484533,0.39004819176703864,450-500,0.0
9050,529.0363710929194,0.09343344955785794,500-550,0.0
9051,470.03064494462507,0.28718541775984247,450-500,1.0
9052,473.2610209327868,0.2721521379203977,450-500,1.0
9053,536.014806256306,0.08064236160308359,500-550,0.0
9054,580.643064425701,0.030331048709459806,550-600,0.0
9055,569.2753530625445,0.03908553588597745,550-600,0.0
9056,490.3544140946115,0.20122235938723365,450-500,0.0
9057,571.1939640358006,0.03745421963116294,550-600,0.0
9058,563.2488661179563,0.044664161803773576,550-600,0.0
9059,526.2331412311119,0.09906591449886233,500-550,0.0
9060,460.0970158236956,0.33635556113581855,450-500,0.0
9061,491.24653540039895,0.1979296866791521,450-500,0.0
9062,517.8925640258229,0.11764338483148647,500-550,0.0
9063,517.0284338843225,0.1197317603942521,500-550,1.0
9064,505.4132110141999,0.15102246365785038,500-550,1.0
9065,469.32655855316136,0.2905271038994288,450-500,0.0
9066,521.9485989028258,0.1082586629747747,500-550,0.0
9067,420.31369397347345,0.5596180818514362,<450,0.0
9068,581.2268452415697,0.029936849430068815,550-600,0.0
9069,482.4024848100736,0.23237596638864091,450-500,0.0
9070,527.2314123301028,0.09702627598343179,500-550,0.0
9071,523.4602309127248,0.10493278309487007,500-550,0.0
9072,568.4932488058218,0.039769904519576973,550-600,0.0
9073,541.4459491298413,0.07181503568991837,500-550,0.0
9074,537.6584716020178,0.07787126316243036,500-550,1.0
9075,488.54041426779725,0.2080434211462286,450-500,0.0
9076,520.7643525162653,0.11092859794485178,500-550,0.0
9077,485.68446133281725,0.21912491693032696,450-500,0.0
9078,486.44346468227667,0.21613901022855037,450-500,0.0
9079,454.64398795812696,0.36503282862618475,450-500,0.0
9080,496.4630375836149,0.17948932000122253,450-500,1.0
9081,525.280655331394,0.10104749311374434,500-550,0.0
9082,538.9958526477719,0.07568115374809221,500-550,1.0
9083,503.6544084941736,0.15630693325572886,500-550,0.0
9084,523.6602991247045,0.10449941595940818,500-550,0.0
9085,460.6145553213448,0.3336916016752959,450-500,0.0
9086,452.6956246320793,0.3755289850717241,450-500,0.0
9087,495.3388097141964,0.18334665677651932,450-500,0.0
9088,495.2380714412176,0.18369541901399744,450-500,0.0
9089,487.53037469888847,0.21191463563979018,450-500,0.0
9090,509.837214022358,0.1383788679172245,500-550,0.0
9091,567.9165906682803,0.04028184243238892,550-600,0.0
9092,554.9082299035069,0.05364741655581862,550-600,0.0
9093,502.7583105986507,0.15905677822446182,500-550,0.0
9094,501.47497415463204,0.16306308554893195,500-550,0.0
9095,522.3615591955747,0.10734098456780895,500-550,0.0
9096,462.78733104243145,0.3226243861822973,450-500,0.0
9097,521.8985189970012,0.10837041775823127,500-550,0.0
9098,532.4790084422204,0.08691035791594122,500-550,0.0
9099,464.7804970171832,0.3126435901678856,450-500,0.0
9100,508.53178883680175,0.14201443319249824,500-550,0.0
9101,510.234464787279,0.13728814877027526,500-550,0.0
9102,523.8080694372818,0.10418034691604082,500-550,0.0
9103,501.00180375138143,0.16456059140411206,500-550,1.0
9104,547.7376306356114,0.06270799779029018,500-550,0.0
9105,514.3792927478794,0.12633447979820547,500-550,0.0
9106,474.93992706233746,0.2645364807762707,450-500,0.0
9107,518.8109692422714,0.11545851977215635,500-550,0.0
9108,508.15551162396605,0.1430770473511228,500-550,0.0
9109,456.5098566433917,0.3550997933235423,450-500,1.0
9110,470.8232990067014,0.28345097867932006,450-500,0.0
9111,561.3496665569041,0.04657438561657292,550-600,0.0
9112,539.3494086490241,0.0751116890420835,500-550,0.0
9113,533.9267228807195,0.08429234178283042,500-550,0.0
9114,479.44088394329157,0.24480464125588075,450-500,0.0
9115,502.75746056134903,0.1590594052479401,500-550,0.0
9116,513.7434349330052,0.1279649548760421,500-550,0.0
9117,440.8477511517801,0.4415619770779897,<450,0.0
9118,475.0057164959901,0.26424084869314685,450-500,1.0
9119,512.9983934064082,0.1298982099370832,500-550,0.0
9120,496.39393559220747,0.1797245755222586,450-500,1.0
9121,491.24653540039895,0.1979296866791521,450-500,0.0
9122,476.59762594311553,0.2571522574309085,450-500,1.0
9123,532.4150908708204,0.08702762452620968,500-550,0.0
9124,479.5854695887952,0.24418756639261213,450-500,0.0
9125,451.6166956575964,0.38139279536179604,450-500,0.0
9126,605.7375479852319,0.017215351383795416,600-650,0.0
9127,482.115517329729,0.23356077004228804,450-500,0.0
9128,511.81193170110646,0.1330281237731068,500-550,1.0
9129,492.390407609657,0.19376745144168311,450-500,0.0
9130,564.2471372169471,0.04369026800115641,550-600,0.0
9131,451.6166956575964,0.38139279536179604,450-500,0.0
9132,480.67329502519397,0.23957869202057358,450-500,0.0
9133,482.68170573807015,0.23122717476576013,450-500,0.0
9134,524.8869984117646,0.10187669473967062,500-550,0.0
9135,533.8733343938266,0.08438760373751561,500-550,0.0
9136,507.7806690409469,0.1441421874183523,500-550,0.0
9137,503.51821545419836,0.15672235711049726,500-550,0.0
9138,543.0577409513894,0.06937192495380051,500-550,0.0
9139,514.237685571292,0.1266960456891261,500-550,0.0
9140,504.26994260854974,0.15444057878307899,500-550,0.0
9141,441.0846387263001,0.4402127869079529,<450,0.0
9142,479.6767042225848,0.2437987297095585,450-500,0.0
9143,540.3952136896896,0.07345021020371086,500-550,0.0
9144,530.884672607222,0.08987845805718853,500-550,1.0
9145,496.91004409472407,0.17797331089503038,450-500,0.0
9146,513.4252441514119,0.12878758441046914,500-550,0.0
9147,539.8378940477347,0.07433137331832312,500-550,0.0
9148,451.903663137941,0.37982971480415495,450-500,1.0
9149,541.4960290356659,0.07173794490750102,500-550,0.0
9150,611.1692031602232,0.015215826589155025,600-650,0.0
9151,536.0648861621305,0.08055661741273135,500-550,0.0
9152,487.2461732485408,0.21301335171490252,450-500,0.0
9153,513.7688801331421,0.12789936450741216,500-550,1.0
9154,563.1017863387659,0.044809387859355516,550-600,0.0
9155,453.311892946245,0.37219584594579896,450-500,1.0
9156,479.161663015295,0.24599930371799086,450-500,0.0
9157,493.34710915312166,0.19033760729252802,450-500,0.0
9158,499.96762550089494,0.16787201356331158,450-500,0.0
9159,541.4459491298413,0.07181503568991837,500-550,0.0
9160,520.7377265685709,0.1109892846269326,500-550,0.0
9161,530.4656034878769,0.09067364546311149,500-550,0.0
9162,478.73679755182786,0.2478246362035366,450-500,0.0
9163,493.04513489064254,0.19141516433455863,450-500,0.0
9164,464.30171522494896,0.3150257448194134,450-500,0.0
9165,511.65159105749893,0.13345596894341272,500-550,1.0
9166,521.8985189970012,0.10837041775823127,500-550,0.0
9167,502.82222817005066,0.15885934300235846,500-550,0.0
9168,493.95211952538057,0.18819267941606801,450-500,0.0
9169,505.99089481511675,0.1493190994531058,500-550,0.0
9170,462.56808719688894,0.32373240677619014,450-500,0.0
9171,543.0304143800474,0.06941269745253129,500-550,1.0
9172,463.9431951934214,0.31681594418105846,450-500,0.0
9173,537.4179054171253,0.07827132453918116,500-550,0.0
9174,522.4116391013994,0.10723016369716656,500-550,1.0
9175,533.7295835884129,0.08464458669534325,500-550,1.0
9176,495.99898920507655,0.18107377950187048,450-500,0.0
9177,542.3921269311887,0.07037138094238983,500-550,0.0
9178,501.4866182081564,0.16302637275722615,500-550,1.0
9179,509.8682095577391,0.13829350347861905,500-550,0.0
9180,503.56829536002294,0.15656949609741413,500-550,0.0
9181,536.3565470058145,0.08005890200219706,500-550,0.0
9182,477.1022569768072,0.2549313244693895,450-500,0.0
9183,515.3051468487288,0.12399219473225896,500-550,0.0
9184,484.8251717096201,0.22254102304359724,450-500,0.0
9185,510.3267667162954,0.13703575546989577,500-550,1.0
9186,533.9898836863753,0.08417976900827082,500-550,0.0
9187,514.8007195645414,0.12526366890082988,500-550,1.0
9188,457.55482684396713,0.3495902790301484,450-500,0.0
9189,560.3393727770423,0.04762196528915584,550-600,0.0
9190,483.9641967257972,0.22600178393941703,450-500,1.0
9191,432.0692655247563,0.4920008906104443,<450,1.0
9192,491.96620591615965,0.1953031986529288,450-500,0.0
9193,538.4637104577909,0.07654573858454512,500-550,0.0
9194,473.0742132640913,0.2730079489943325,450-500,0.0
9195,498.77367338581234,0.171760934853006,450-500,0.0
9196,570.821480853971,0.037765722895110994,550-600,0.0
9197,497.3921109598906,0.1763496591445759,450-500,0.0
9198,492.2906569027113,0.19412775435743382,450-500,0.0
9199,548.0176128174182,0.06232885384372635,500-550,0.0
9200,529.2646536725297,0.09298764168141292,500-550,0.0
9201,502.3442437324163,0.16034061293529292,500-550,0.0
9202,577.715547817553,0.032384877669268654,550-600,0.0
9203,502.8141290627347,0.15888434936189855,500-550,0.0
9204,562.186968380666,0.04572282846136034,550-600,0.0
9205,462.61816710271347,0.32347913672086814,450-500,1.0
9206,491.24653540039895,0.1979296866791521,450-500,0.0
9207,499.7195689062216,0.16867415269343938,450-500,1.0
9208,541.7444285439201,0.07135669729331347,500-550,1.0
9209,538.9958526477719,0.07568115374809221,500-550,0.0
9210,495.99568062400823,0.18108511542567313,450-500,0.0
9211,472.0784939804246,0.2775978226393257,450-500,1.0
9212,540.5173201521566,0.07325843959174304,500-550,1.0
9213,509.5767590373772,0.1390979323470269,500-550,0.0
9214,492.44012451838364,0.1935880620797414,450-500,0.0
9215,525.668077005112,0.10023727984952516,500-550,0.0
9216,575.5706260775803,0.03397434808525989,550-600,0.0
9217,518.0058885197537,0.11737186295246721,500-550,0.0
9218,453.5532501563392,0.37089373001570247,450-500,1.0
9219,451.1406378539157,0.38399124268229967,450-500,0.0
9220,536.525784111338,0.07977138975956462,500-550,0.0
9221,496.4768752491903,0.179442239033332,450-500,1.0
9222,533.9372519652266,0.08427356609469532,500-550,0.0
9223,485.8657808813598,0.2184089205924232,450-500,0.0
9224,543.0286359366888,0.06941535174009776,500-550,0.0
9225,512.5652384521406,0.13103355712138856,500-550,0.0
9226,513.2806210307294,0.12916297088464798,500-550,0.0
9227,547.365032033148,0.06321589824817411,500-550,0.0
9228,503.56829536002294,0.15656949609741413,500-550,0.0
9229,573.2384535404852,0.03578795017825237,550-600,0.0
9230,559.0659093026882,0.04897433394149742,550-600,0.0
9231,441.87461378156337,0.4357199826185948,<450,1.0
9232,540.3952136896896,0.07345021020371086,500-550,0.0
9233,473.2610209327868,0.2721521379203977,450-500,0.0
9234,543.0076610455649,0.06944666339051472,500-550,0.0
9235,491.19645549457437,0.1981134432438836,450-500,0.0
9236,510.3267667162954,0.13703575546989577,500-550,0.0
9237,563.2034667791723,0.04470894101414931,550-600,0.0
9238,514.6621880376612,0.1256148053973443,500-550,0.0
9239,551.7326470371112,0.05749678206336363,550-600,0.0
9240,533.8733343938266,0.08438760373751561,500-550,0.0
9241,506.101521686713,0.14899471686048277,500-550,0.0
9242,482.1655972355536,0.23335370279233233,450-500,0.0
9243,478.6639688925308,0.2481384372059564,450-500,0.0
9244,514.9434030747283,0.12490288786638702,500-550,1.0
9245,532.6122238745186,0.08666641314161401,500-550,0.0
9246,542.6514131786581,0.06998047560935135,500-550,0.0
9247,543.6636362072561,0.06847357748003968,500-550,0.0
9248,530.1270634244314,0.09132064747789063,500-550,1.0
9249,507.83074894677145,0.1439995013402944,500-550,0.0
9250,593.7429482138879,0.022588774026107816,550-600,0.0
9251,484.6944386475758,0.22306407038692816,450-500,0.0
9252,552.1596540073588,0.0569644652744171,550-600,0.0
9253,504.6565940188739,0.15327755700723442,500-550,1.0
9254,496.66470135062673,0.178804137822722,450-500,1.0
9255,584.7532446828321,0.027659194631137102,550-600,0.0
9256,521.8985189970012,0.10837041775823127,500-550,0.0
9257,511.76185179528187,0.1331616297122345,500-550,0.0
9258,495.6957966558429,0.18211488001386703,450-500,1.0
9259,479.0693610862786,0.2463950854639904,450-500,0.0
9260,522.3615591955747,0.10734098456780895,500-550,0.0
9261,560.1385697522983,0.04783282947630953,550-600,0.0
9262,490.35915367081253,0.20120475861822615,450-500,1.0
9263,572.0515895600605,0.03674635930610263,550-600,0.0
9264,537.8032808575977,0.07763134896380217,500-550,0.0
9265,522.2706750666457,0.10754235768987352,500-550,0.0
9266,488.2077937079698,0.2093124808331684,450-500,0.0
9267,485.5324972370818,0.21972629361361914,450-500,0.0
9268,533.6617096476024,0.084766171444692,500-550,0.0
9269,501.76086975873983,0.16216360253401663,500-550,0.0
9270,523.4602309127248,0.10493278309487007,500-550,0.0
9271,484.02086522718287,0.2257728332670972,450-500,1.0
9272,465.01738459170326,0.31146860657848574,450-500,0.0
9273,523.9232711112984,0.10393219832715038,500-550,0.0
9274,513.7688801331421,0.12789936450741216,500-550,0.0
9275,498.39038205888147,0.17302443334429612,450-500,0.0
9276,497.53006596838975,0.1758871599034145,450-500,0.0
9277,491.9984641822088,0.19518609020621866,450-500,0.0
9278,466.93782535184175,0.30203333207416466,450-500,1.0
9279,557.2431366277673,0.05097355500034264,550-600,0.0
9280,521.8985189970012,0.10837041775823127,500-550,0.0
9281,491.24653540039895,0.1979296866791521,450-500,0.0
9282,502.7583105986507,0.15905677822446182,500-550,0.0
9283,477.5654553180439,0.2529038797826298,450-500,0.0
9284,511.86353223568835,0.13289068259686665,500-550,1.0
9285,473.21073727745784,0.27238233422001373,450-500,1.0
9286,517.4244406640285,0.1187707683922307,500-550,0.0
9287,522.3615591955747,0.10734098456780895,500-550,0.0
9288,522.9980846759095,0.10593990550033533,500-550,0.0
9289,460.03803945595513,0.3366597988758389,450-500,1.0
9290,524.6501108372446,0.10237857901462384,500-550,0.0
9291,541.3996059634583,0.0718864423860361,500-550,0.0
9292,511.91361214151294,0.13275740670223718,500-550,1.0
9293,535.0554752248432,0.0823010247575445,500-550,0.0
9294,537.2577664009764,0.07853867740774295,500-550,0.0
9295,451.99153824061557,0.3793515651518625,450-500,1.0
9296,509.19775783598794,0.14014987272853774,500-550,0.0
9297,478.93146310315615,0.24698717662086384,450-500,1.0
9298,561.7347774495494,0.046180860511520205,550-600,0.0
9299,469.30452977125384,0.2906320251477754,450-500,1.0
9300,530.4779484761759,0.09065013046008688,500-550,0.0
9301,542.4535629602564,0.07027857665139653,500-550,0.0
9302,554.9082299035069,0.05364741655581862,550-600,0.0
9303,474.5429025937143,0.26632504362969467,450-500,0.0
9304,504.08563908138785,0.15499748528023538,500-550,0.0
9305,480.1796291831624,0.2416628324305638,450-500,0.0
9306,480.68083272487684,0.23954696525452088,450-500,0.0
9307,513.330700936554,0.1290328771857014,500-550,0.0
9308,541.4960290356659,0.07173794490750102,500-550,0.0
9309,479.64444595653566,0.24393616459488224,450-500,0.0
9310,500.2503896267117,0.16696135817678084,500-550,1.0
9311,512.3292754224714,0.13165558109291498,500-550,1.0
9312,467.3172324204982,0.30018855717978815,450-500,1.0
9313,551.016913953662,0.05839951941001664,550-600,0.0
9314,522.188139424343,0.10772552076551611,500-550,0.0
9315,451.6166956575964,0.38139279536179604,450-500,0.0
9316,503.56829536002294,0.15656949609741413,500-550,1.0
9317,519.3154029521244,0.11427355473926079,500-550,0.0
9318,483.10311915028905,0.22950089577459876,450-500,0.0
9319,504.75373140194944,0.1529865038984439,500-550,1.0
9320,475.6074395907813,0.26154678175299323,450-500,0.0
9321,510.0898791417754,0.1376842939191924,500-550,1.0
9322,530.8308983926001,0.08998014251724917,500-550,0.0
9323,468.02131881196186,0.29678222970796575,450-500,0.0
9324,505.07992736992196,0.15201243461758238,500-550,0.0
9325,493.04513489064254,0.19141516433455863,450-500,0.0
9326,526.1609725837498,0.09921483702054143,500-550,0.0
9327,531.4070025968342,0.08889613420521014,500-550,0.0
9328,505.13999442841686,0.15183362148675322,500-550,1.0
9329,522.8510048967191,0.10626220899283452,500-550,0.0
9330,531.9870709922616,0.08781658757322268,500-550,0.0
9331,526.4127162565861,0.09869621833602005,500-550,0.0
9332,521.9624365684011,0.10822780167588518,500-550,0.0
9333,456.7972176611765,0.3535808002767919,450-500,0.0
9334,526.9839479972852,0.09752836636671754,500-550,0.0
9335,543.9907836404722,0.06799301529902757,500-550,0.0
9336,512.1792838743447,0.13205227596528504,500-550,0.0
9337,548.0176128174182,0.06232885384372635,500-550,0.0
9338,562.1130258709552,0.045797429195067005,550-600,0.0
9339,529.4226685842962,0.09268017690737375,500-550,0.0
9340,460.98017447644463,0.33181599652352345,450-500,0.0
9341,554.3951097991088,0.05425251244000224,550-600,0.0
9342,495.99898920507655,0.18107377950187048,450-500,0.0
9343,552.1095741015341,0.05702665554333785,550-600,0.0
9344,593.7429482138879,0.022588774026107816,550-600,0.0
9345,589.6648245953475,0.024765419096691898,550-600,0.0
9346,501.3970402676936,0.16330897640282102,500-550,0.0
9347,567.3433733662221,0.04079697909739238,550-600,0.0
9348,510.0898791417754,0.1376842939191924,500-550,0.0
9349,523.7431262025066,0.10432046766310481,500-550,0.0
9350,526.5941414292835,0.0983239613383115,500-550,0.0
9351,533.2662303601577,0.0854777625061448,500-550,0.0
9352,504.90403139874763,0.1525370520661357,500-550,0.0
9353,520.2223875868624,0.11216959540861816,500-550,0.0
9354,545.4875650764845,0.06583396376142461,500-550,0.0
9355,552.1095741015341,0.05702665554333785,550-600,0.0
9356,506.4777887009369,0.1478957679105469,500-550,0.0
9357,453.4792550407508,0.37129273335428126,450-500,0.0
9358,509.0922120055667,0.14044400441823518,500-550,0.0
9359,568.5329292123012,0.039734907831995424,550-600,0.0
9360,503.56829536002294,0.15656949609741413,500-550,0.0
9361,421.44270285378093,0.5531797397738529,<450,1.0
9362,542.586469943883,0.07007819647717801,500-550,0.0
9363,534.613301585562,0.08307594322672374,500-550,0.0
9364,502.75746056134903,0.1590594052479401,500-550,0.0
9365,529.1241891702173,0.09326172518504164,500-550,0.0
9366,505.1488534151539,0.15180726385954257,500-550,0.0
9367,471.90948034671516,0.27838160924786387,450-500,0.0
9368,515.0299906524501,0.12468438225115965,500-550,0.0
9369,462.25044927624947,0.3253412048220967,450-500,0.0
9370,555.0052297768727,0.053533747370803,550-600,0.0
9371,590.0873876830017,0.02453070633480213,550-600,0.0
9372,548.5838012257594,0.06156866891519534,500-550,0.0
9373,519.8451474927579,0.11304054901353476,500-550,0.0
9374,521.9485989028258,0.1082586629747747,500-550,0.0
9375,484.79112549126,0.22267715353926693,450-500,0.0
9376,504.3200225143743,0.15428953613208551,500-550,0.0
9377,491.1061412489629,0.1984451549935639,450-500,0.0
9378,450.16557689114546,0.38933396116964014,450-500,0.0
9379,523.136049193361,0.10563836034863472,500-550,0.0
9380,595.3685777010114,0.02177420663648919,550-600,0.0
9381,520.2904639148946,0.11201304991876267,500-550,0.0
9382,529.1241891702173,0.09326172518504164,500-550,0.0
9383,495.94560071818364,0.18125676766391355,450-500,0.0
9384,457.6049067497917,0.3493272289395683,450-500,0.0
9385,519.7994325520341,0.1131464933859427,500-550,0.0
9386,516.7623964982648,0.1203811214298387,500-550,1.0
9387,491.9161260103351,0.19548511110809524,450-500,0.0
9388,553.6712860172577,0.05511702546121333,550-600,0.0
9389,492.04854408803334,0.19500438856405913,450-500,0.0
9390,433.6721608843886,0.4827483721756829,<450,0.0
9391,490.3544140946115,0.20122235938723365,450-500,0.0
9392,532.50632550461,0.08686028418810088,500-550,0.0
9393,579.3731900424227,0.031205973246900574,550-600,0.0
9394,549.7396653767494,0.06004359033345918,500-550,0.0
9395,530.6859010859408,0.09025484225807442,500-550,0.0
9396,548.4836459951204,0.06170250732081564,500-550,0.0
9397,568.7586320682431,0.03953640693145134,550-600,0.0
9398,505.0839101803787,0.1520005728738709,500-550,0.0
9399,473.381431207549,0.271601400447024,450-500,0.0
9400,522.7827767383028,0.10641201401511284,500-550,0.0
9401,521.1813579750537,0.1099819297452015,500-550,0.0
9402,499.4693110333643,0.16948650305392574,450-500,0.0
9403,526.2759918859252,0.09897758484139418,500-550,0.0
9404,509.2024974121889,0.1401366767357363,500-550,0.0
9405,510.0397992359508,0.13782172990691008,500-550,0.0
9406,554.0630947563833,0.05464746274744254,550-600,0.0
9407,535.4851262153747,0.08155436133731031,500-550,0.0
9408,479.5943660507111,0.24414963172599574,450-500,0.0
9409,530.4656034878769,0.09067364546311149,500-550,0.0
9410,503.56829536002294,0.15656949609741413,500-550,0.0
9411,478.31962161533215,0.2496257476207937,450-500,1.0
9412,436.7648879570386,0.4649348858749575,<450,0.0
9413,478.0326541349875,0.2508697584415822,450-500,0.0
9414,532.6122238745186,0.08666641314161401,500-550,0.0
9415,469.1189776208005,0.2915166814467807,450-500,0.0
9416,521.6016543400272,0.10903496273980087,500-550,0.0
9417,506.2594893785061,0.148532528397991,500-550,0.0
9418,452.74570453790386,0.3752576781551325,450-500,0.0
9419,502.32865960811927,0.16038909559201645,500-550,0.0
9420,491.24653540039895,0.1979296866791521,450-500,1.0
9421,533.3163102659823,0.08538735451447357,500-550,0.0
9422,509.2525773180135,0.1399973071207829,500-550,1.0
9423,507.6856262936477,0.14441330348297612,500-550,1.0
9424,546.888958598644,0.063870430664387,500-550,0.0
9425,491.76264390291556,0.19604342509724512,450-500,0.0
9426,532.3135620885987,0.08721418897084555,500-550,0.0
9427,518.0757672002208,0.11720470680127554,500-550,0.0
9428,533.9768027865441,0.08420307214423119,500-550,0.0
9429,490.4923691031107,0.20071052430413727,450-500,0.0
9430,480.8975117466121,0.23863617720946928,450-500,0.0
9431,581.4211882542639,0.029806723812318733,550-600,0.0
9432,532.3650109649959,0.08711960380574907,500-550,0.0
9433,485.5825771429064,0.2195279784859531,450-500,0.0
9434,483.16080055998606,0.22926531491845628,450-500,0.0
9435,477.1779081595992,0.25459946567462705,450-500,0.0
9436,513.2806210307294,0.12916297088464798,500-550,1.0
9437,508.63829456520676,0.1417148572009573,500-550,0.0
9438,542.586469943883,0.07007819647717801,500-550,0.0
9439,524.761092370374,0.10214317470018872,500-550,0.0
9440,484.02086522718287,0.2257728332670972,450-500,0.0
9441,567.4879590117257,0.04066645165918132,550-600,0.0
9442,515.0800705582747,0.12455815421236531,500-550,0.0
9443,465.99786165570816,0.3066312258041041,450-500,1.0
9444,565.8145451644749,0.04220191924927439,550-600,0.0
9445,511.77571415839043,0.13312466326804587,500-550,0.0
9446,499.67697941017786,0.16881218098446413,450-500,0.0
9447,486.14927997474945,0.21729281833607642,450-500,0.0
9448,447.8255395194005,0.40226260488143323,<450,0.0
9449,562.4784054965849,0.04542992223485096,550-600,0.0
9450,487.9065028980929,0.21046691203046722,450-500,0.0
9451,526.0780329267669,0.09938623189687057,500-550,1.0
9452,564.0588508793285,0.043872392591421436,550-600,0.0
9453,509.24783774181253,0.14001049212674818,500-550,0.0
9454,534.56465267487,0.08316160548159626,500-550,0.0
9455,528.4421915202912,0.0946028088145588,500-550,0.0
9456,505.2506213000131,0.1515047491917982,500-550,0.0
9457,513.6933550271807,0.12809413022473937,500-550,0.0
9458,539.3277643060775,0.07514643767414136,500-550,0.0
9459,462.9905269218623,0.32159924531277034,450-500,0.0
9460,494.83997447741916,0.18507868572113892,450-500,0.0
9461,530.7359809917655,0.09015987977327969,500-550,0.0
9462,417.2174578241985,0.5771660488886124,<450,0.0
9463,545.3171875783586,0.06607647555001693,500-550,0.0
9464,520.2311909923072,0.11214934070849164,500-550,0.0
9465,558.9222839820012,0.04912912507930897,550-600,0.0
9466,496.0902238388661,0.1807614073927435,450-500,0.0
9467,522.4116391013994,0.10723016369716656,500-550,0.0
9468,485.85917156495196,0.21843498989368387,450-500,0.0
9469,497.0943523411582,0.1773511625294019,450-500,0.0
9470,480.67329502519397,0.23957869202057358,450-500,0.0
9471,480.1295492773378,0.24187494661107134,450-500,1.0
9472,484.19002916690084,0.22509035897396545,450-500,0.0
9473,565.1830612155095,0.04279563081505683,550-600,0.0
9474,508.99482903537535,0.14071584601207068,500-550,0.0
9475,525.222973921697,0.10116861796928235,500-550,0.0
9476,535.3837622069334,0.0817299571880512,500-550,0.0
9477,488.924068591826,0.20658670703528637,450-500,0.0
9478,510.5971188779057,0.13629874135085465,500-550,0.0
9479,471.6490253617343,0.27959210504631193,450-500,1.0
9480,511.86353223568835,0.13289068259686665,500-550,0.0
9481,494.4873571951776,0.18631063601927347,450-500,1.0
9482,542.1670506407346,0.07071234604417935,500-550,0.0
9483,523.3237068993582,0.10522941733917354,500-550,0.0
9484,552.1596540073588,0.0569644652744171,550-600,0.0
9485,495.05039118842694,0.1843465505840968,450-500,0.0
9486,509.249713032103,0.1400052751407373,500-550,0.0
9487,514.6621880376612,0.1256148053973443,500-550,0.0
9488,497.2575085715665,0.17680183928649565,450-500,0.0
9489,536.983278623515,0.07899887976372903,500-550,0.0
9490,505.321924549947,0.15129308868786354,500-550,1.0
9491,503.5228186094216,0.15670830163599672,500-550,0.0
9492,471.6991052675589,0.27935910270556086,450-500,1.0
9493,523.5487831898123,0.10474077491515232,500-550,0.0
9494,522.9010848025437,0.10615236942691586,500-550,0.0
9495,477.9598825010671,0.25118587979152035,450-500,1.0
9496,511.31822038879903,0.1343492455422744,500-550,0.0
9497,552.5781532433862,0.056447250291832736,550-600,0.0
9498,521.6016543400272,0.10903496273980087,500-550,0.0
9499,491.24653540039895,0.1979296866791521,450-500,0.0
9500,539.6968925378022,0.07455584314139395,500-550,0.0
9501,506.32955027449594,0.14832792048880888,500-550,0.0
9502,476.39817058534356,0.2580335611458198,450-500,1.0
9503,565.0029163067177,0.04296645797515085,550-600,0.0
9504,560.9667734866857,0.046968805152866486,550-600,0.0
9505,548.0176128174182,0.06232885384372635,500-550,0.0
9506,520.0820350672778,0.11249294755507744,500-550,0.0
9507,491.9175570054677,0.19547991131860815,450-500,1.0
9508,522.4116391013994,0.10723016369716656,500-550,0.0
9509,520.3612605762845,0.11185045141091232,500-550,1.0
9510,488.0124012680015,0.21006061853020197,450-500,0.0
9511,470.5090429711979,0.2849280218293802,450-500,1.0
9512,535.4350463095501,0.08164107322408545,500-550,0.0
9513,459.61423288245487,0.33885003620371984,450-500,0.0
9514,521.524257371813,0.1092088061453476,500-550,1.0
9515,502.8642089685593,0.15872977654832465,500-550,0.0
9516,537.3078463068009,0.07845497911195105,500-550,0.0
9517,533.7029162060306,0.08469233793853326,500-550,0.0
9518,503.56829536002294,0.15656949609741413,500-550,0.0
9519,477.39764264372525,0.2536371713231761,450-500,0.0
9520,479.4909638491161,0.2445907867527994,450-500,0.0
9521,551.2584346121969,0.058093418649075905,550-600,0.0
9522,552.5781532433862,0.056447250291832736,550-600,0.0
9523,500.71758858191754,0.1654653826525259,500-550,0.0
9524,519.4861494657102,0.1138748600376109,500-550,1.0
9525,464.30171522494896,0.3150257448194134,450-500,0.0
9526,513.2806210307294,0.12916297088464798,500-550,0.0
9527,495.99568062400823,0.18108511542567313,450-500,1.0
9528,470.88827046888497,0.2831461825283785,450-500,0.0
9529,580.9993122926077,0.030089897602724982,550-600,0.0
9530,511.65825381740257,0.13343816720144508,500-550,0.0
9531,497.6774366806807,0.17539414872806428,450-500,0.0
9532,560.6823155001545,0.04726388016615648,550-600,0.0
9533,563.2417782150791,0.044671150072666095,550-600,0.0
9534,491.76295693259715,0.19604228517916011,450-500,1.0
9535,553.9309269262603,0.05480543632767209,550-600,0.0
9536,504.150582316163,0.15480106065724228,500-550,0.0
9537,517.6170171271888,0.11830585816070341,500-550,0.0
9538,502.8642089685593,0.15872977654832465,500-550,0.0
9539,544.4102029436206,0.06738148446684587,500-550,0.0
9540,544.600183346898,0.0671061674891745,500-550,0.0
9541,548.5248525535486,0.061647409719047926,500-550,0.0
9542,507.22242795241107,0.14574068004827656,500-550,0.0
9543,462.25044927624947,0.3253412048220967,450-500,0.0
9544,507.4365178644451,0.14512591428690763,500-550,0.0
9545,487.4737061975028,0.21213338355926384,450-500,0.0
9546,581.158971300759,0.029982425150982418,550-600,0.0
9547,511.48630947765776,0.13389821615844383,500-550,1.0
9548,506.9076431801163,0.14664851509929172,500-550,0.0
9549,447.0817462804113,0.40640160928015145,<450,1.0
9550,513.2806210307294,0.12916297088464798,500-550,0.0
9551,514.3224613754841,0.12647948130692394,500-550,0.0
9552,459.56415297663034,0.33910930853016974,450-500,1.0
9553,486.3150347770428,0.21664217268374025,450-500,0.0
9554,545.215507137952,0.06622160066138004,500-550,0.0
9555,501.00894097693,0.16453792146251953,500-550,0.0
9556,513.4252441514119,0.12878758441046914,500-550,0.0
9557,507.5598314008416,0.14477279381340635,500-550,0.0
9558,502.520572986829,0.15979287337991668,500-550,0.0
9559,518.8499370150571,0.11536660112693214,500-550,1.0
9560,442.7530990492339,0.4307361931562821,<450,1.0
9561,511.86115206067694,0.13289701969234674,500-550,1.0
9562,484.3920028640863,0.22427743599833277,450-500,0.0
9563,529.0275023265331,0.09345080779738453,500-550,0.0
9564,476.05728677623176,0.259544327258022,450-500,0.0
9565,504.6565940188739,0.15327755700723442,500-550,1.0
9566,478.27198349090565,0.2498319747606961,450-500,0.0
9567,536.3565470058145,0.08005890200219706,500-550,0.0
9568,527.2780808743491,0.09693184723638762,500-550,0.0
9569,547.1254915116309,0.06354444641544048,500-550,0.0
9570,494.57859182896715,0.18599128155955003,450-500,0.0
9571,539.7878141419102,0.07441102763599186,500-550,0.0
9572,515.6573913620937,0.12311089955824962,500-550,0.0
9573,579.2772597332767,0.03127305131573136,550-600,0.0
9574,462.300529182074,0.3250872811686714,450-500,0.0
9575,541.4960290356659,0.07173794490750102,500-550,0.0
9576,445.95273740010384,0.41270953645823893,<450,1.0
9577,485.42244024880324,0.22016256851478389,450-500,0.0
9578,514.6504195677433,0.1256446738031613,500-550,1.0
9579,542.4030136704039,0.07035492735311362,500-550,0.0
9580,498.0050067566714,0.17430220006974928,450-500,0.0
9581,541.4960290356659,0.07173794490750102,500-550,0.0
9582,523.1132863499262,0.10568806025932145,500-550,0.0
9583,522.9463772387551,0.10605311632806802,500-550,0.0
9584,510.3267667162954,0.13703575546989577,500-550,0.0
9585,499.72705931600245,0.16864988632979552,450-500,0.0
9586,488.47645437488643,0.20828700843950915,450-500,0.0
9587,545.4374851706599,0.06590516047877149,500-550,0.0
9588,589.6648245953475,0.024765419096691898,550-600,0.0
9589,491.8674770996431,0.19566194834869802,450-500,1.0
9590,459.943533716276,0.3371476021607236,450-500,0.0
9591,463.41773400894976,0.31944955255292407,450-500,0.0
9592,527.7029417568062,0.09607595413144832,500-550,1.0
9593,545.4875650764845,0.06583396376142461,500-550,0.0
9594,505.19144330481413,0.1516806010814282,500-550,1.0
9595,521.313610526083,0.10968317774957854,500-550,0.0
9596,450.48321481178493,0.38759051686379975,450-500,0.0
9597,498.19074713014004,0.17368542438232107,450-500,0.0
9598,484.34294139100274,0.22447471120618273,450-500,0.0
9599,527.1722343349038,0.09714613431250756,500-550,0.0
9600,545.5024156503712,0.06581286500668274,500-550,0.0
9601,485.15622136328477,0.22122045102722415,450-500,0.0
9602,503.51821545419836,0.15672235711049726,500-550,0.0
9603,490.7176737023401,0.19987670600337767,450-500,0.0
9604,470.80698396177144,0.28352754747144293,450-500,0.0
9605,496.04906911090114,0.18090226226647585,450-500,0.0
9606,470.8409427356789,0.2833681882547951,450-500,0.0
9607,536.3627795391143,0.0800482969648606,500-550,0.0
9608,524.7923962289811,0.10207686248332687,500-550,0.0
9609,605.3186409835396,0.01737987444948695,600-650,0.0
9610,451.34419986715983,0.38287932802827607,450-500,0.0
9611,568.5329292123012,0.039734907831995424,550-600,0.0
9612,478.6867222270133,0.24804037002902773,450-500,0.0
9613,561.4858979332976,0.04643481449903823,550-600,0.0
9614,496.2069706115717,0.18036229875731122,450-500,0.0
9615,483.72730915127715,0.2269606302770384,450-500,0.0
9616,508.0676365212915,0.14332616040427812,500-550,0.0
9617,510.8500970270046,0.13561211713287122,500-550,0.0
9618,505.1300072757465,0.15186334018550382,500-550,0.0
9619,478.31519478899037,0.24964490672129463,450-500,1.0
9620,556.2111692526772,0.05213941767912884,550-600,0.0
9621,491.80549913873887,0.19588741157419337,450-500,0.0
9622,479.9763457210166,0.2425246293529193,450-500,0.0
9623,566.4200051017588,0.041640074517516085,550-600,0.0
9624,491.24653540039895,0.1979296866791521,450-500,0.0
9625,495.99568062400823,0.18108511542567313,450-500,0.0
9626,492.15444457998774,0.19462057891791612,450-500,1.0
9627,498.39512163508243,0.17300876481334965,450-500,1.0
9628,458.5577010981812,0.3443401892663803,450-500,0.0
9629,462.8285421818698,0.322416334035483,450-500,0.0
9630,496.1403037446907,0.18059012079440193,450-500,0.0
9631,464.1297991126125,0.3158834928349368,450-500,0.0
9632,495.957375823165,0.18121639631263534,450-500,1.0
9633,535.771009903275,0.08106096725579195,500-550,0.0
9634,471.6490253617343,0.27959210504631193,450-500,0.0
9635,548.7778307026475,0.06131015692703833,500-550,0.0
9636,532.273683811073,0.08728756628353876,500-550,1.0
9637,502.47324525362296,0.15993974072002945,500-550,0.0
9638,592.3258594188469,0.023323074870646127,550-600,0.0
9639,515.0939082238501,0.12452329525675516,500-550,0.0
9640,497.27708781929084,0.17673600867671438,450-500,0.0
9641,493.6272925279808,0.18934196371179496,450-500,0.0
9642,515.9974501113479,0.12226520611359783,500-550,0.0
9643,541.4459491298413,0.07181503568991837,500-550,0.0
9644,491.24653540039895,0.1979296866791521,450-500,0.0
9645,462.25044927624947,0.3253412048220967,450-500,0.0
9646,491.19645549457437,0.1981134432438836,450-500,1.0
9647,553.6712860172577,0.05511702546121333,550-600,0.0
9648,488.924068591826,0.20658670703528637,450-500,0.0
9649,557.1930567219428,0.05102955868501987,550-600,0.0
9650,541.3021983244276,0.07203674405276132,500-550,0.0
9651,527.8909326320232,0.09569940152300027,500-550,0.0
9652,523.9733510171229,0.10382448742556383,500-550,0.0
9653,474.88984715651293,0.26476166227715026,450-500,0.0
9654,554.1398651591097,0.05455590000944263,550-600,0.0
9655,533.5055317790376,0.08504653985290879,500-550,0.0
9656,523.7431262025066,0.10432046766310481,500-550,0.0
9657,511.60817391157804,0.13357202125561227,500-550,0.0
9658,475.7555845431527,0.26088622720854354,450-500,1.0
9659,556.0278765117808,0.0523491106909763,550-600,0.0
9660,497.0292259919561,0.1775708070066674,450-500,0.0
9661,468.30899285942826,0.2953969266036876,450-500,0.0
9662,494.437277289353,0.18648611358952003,450-500,0.0
9663,471.6490253617343,0.27959210504631193,450-500,0.0
9664,418.2963867986814,0.5710709411442534,<450,0.0
9665,502.8642089685593,0.15872977654832465,500-550,0.0
9666,492.0607437787379,0.19496014464521397,450-500,1.0
9667,540.4983865682965,0.07328814492390988,500-550,0.0
9668,538.9461274034804,0.07576156233054314,500-550,0.0
9669,485.5825771429064,0.2195279784859531,450-500,0.0
9670,471.6490253617343,0.27959210504631193,450-500,0.0
9671,526.4487103274882,0.09862226429028255,500-550,0.0
9672,526.6740926881479,0.09816031090589096,500-550,0.0
9673,512.9061331092433,0.1301393308525538,500-550,0.0
9674,549.7396653767494,0.06004359033345918,500-550,0.0
9675,517.1887290576541,0.11934196442628386,500-550,0.0
9676,531.8055476942147,0.08815313486274125,500-550,0.0
9677,552.8519979517774,0.05611120409742589,550-600,0.0
9678,549.5292448273173,0.060318566971761876,500-550,0.0
9679,501.00894097693,0.16453792146251953,500-550,0.0
9680,549.6895854709248,0.060108927932402606,500-550,0.0
9681,533.0360325700647,0.08589444984087163,500-550,0.0
9682,549.5931623987171,0.060234915392083664,500-550,0.0
9683,527.1722343349038,0.09714613431250756,500-550,0.0
9684,525.255210131257,0.10110090946648197,500-550,0.0
9685,533.9234142996511,0.0842982424993879,500-550,0.0
9686,460.3386429744166,0.33511051255318336,450-500,1.0
9687,471.6991052675589,0.27935910270556086,450-500,0.0
9688,500.2590626168137,0.1669334889326948,500-550,0.0
9689,509.53061962049856,0.1392256402618421,500-550,0.0
9690,545.4875650764845,0.06583396376142461,500-550,0.0
9691,542.5628208612799,0.07011381286521597,500-550,0.0
9692,496.0029720155334,0.1810601342535882,450-500,1.0
9693,451.66677556342097,0.3811198375539003,450-500,0.0
9694,462.7488997711413,0.32281846765756833,450-500,0.0
9695,538.5732895601177,0.07636696524231486,500-550,1.0
9696,505.0839101803787,0.1520005728738709,500-550,0.0
9697,568.3252608354876,0.03991839143451548,550-600,0.0
9698,477.7797375922753,0.2519695707147654,450-500,1.0
9699,510.0898791417754,0.1376842939191924,500-550,0.0
9700,505.7509489749907,0.15002467499192343,500-550,0.0
9701,518.1842248695069,0.1169456751036443,500-550,0.0
9702,524.8563138003811,0.10194158181912914,500-550,0.0
9703,470.03064494462507,0.28718541775984247,450-500,1.0
9704,495.92332960480485,0.18133314408729082,450-500,0.0
9705,538.4456432897124,0.07657525118430508,500-550,0.0
9706,503.48430028729524,0.15682594679792,500-550,0.0
9707,528.4701826845782,0.09454742861985779,500-550,0.0
9708,541.5098667012412,0.07171665728787763,500-550,0.0
9709,509.64923613341097,0.1388975234840743,500-550,0.0
9710,474.93992706233746,0.2645364807762707,450-500,0.0
9711,552.1095741015341,0.05702665554333785,550-600,0.0
9712,539.4143518837993,0.07500751534795055,500-550,0.0
9713,499.5667186723949,0.1691699431369172,450-500,0.0
9714,555.3691278527143,0.053109336023262316,550-600,0.0
9715,490.8738797983132,0.19930013785649603,450-500,1.0
9716,490.40923357663706,0.20101885353963614,450-500,0.0
9717,458.48522400214745,0.34471835692653846,450-500,0.0
9718,551.4720712225641,0.057823913239383073,550-600,0.0
9719,509.6653113144647,0.13885310628468212,500-550,0.0
9720,464.7804970171832,0.3126435901678856,450-500,0.0
9721,516.5182884104163,0.12097962811636073,500-550,0.0
9722,464.1264905315441,0.31590001279907975,450-500,0.0
9723,518.799548660561,0.1154854711323486,500-550,1.0
9724,502.10572981438054,0.16108393529495382,500-550,1.0
9725,528.2821477702545,0.09492001170235922,500-550,0.0
9726,504.29270545198466,0.15437191031815664,500-550,0.0
9727,502.27930049764115,0.16054273146396195,500-550,0.0
9728,505.55881212446707,0.15059164284769716,500-550,0.0
9729,471.35108437116077,0.28098076385710546,450-500,0.0
9730,502.8642089685593,0.15872977654832465,500-550,0.0
9731,515.8060602469193,0.1227405573914066,500-550,0.0
9732,523.0390398110429,0.10585031191475368,500-550,0.0
9733,571.4924434498795,0.03720638848678625,550-600,0.0
9734,532.4265483613844,0.08700659347396761,500-550,0.0
9735,460.2852544875237,0.3353854143796911,450-500,1.0
9736,496.41295767779036,0.17965979143125327,450-500,0.0
9737,457.3803641635707,0.350507377395768,450-500,0.0
9738,454.0042368906637,0.3684657019853114,450-500,0.0
9739,511.9875546512237,0.13256083307465624,500-550,1.0
9740,504.75373140194944,0.1529865038984439,500-550,0.0
9741,496.435046419328,0.17958458602456734,450-500,0.0
9742,517.0284338843225,0.1197317603942521,500-550,0.0
9743,499.26353910943124,0.17015678001931406,450-500,0.0
9744,502.054224207187,0.16124481623814615,500-550,0.0
9745,500.25813421075674,0.16693647203687678,500-550,1.0
9746,495.94560071818364,0.18125676766391355,450-500,0.0
9747,509.62683894320173,0.13895942884181534,500-550,0.0
9748,593.3438255867143,0.022793274193470787,550-600,0.0
9749,482.3187591600232,0.2327212112863437,450-500,0.0
9750,536.8724317805659,0.07918542188441118,500-550,0.0
9751,493.93298984268114,0.18826021419947686,450-500,0.0
9752,445.2831467901677,0.4164643574054913,<450,0.0
9753,497.18952116528783,0.17703058043885758,450-500,0.0
9754,452.6956246320793,0.3755289850717241,450-500,0.0
9755,471.9744235814903,0.27808027965888393,450-500,0.0
9756,562.8080693275039,0.04510075081239913,550-600,0.0
9757,500.1781829518924,0.16719352701940723,500-550,0.0
9758,515.88761617671,0.12253780446098791,500-550,0.0
9759,543.493454578621,0.06872480779570402,500-550,0.0
9760,562.9596704261413,0.044950140057253306,550-600,0.0
9761,462.61816710271347,0.32347913672086814,450-500,0.0
9762,516.8955659796997,0.12005569372516296,500-550,1.0
9763,494.52851192314256,0.1861665271619209,450-500,0.0
9764,505.07992736992196,0.15201243461758238,500-550,0.0
9765,465.73756155774583,0.30791138283842023,450-500,0.0
9766,442.1368307350682,0.43423097576887737,<450,1.0
9767,476.4515590722365,0.25779746841533924,450-500,0.0
9768,451.0494032201261,0.3844899872763394,450-500,0.0
9769,511.5541834184683,0.13371645476740052,500-550,0.0
9770,480.45885011115894,0.24048251270082274,450-500,0.0
9771,491.2721066773663,0.19783590835061232,450-500,1.0
9772,530.4713687274532,0.0906626630256054,500-550,0.0
9773,477.3786476493484,0.253720262178886,450-500,1.0
9774,466.6931363061622,0.3032264777464516,450-500,1.0
9775,565.9099009414557,0.04211295420694034,550-600,0.0
9776,566.5809743769877,0.04149190900867879,550-600,0.0
9777,487.2977202502875,0.21281376421449674,450-500,0.0
9778,541.4459491298413,0.07181503568991837,500-550,0.0
9779,501.00180375138143,0.16456059140411206,500-550,0.0
9780,535.3953659030708,0.08170983832009293,500-550,0.0
9781,508.9982297801687,0.14070634552662545,500-550,0.0
9782,518.6392080169535,0.115864435819885,500-550,0.0
9783,540.6086473060794,0.07311531001742086,500-550,0.0
9784,541.2813883453465,0.07206889176489835,500-550,0.0
9785,511.48630947765776,0.13389821615844383,500-550,0.0
9786,467.8077893177138,0.29781291140586436,450-500,0.0
9787,540.0574351112605,0.07398310816086527,500-550,1.0
9788,500.6609200805319,0.16564626144275865,500-550,0.0
9789,540.8558602156021,0.07272916488870465,500-550,0.0
9790,471.88591293625433,0.27849100906786617,450-500,1.0
9791,506.99364299250044,0.14640002884600112,500-550,0.0
9792,538.0915174051424,0.07715582387655369,500-550,1.0
9793,463.2844491315813,0.3201194200218803,450-500,0.0
9794,515.6071864709113,0.12323617942194515,500-550,0.0
9795,522.5660977165676,0.10688899903800364,500-550,0.0
9796,462.17885974206257,0.3257043684833064,450-500,0.0
9797,472.368695877495,0.2762552098445127,450-500,1.0
9798,495.48256051961005,0.18284987195382998,450-500,0.0
9799,529.8452906811106,0.09186232190300322,500-550,0.0
9800,476.6316152743612,0.2570022702525505,450-500,0.0
9801,536.7280744438375,0.07942896175785596,500-550,0.0
9802,503.43264078478785,0.15698384146182837,500-550,0.0
9803,514.6121081318366,0.1257419504490773,500-550,0.0
9804,590.7797316274203,0.02415082331353917,550-600,0.0
9805,517.643684509571,0.11824160320019614,500-550,0.0
9806,507.83074894677145,0.1439995013402944,500-550,1.0
9807,545.0629972491738,0.06643982821901112,500-550,0.0
9808,486.32637038189563,0.21659772799565236,450-500,0.0
9809,476.34464779401657,0.25827038930240376,450-500,0.0
9810,499.795864275577,0.1684271119904442,450-500,0.0
9811,524.8869984117646,0.10187669473967062,500-550,0.0
9812,456.7972176611765,0.3535808002767919,450-500,1.0
9813,573.4767774624175,0.03559842303467833,550-600,0.0
9814,451.87705264267316,0.3799745550089428,450-500,1.0
9815,501.5662606188849,0.16277544488211573,500-550,0.0
9816,478.31519478899037,0.24964490672129463,450-500,0.0
9817,497.6774366806807,0.17539414872806428,450-500,0.0
9818,521.7766507246566,0.10864279383810128,500-550,0.0
9819,548.0176128174182,0.06232885384372635,500-550,0.0
9820,531.8301823999024,0.08810739346309478,500-550,0.0
9821,502.70823069282613,0.15921160921106284,500-550,0.0
9822,458.37516701386886,0.34529298326479546,450-500,1.0
9823,564.8616017671035,0.04310091885123508,550-600,0.0
9824,462.8550546772335,0.32228252435883603,450-500,1.0
9825,510.5065532089993,0.13654526221981628,500-550,0.0
9826,490.4923691031107,0.20071052430413727,450-500,0.0
9827,599.6625111251923,0.01975830311795124,550-600,0.0
9828,521.2314378808783,0.10986871789860876,500-550,0.0
9829,522.3615591955747,0.10734098456780895,500-550,0.0
9830,478.6639688925308,0.2481384372059564,450-500,0.0
9831,590.037307777177,0.024558409558930183,550-600,0.0
9832,441.29478933510535,0.4390166150604822,<450,1.0
9833,541.4459491298413,0.07181503568991837,500-550,0.0
9834,460.0970158236956,0.33635556113581855,450-500,0.0
9835,574.8996044725116,0.034486880099972604,550-600,0.0
9836,531.2641956190197,0.08916373876267301,500-550,0.0
9837,519.3154029521244,0.11427355473926079,500-550,0.0
9838,529.1742690760418,0.09316392296586037,500-550,0.0
9839,494.4873571951776,0.18631063601927347,450-500,0.0
9840,463.2844491315813,0.3201194200218803,450-500,0.0
9841,467.36731232632275,0.2999455369445099,450-500,0.0
9842,521.1813579750537,0.1099819297452015,500-550,0.0
9843,506.99364299250044,0.14640002884600112,500-550,0.0
9844,547.9675329115937,0.06239651311998127,500-550,0.0
9845,474.8298700740589,0.26503150723836166,450-500,0.0
9846,494.57859182896715,0.18599128155955003,450-500,0.0
9847,516.1997171665486,0.12176456237690411,500-550,0.0
9848,495.39118741482383,0.18316552488237609,450-500,0.0
9849,531.41127539821,0.08888813862379419,500-550,0.0
9850,483.59607392805833,0.22749306470751074,450-500,1.0
9851,533.3163102659823,0.08538735451447357,500-550,0.0
9852,478.8902796592474,0.2471641908515798,450-500,0.0
9853,501.3313607277697,0.16351643495579823,500-550,0.0
9854,551.7370909197045,0.057491218238745874,550-600,1.0
9855,492.9251457470128,0.19184462116357198,450-500,0.0
9856,532.7314017950641,0.08644869933334742,500-550,0.0
9857,486.10705337054765,0.21745879797862266,450-500,0.0
9858,482.1655972355536,0.23335370279233233,450-500,0.0
9859,510.27561951524405,0.13717556573267642,500-550,0.0
9860,474.9810817903025,0.2643515226615684,450-500,1.0
9861,489.2867226824527,0.20521667828989676,450-500,0.0
9862,538.936674652573,0.07577685684197154,500-550,0.0
9863,490.4923691031107,0.20071052430413727,450-500,0.0
9864,497.3921109598906,0.1763496591445759,450-500,0.0
9865,503.8903715238428,0.1555893094992267,500-550,0.0
9866,547.9675329115937,0.06239651311998127,500-550,0.0
9867,473.10068028917925,0.2728865950221611,450-500,0.0
9868,510.2068650171183,0.1373636943282126,500-550,0.0
9869,514.6621880376612,0.1256148053973443,500-550,0.0
9870,479.8926617028178,0.2428800046382283,450-500,1.0
9871,529.3992560608539,0.09272567522898996,500-550,0.0
9872,502.7583105986507,0.15905677822446182,500-550,0.0
9873,462.61816710271347,0.32347913672086814,450-500,0.0
9874,467.35601155818756,0.30000036578820727,450-500,0.0
9875,421.39262294795634,0.5534657226708556,<450,0.0
9876,492.4837454138089,0.19343077242153506,450-500,0.0
9877,509.62934843701504,0.13895249150341074,500-550,0.0
9878,460.1292740897447,0.3361892097930648,450-500,0.0
9879,541.6298188618671,0.07153236913935743,500-550,0.0
9880,522.4116391013994,0.10723016369716656,500-550,0.0
9881,465.8485430908752,0.3073652122909404,450-500,1.0
9882,534.0572041258524,0.08405993275511055,500-550,0.0
9883,536.2030925939246,0.08032041898261581,500-550,0.0
9884,519.3983426091072,0.11407973823447462,500-550,0.0
9885,498.6481303415196,0.17217397318316643,450-500,0.0
9886,501.21218280722417,0.16389341740788319,500-550,0.0
9887,502.8141290627347,0.15888434936189855,500-550,0.0
9888,530.1699942108828,0.09123837082019619,500-550,0.0
9889,491.19645549457437,0.1981134432438836,450-500,0.0
9890,493.7832708037139,0.18878942021664089,450-500,1.0
9891,482.7817993585968,0.23081633029792353,450-500,0.0
9892,524.9360064413523,0.10177313606689527,500-550,0.0
9893,490.3544140946115,0.20122235938723365,450-500,0.0
9894,584.6061649036417,0.02775073495869365,550-600,0.0
9895,489.2445006592609,0.20537583667329318,450-500,0.0
9896,497.1541063699715,0.1771498242082609,450-500,0.0
9897,560.3393727770423,0.04762196528915584,550-600,0.0
9898,551.0646039009587,0.05833895804171948,550-600,0.0
9899,551.2512973866484,0.058102442668924004,550-600,0.0
9900,455.84511927293505,0.3586247701854542,450-500,0.0
9901,473.0533525559732,0.27310362118453857,450-500,1.0
9902,481.7896330523995,0.23491133451872206,450-500,1.0
9903,528.332227676079,0.09482065231738962,500-550,0.0
9904,470.3599457784462,0.2856304146306884,450-500,1.0
9905,543.3409446898428,0.06895067533798717,500-550,0.0
9906,531.9747706018583,0.08783935598325757,500-550,0.0
9907,485.4475737582972,0.22006288248011435,450-500,0.0
9908,503.56829536002294,0.15656949609741413,500-550,0.0
9909,522.889080105748,0.1061786900417494,500-550,0.0
9910,541.4960290356659,0.07173794490750102,500-550,0.0
9911,455.74963875816246,0.359132352776717,450-500,0.0
9912,555.6126247436422,0.05282712325429102,550-600,0.0
9913,508.90967792125434,0.14095390320229714,500-550,0.0
9914,505.5694814028979,0.15056011319056856,500-550,0.0
9915,523.5220265017879,0.10479875879467047,500-550,0.0
9916,430.7379094751061,0.49969042220762644,<450,0.0
9917,532.2169873582064,0.08739198569590008,500-550,0.0
9918,492.98238413171606,0.19163966591016768,450-500,0.0
9919,519.3892445197329,0.11410098499814958,500-550,0.0
9920,540.5141474175746,0.07326341659400559,500-550,0.0
9921,510.8095496575361,0.13572197275996883,500-550,0.0
9922,492.2909685933543,0.19412662772864622,450-500,0.0
9923,510.3267667162954,0.13703575546989577,500-550,1.0
9924,495.94560071818364,0.18125676766391355,450-500,0.0
9925,487.1750994442396,0.213288769880891,450-500,0.0
9926,498.7360054441942,0.17188478036036248,450-500,0.0
9927,485.35318470941587,0.22043742165418923,450-500,1.0
9928,483.88047107574675,0.2263403509830877,450-500,0.0
9929,519.5495396930645,0.11372715210630645,500-550,0.0
9930,505.1300072757465,0.15186334018550382,500-550,1.0
9931,545.4875650764845,0.06583396376142461,500-550,0.0
9932,542.1883729800845,0.07067997977636639,500-550,0.0
9933,465.1780608117858,0.31067301627387983,450-500,1.0
9934,550.8222729616047,0.058647305584772845,550-600,0.0
9935,490.54244900893525,0.20052496124267946,450-500,0.0
9936,492.97328604234167,0.19167223255032015,450-500,0.0
9937,497.5573925397318,0.17579565986228382,450-500,0.0
9938,548.0176128174182,0.06232885384372635,500-550,0.0
9939,514.1926888286882,0.12681112104158654,500-550,0.0
9940,515.803467741925,0.12274700724363614,500-550,0.0
9941,503.024504141891,0.1582358418828174,500-550,1.0
9942,504.37584097845826,0.15412132814407914,500-550,0.0
9943,526.8609003568433,0.09777888436334708,500-550,0.0
9944,536.4861037048586,0.07983871695612023,500-550,0.0
9945,503.56829536002294,0.15656949609741413,500-550,1.0
9946,555.3691278527143,0.053109336023262316,550-600,0.0
9947,476.06542686602,0.2595081842440075,450-500,0.0
9948,551.524665630616,0.057757744938102706,550-600,0.0
9949,486.56986727282344,0.21564461736627635,450-500,0.0
9950,534.0727897515985,0.08403221107829548,500-550,1.0
9951,507.5598314008416,0.14477279381340635,500-550,0.0
9952,510.0898791417754,0.1376842939191924,500-550,1.0
9953,499.7307379263749,0.16863796991040012,450-500,0.0
9954,481.65167804390035,0.23548469025856722,450-500,0.0
9955,482.4024848100736,0.23237596638864091,450-500,0.0
9956,541.3593615521194,0.07194850510241518,500-550,0.0
9957,491.483422974919,0.1970622228923593,450-500,0.0
9958,480.23122971774427,0.2414444102095494,450-500,0.0
9959,530.7359809917655,0.09015987977327969,500-550,0.0
9960,432.11934543058084,0.4917116944774182,<450,1.0
9961,523.9800137770266,0.10381016473030741,500-550,0.0
9962,523.5970751433258,0.10463619409793659,500-550,0.0
9963,517.8319708471897,0.11778878739659737,500-550,0.0
9964,495.99568062400823,0.18108511542567313,450-500,0.0
9965,506.1461854913029,0.1488639174682742,500-550,0.0
9966,556.2612491585018,0.052082262801267216,550-600,0.0
9967,522.7337152652192,0.10651985070143767,500-550,0.0
9968,537.5765181720295,0.07800734095721801,500-550,0.0
9969,525.8900550378198,0.09977566369200319,500-550,1.0
9970,526.5941414292835,0.0983239613383115,500-550,0.0
9971,523.8574321284026,0.1040739538415657,500-550,0.0
9972,521.9485989028258,0.1082586629747747,500-550,0.0
9973,512.8945392859617,0.13016965804271335,500-550,0.0
9974,547.1254915116309,0.06354444641544048,500-550,0.0
9975,507.64277105782435,0.1445356896190253,500-550,0.0
9976,528.2821477702545,0.09492001170235922,500-550,1.0
9977,510.0397992359508,0.13782172990691008,500-550,0.0
9978,517.3686176189344,0.11890582931954685,500-550,0.0
9979,515.6787390220943,0.1230576623925883,500-550,0.0
9980,501.33706318523963,0.163498414497586,500-550,0.0
9981,498.23415235985345,0.17354154024544818,450-500,0.0
9982,568.5329292123012,0.039734907831995424,550-600,0.0
9983,501.34037176630795,0.16348795971203536,500-550,0.0
9984,560.1455420658041,0.04782549297915255,550-600,0.0
9985,482.3688390658478,0.23251466255552702,450-500,0.0
9986,499.4901717414824,0.1694186692956276,450-500,0.0
9987,499.2324234588443,0.1702583186680585,450-500,0.0
9988,485.47252015462783,0.21996397062889786,450-500,0.0
9989,549.4819170941113,0.060380576779389836,500-550,1.0
9990,522.3615591955747,0.10734098456780895,500-550,0.0
9991,500.2282628577169,0.16703247580507555,500-550,0.0
9992,512.8945392859617,0.13016965804271335,500-550,0.0
9993,484.69917822377676,0.2230450926083924,450-500,0.0
9994,529.0363710929194,0.09343344955785794,500-550,0.0
9995,495.18900444370433,0.18386547814875606,450-500,0.0
9996,536.5758640171625,0.07968649137435849,500-550,0.0
9997,561.7405426891256,0.04617499341320155,550-600,0.0
9998,560.1995325589138,0.04776871857973039,550-600,0.0
9999,495.94560071818364,0.18125676766391355,450-500,0.0
10000,487.7137394820815,0.21120795374744655,450-500,1.0
10001,504.08563908138785,0.15499748528023538,500-550,0.0
10002,491.19645549457437,0.1981134432438836,450-500,1.0
10003,491.24653540039895,0.1979296866791521,450-500,0.0
10004,568.5830091181258,0.03969078130140195,550-600,0.0
10005,487.85642299226834,0.21065925102697308,450-500,0.0
10006,436.15212871949774,0.46845860466294137,<450,0.0
10007,479.1115831094704,0.24621398834404523,450-500,1.0
10008,502.68688200225233,0.15927764964046276,500-550,0.0
10009,541.4960290356659,0.07173794490750102,500-550,0.0
10010,471.5890482792803,0.2798713115360733,450-500,0.0
10011,474.5858452739903,0.26613121927763433,450-500,0.0
10012,550.1998412894125,0.059446319103519475,550-600,0.0
10013,494.9687068456404,0.18463050092285158,450-500,0.0
10014,511.86353223568835,0.13289068259686665,500-550,0.0
10015,499.390961033955,0.1697414705525016,450-500,0.0
10016,549.0779865031047,0.06091224726041388,500-550,0.0
10017,490.0224837727923,0.20245787266406393,450-500,1.0
10018,491.00848218663737,0.1988043133066174,450-500,1.0
10019,559.5020709532804,0.04850709469094176,550-600,0.0
10020,529.5438791815363,0.09244494477799396,500-550,0.0
10021,520.2223875868624,0.11216959540861816,500-550,0.0
10022,486.40162235476464,0.21630284701277874,450-500,0.0
10023,477.3786476493484,0.253720262178886,450-500,0.0
10024,528.4660175022802,0.09455566754571225,500-550,1.0
10025,559.6825018672305,0.04831504717943053,550-600,0.0
10026,512.5135789496333,0.13116952340069993,500-550,1.0
10027,493.77613357816534,0.18881467636815144,450-500,0.0
10028,497.8194136237458,0.17492021136299327,450-500,0.0
10029,488.52020638845136,0.20812035889972652,450-500,0.0
10030,501.8109496645644,0.16200645392816118,500-550,0.0
10031,522.5562622220818,0.10691069493706033,500-550,0.0
10032,495.1029894349032,0.184163888021832,450-500,0.0
10033,528.2821477702545,0.09492001170235922,500-550,0.0
10034,488.42637446906184,0.20847788132159473,450-500,0.0
10035,495.1029894349032,0.184163888021832,450-500,1.0
10036,445.2831467901677,0.4164643574054913,<450,1.0
10037,462.300529182074,0.3250872811686714,450-500,0.0
10038,577.7656277233776,0.03234863854888368,550-600,0.0
10039,495.94560071818364,0.18125676766391355,450-500,1.0
10040,528.2821477702545,0.09492001170235922,500-550,0.0
10041,513.7188002273176,0.12802848336611994,500-550,0.0
10042,549.8652084210421,0.059880090600717105,500-550,0.0
10043,498.8237532916369,0.17159639054918552,450-500,0.0
10044,476.477667356824,0.25768206460101784,450-500,0.0
10045,528.2821477702545,0.09492001170235922,500-550,0.0
10046,497.95492685084685,0.1744687925360347,450-500,0.0
10047,541.7413347967594,0.0713614341037229,500-550,0.0
10048,440.6064786625922,0.4429370288123224,<450,1.0
10049,510.6471987837303,0.13616258423885697,500-550,0.0
10050,452.55772664895676,0.37627644818992273,450-500,1.0
10051,491.4333430690944,0.19724537216093868,450-500,0.0
10052,553.4410612026413,0.05539470768114623,550-600,0.0
10053,500.95886107110545,0.16469704301921206,500-550,0.0
10054,494.4007696174557,0.18661411496984798,450-500,0.0
10055,581.0942296934425,0.030025960237584703,550-600,0.0
10056,522.8557444729202,0.10625180945707142,500-550,0.0
10057,503.56829536002294,0.15656949609741413,500-550,0.0
10058,478.31962161533215,0.2496257476207937,450-500,0.0
10059,536.4293610391303,0.07993508447528384,500-550,0.0
10060,570.821480853971,0.037765722895110994,550-600,0.0
10061,494.437277289353,0.18648611358952003,450-500,0.0
10062,540.6727543213045,0.07301499424938628,500-550,0.0
10063,525.4045855832044,0.10078768799924796,500-550,0.0
10064,503.51821545419836,0.15672235711049726,500-550,0.0
10065,498.8669925267598,0.17145442275299508,450-500,0.0
10066,540.9814032598948,0.07253378770646261,500-550,0.0
10067,545.9359356655517,0.06519971072089016,500-550,0.0
10068,515.423013281387,0.12369669851914465,500-550,0.0
10069,442.5361121542842,0.43196593110516296,<450,0.0
10070,488.66640775364056,0.20756419732603745,450-500,1.0
10071,501.13524749245494,0.16413714939568028,500-550,1.0
10072,521.8087586846973,0.1085709741465688,500-550,0.0
10073,468.69879942742995,0.2935258077442961,450-500,1.0
10074,530.6552754424829,0.09031295958229661,500-550,0.0
10075,537.6456265891027,0.0778925770139695,500-550,1.0
10076,491.8966962973496,0.19555572298073107,450-500,0.0
10077,559.4519910474557,0.04856052718204013,550-600,0.0
10078,545.777211832837,0.06542358459847172,500-550,0.0
10079,490.01867047409723,0.20247209938188823,450-500,1.0
10080,496.0751773954886,0.1808128949603952,450-500,0.0
10081,547.4151119389726,0.06314741031666103,500-550,1.0
10082,523.2486061665006,0.10539290867066982,500-550,0.0
10083,513.7434349330052,0.1279649548760421,500-550,0.0
10084,508.34685744928805,0.14253585771105406,500-550,0.0
10085,510.27668681047084,0.13717264706879925,500-550,0.0
10086,531.7110044793568,0.08832888066312412,500-550,0.0
10087,501.1946813503987,0.1639488366502767,500-550,0.0
10088,527.5512059698461,0.09638085163286232,500-550,0.0
10089,500.39715637622044,0.1664902481025294,500-550,0.0
10090,559.8077634873749,0.04818214558869044,550-600,0.0
10091,516.010467716455,0.1222329321610108,500-550,0.0
10092,482.02419017580615,0.23393871262676205,450-500,0.0
10093,529.3992560608539,0.09272567522898996,500-550,0.0
10094,495.54647809101,0.1826293166310525,450-500,0.0
10095,504.5778849800182,0.1535137256653322,500-550,0.0
10096,499.39500552655556,0.16972830145071144,450-500,0.0
10097,502.58958647651366,0.15957890660600194,500-550,0.0
10098,508.41198379849016,0.14235204843726143,500-550,0.0
10099,511.8222849875901,0.13300053751541854,500-550,1.0
10100,549.5931623987171,0.060234915392083664,500-550,1.0
10101,542.1883729800845,0.07067997977636639,500-550,0.0
10102,464.4324761207851,0.3143741773060039,450-500,0.0
10103,456.8472975670011,0.3533163786267786,450-500,1.0
10104,551.7370909197045,0.057491218238745874,550-600,0.0
10105,484.43413854961346,0.22410810764616346,450-500,0.0
10106,538.4572873432368,0.07655622950451303,500-550,0.0
10107,541.4459491298413,0.07181503568991837,500-550,0.0
10108,597.5077493097237,0.020745955566415737,550-600,0.0
10109,502.70823069282613,0.15921160921106284,500-550,0.0
10110,494.437277289353,0.18648611358952003,450-500,1.0
10111,555.0965162411256,0.053426981009969836,550-600,0.0
10112,485.2356325801078,0.22090451171998207,450-500,1.0
10113,543.0304143800474,0.06941269745253129,500-550,0.0
10114,486.44819318396435,0.21612050107765823,450-500,0.0
10115,494.05787022069654,0.18781967655210452,450-500,0.0
10116,523.0982399065487,0.10572092366371127,500-550,0.0
10117,560.6614489408621,0.04728559476695302,550-600,0.0
10118,530.7569558828893,0.09012013353147341,500-550,0.0
10119,507.9743742674584,0.14359094019152918,500-550,0.0
10120,479.6849933260042,0.2437634228333397,450-500,0.0
10121,517.8704752842852,0.11769637210630463,500-550,0.0
10122,461.1258648923539,0.33107009349014965,450-500,0.0
10123,527.8909326320232,0.09569940152300027,500-550,0.0
10124,468.82211296382644,0.29293533228981616,450-500,1.0
10125,498.4377097920875,0.17286802326815157,450-500,1.0
10126,525.4045855832044,0.10078768799924796,500-550,0.0
10127,504.537436819175,0.15363520733086422,500-550,1.0
10128,548.0176128174182,0.06232885384372635,500-550,0.0
10129,503.51821545419836,0.15672235711049726,500-550,0.0
10130,501.4471201735182,0.16315093398420763,500-550,0.0
10131,479.1115831094704,0.24621398834404523,450-500,1.0
10132,476.34464779401657,0.25827038930240376,450-500,0.0
10133,544.5056776072189,0.06724299315992838,500-550,0.0
10134,475.50260639405377,0.26201486823579634,450-500,1.0
10135,508.78479754323894,0.1413036404078211,500-550,1.0
10136,482.2223360878156,0.2331192568910133,450-500,0.0
10137,521.6016543400272,0.10903496273980087,500-550,0.0
10138,492.153520035137,0.19462392721752408,450-500,0.0
10139,506.1985631919303,0.14871064839945947,500-550,0.0
10140,472.4187757833196,0.27602392287399863,450-500,1.0
10141,563.1518662445905,0.04475988867571436,550-600,0.0
10142,507.509751495017,0.14491611641067886,500-550,1.0
10143,529.740457484383,0.09206458724872205,500-550,1.0
10144,510.4213099311533,0.1367776382967238,500-550,0.0
10145,467.36380324969787,0.29996256160010104,450-500,0.0
10146,487.30825785116116,0.21277297993549948,450-500,0.0
10147,497.01172453513055,0.17762986859398391,450-500,1.0
10148,459.943533716276,0.3371476021607236,450-500,0.0
10149,510.5625869955886,0.13639269331756837,500-550,0.0
10150,497.58039729750925,0.1757186599775948,450-500,0.0
10151,506.66439262012807,0.1473532501401485,500-550,0.0
10152,492.99505498481795,0.19159431758471915,450-500,0.0
10153,540.4040824560759,0.07343626607872067,500-550,0.0
10154,467.60012094090024,0.29881727653826823,450-500,1.0
10155,490.26782651688967,0.20154411153790738,450-500,0.0
10156,521.1813579750537,0.1099819297452015,500-550,1.0
10157,535.4350463095501,0.08164107322408545,500-550,0.0
10158,528.7709878304981,0.09395411944468639,500-550,0.0
10159,481.14387292345043,0.2376035152095089,450-500,0.0
10160,541.4960290356659,0.07173794490750102,500-550,0.0
10161,478.78687745765245,0.24760900850915815,450-500,0.0
10162,518.3126547747407,0.11663958571614821,500-550,1.0
10163,485.9847146092447,0.21794019031789777,450-500,1.0
10164,520.0933309111965,0.1124668934550829,500-550,0.0
10165,564.160531319735,0.04377394990259807,550-600,0.0
10166,527.5089529617177,0.09646590845453355,500-550,0.0
10167,485.5825771429064,0.2195279784859531,450-500,0.0
10168,583.8189429857044,0.028245715296191663,550-600,0.0
10169,525.7436955299676,0.10007981401541569,500-550,1.0
10170,510.0898791417754,0.1376842939191924,500-550,0.0
10171,490.43570060172505,0.20092065540248527,450-500,0.0
10172,466.02025884591734,0.306521215101666,450-500,0.0
10173,498.7360054441942,0.17188478036036248,450-500,0.0
10174,458.37516701386886,0.34529298326479546,450-500,0.0
10175,523.6930462966819,0.10442863315222857,500-550,0.0
10176,571.8213647454442,0.036935107061378356,550-600,0.0
10177,562.0216987170325,0.04588972927666537,550-600,0.0
10178,471.0690830431373,0.28229899364080163,450-500,0.0
10179,500.44296608987196,0.1663434204175458,500-550,0.0
10180,520.7564970925966,0.11094649924820237,500-550,0.0
10181,478.0326541349875,0.2508697584415822,450-500,0.0
10182,454.99547246087417,0.363152579295348,450-500,0.0
10183,478.99725253680873,0.2467045779902163,450-500,0.0
10184,526.6240127823233,0.09826278991317236,500-550,0.0
10185,477.1523368826318,0.25471160728014114,450-500,0.0
10186,511.60151115167434,0.13358983810192113,500-550,0.0
10187,512.150499716033,0.13212851957888544,500-550,0.0
10188,502.73099353626105,0.15914121866835843,500-550,0.0
10189,489.7051471851734,0.20364434930463027,450-500,1.0
10190,541.4195524556297,0.07185570031235698,500-550,0.0
10191,493.7651526090915,0.18885353924938533,450-500,0.0
10192,465.9477817498836,0.30687728834376515,450-500,0.0
10193,513.0480213933813,0.12976866519783434,500-550,0.0
10194,531.9747706018583,0.08783935598325757,500-550,0.0
10195,436.2022086253223,0.46817049347432543,<450,1.0
10196,541.6298188618671,0.07153236913935743,500-550,0.0
10197,493.6272925279808,0.18934196371179496,450-500,1.0
10198,521.8985189970012,0.10837041775823127,500-550,0.0
10199,466.2852289367481,0.305221406796631,450-500,0.0
10200,485.1855526742832,0.22110371808459303,450-500,0.0
10201,506.17412877805884,0.14878213284080238,500-550,0.0
10202,592.8498012447253,0.02304890491963789,550-600,0.0
10203,465.06746449752785,0.3112205156081198,450-500,1.0
10204,477.15962827415694,0.25467962791982585,450-500,0.0
10205,535.9742283294992,0.08071189805700807,500-550,0.0
10206,498.6515939478687,0.17216256732628554,450-500,0.0
10207,521.9870712740887,0.10817287952889591,500-550,0.0
10208,521.9624365684011,0.10822780167588518,500-550,0.0
10209,470.03064494462507,0.28718541775984247,450-500,0.0
10210,499.0945254757218,0.17070889617563664,450-500,0.0
10211,454.5661650573626,0.3654496981140392,450-500,1.0
10212,477.1022569768072,0.2549313244693895,450-500,0.0
10213,469.6970705264208,0.2887657436939056,450-500,1.0
10214,520.7564970925966,0.11094649924820237,500-550,0.0
10215,496.81666544636215,0.1782891706255733,450-500,0.0
10216,544.9450434025387,0.06660906716887734,500-550,0.0
10217,521.6641409162944,0.10889478720171636,500-550,0.0
10218,517.8203953784607,0.11781658220667113,500-550,0.0
10219,534.8780221817059,0.0826112212908229,500-550,0.0
10220,479.1115831094704,0.24621398834404523,450-500,0.0
10221,505.1026807044045,0.15194468007732403,500-550,0.0
10222,501.00894097693,0.16453792146251953,500-550,0.0
10223,539.7878141419102,0.07441102763599186,500-550,0.0
10224,546.7393595366204,0.06407740840008919,500-550,0.0
10225,511.18855085892534,0.13469806105225843,500-550,0.0
10226,512.5652384521406,0.13103355712138856,500-550,0.0
10227,528.260261398761,0.09496346389338045,500-550,0.0
10228,528.654303839899,0.09418387018050133,500-550,0.0
10229,582.1861762730324,0.02929981974711146,550-600,0.0
10230,564.5517464579661,0.04339715419216947,550-600,0.0
10231,590.0873876830017,0.02453070633480213,550-600,0.0
10232,560.2892928712176,0.04767447162762067,550-600,0.0
10233,481.50445352436594,0.23609763841230483,450-500,0.0
10234,483.16080055998606,0.22926531491845628,450-500,1.0
10235,510.8095496575361,0.13572197275996883,500-550,0.0
10236,539.5998408339731,0.07471070825954594,500-550,0.0
10237,548.0815303888182,0.06224259900507613,500-550,0.0
10238,536.2119613603109,0.0803052836286207,500-550,0.0
10239,524.6501108372446,0.10237857901462384,500-550,0.0
10240,495.99568062400823,0.18108511542567313,450-500,0.0
10241,529.1742690760418,0.09316392296586037,500-550,0.0
10242,514.2723814696595,0.1266073748413732,500-550,1.0
10243,446.8448587058913,0.4077226496149066,<450,1.0
10244,440.8477511517801,0.4415619770779897,<450,0.0
10245,534.0984106842807,0.08398665795136331,500-550,0.0
10246,492.60306958319285,0.19300100582798652,450-500,1.0
10247,526.4487103274882,0.09862226429028255,500-550,0.0
10248,521.9485989028258,0.1082586629747747,500-550,0.0
10249,527.6471362789922,0.09618798916983876,500-550,0.0
10250,558.0301626762138,0.05010103982113595,550-600,0.0
10251,502.520572986829,0.15979287337991668,500-550,0.0
10252,471.88591293625433,0.27849100906786617,450-500,1.0
10253,564.5857926763264,0.04336450969209099,550-600,0.0
10254,570.1489938352252,0.03833442957539547,550-600,0.0
10255,462.56808719688894,0.32373240677619014,450-500,0.0
10256,491.483422974919,0.1970622228923593,450-500,0.0
10257,509.6489276847394,0.13889837587254875,500-550,0.0
10258,491.24653540039895,0.1979296866791521,450-500,0.0
10259,549.5793247331419,0.06025301610622336,500-550,0.0
10260,570.5399575501615,0.03800280751342814,550-600,0.0
10261,541.7373996502032,0.07136745959314142,500-550,0.0
10262,465.7531456820429,0.30783465658028963,450-500,0.0
10263,505.80769164071893,0.14985757221376034,500-550,0.0
10264,525.0429177195722,0.10154754614006796,500-550,0.0
10265,504.37584097845826,0.15412132814407914,500-550,0.0
10266,490.1514852939989,0.20197703106001702,450-500,1.0
10267,529.4404626192821,0.09264561058527716,500-550,0.0
10268,559.641954497762,0.04835814211975385,550-600,0.0
10269,567.1659203230847,0.04095772652442882,550-600,0.0
10270,552.1095741015341,0.05702665554333785,550-600,0.0
10271,521.4548875905184,0.10936482609020855,500-550,0.0
10272,499.4400918356579,0.1695815528537288,450-500,0.0
10273,533.9234142996511,0.0842982424993879,500-550,0.0
10274,549.6895854709248,0.060108927932402606,500-550,0.0
10275,512.8175808321558,0.13037111878468968,500-550,1.0
10276,503.42790120858683,0.15699833421450518,500-550,0.0
10277,482.35240490424906,0.23258242924944708,450-500,0.0
10278,577.0022684093266,0.03290530334139377,550-600,0.0
10279,514.386378946884,0.126316409801476,500-550,0.0
10280,433.1481944992392,0.48577191221148547,<450,0.0
10281,495.42487910991304,0.18304908607731923,450-500,1.0
10282,478.31962161533215,0.2496257476207937,450-500,0.0
10283,536.2620412661355,0.08021986656845655,500-550,0.0
10284,505.321924549947,0.15129308868786354,500-550,0.0
10285,494.4341228742612,0.18649717077107128,450-500,0.0
10286,548.0176128174182,0.06232885384372635,500-550,0.0
10287,523.1633662557507,0.10557874406255588,500-550,0.0
10288,460.0881193617797,0.33640144608019046,450-500,0.0
10289,461.1759447981784,0.3308138910017513,450-500,0.0
10290,540.9750381361476,0.07254368181827539,500-550,0.0
10291,507.5598314008416,0.14477279381340635,500-550,1.0
10292,538.4462248714764,0.07657430101180764,500-550,0.0
10293,459.986958835417,0.3369234147920471,450-500,0.0
10294,535.4851262153747,0.08155436133731031,500-550,0.0
10295,533.9898836863753,0.08417976900827082,500-550,0.0
10296,497.7280864698229,0.17522495729606094,450-500,0.0
10297,546.9225627110183,0.06382402346233426,500-550,0.0
10298,479.94274160864234,0.24266729118820146,450-500,1.0
10299,540.9522378175338,0.07257913342941394,500-550,0.0
10300,538.936674652573,0.07577685684197154,500-550,0.0
10301,470.80698396177144,0.28352754747144293,450-500,1.0
10302,544.6090798088139,0.06709330048196245,500-550,0.0
10303,491.14732469287156,0.19829384208509562,450-500,1.0
10304,543.0473678930904,0.06938739942238663,500-550,0.0
10305,524.204024151714,0.10332963349403045,500-550,0.0
10306,520.2961342270823,0.11200001932196188,500-550,1.0
10307,477.08339303388743,0.2550141191759385,450-500,1.0
10308,497.95492685084685,0.1744687925360347,450-500,0.0
10309,523.7431262025066,0.10432046766310481,500-550,0.0
10310,458.61252058020676,0.3440542855916606,450-500,1.0
10311,528.4701826845782,0.09454742861985779,500-550,0.0
10312,509.56101744371654,0.1391414919923604,500-550,0.0
10313,549.0732469269037,0.060918511601519516,500-550,0.0
10314,531.2229890605914,0.08924109031004897,500-550,0.0
10315,507.509751495017,0.14491611641067886,500-550,1.0
10316,444.39576506058125,0.42145537544231987,<450,1.0
10317,541.3561888175374,0.07195340002047027,500-550,0.0
10318,485.1855526742832,0.22110371808459303,450-500,0.0
10319,455.0384151411502,0.3629231447115568,450-500,1.0
10320,521.1813579750537,0.1099819297452015,500-550,0.0
10321,520.2650187147576,0.11207154028559461,500-550,0.0
10322,567.3504022599391,0.040790624363936254,550-600,0.0
10323,484.02086522718287,0.2257728332670972,450-500,1.0
10324,477.16849704054323,0.25464073390389147,450-500,0.0
10325,468.16630934924143,0.29608355401840586,450-500,0.0
10326,489.1532141950081,0.2057202591643524,450-500,0.0
10327,579.62147010891,0.031033012439000137,550-600,1.0
10328,528.332227676079,0.09482065231738962,500-550,0.0
10329,464.8305769230078,0.3123949879277646,450-500,0.0
10330,541.4459491298413,0.07181503568991837,500-550,0.0
10331,492.38632437033505,0.1937821902626218,450-500,1.0
10332,536.2119613603109,0.0803052836286207,500-550,0.0
10333,553.6712860172577,0.05511702546121333,550-600,0.0
10334,505.19144330481413,0.1516806010814282,500-550,1.0
10335,559.4519910474557,0.04856052718204013,550-600,0.0
10336,469.37663845898595,0.29028866073662385,450-500,0.0
10337,433.1481944992392,0.48577191221148547,<450,0.0
10338,538.6986214388113,0.07616296156345134,500-550,0.0
10339,521.1112970790639,0.11014048266105722,500-550,0.0
10340,523.6810047486405,0.10445465595791464,500-550,0.0
10341,505.1488534151539,0.15180726385954257,500-550,0.0
10342,476.10461450943785,0.2593342319783015,450-500,0.0
10343,454.99547246087417,0.363152579295348,450-500,0.0
10344,483.67392066438424,0.22717712643906285,450-500,0.0
10345,503.51821545419836,0.15672235711049726,500-550,0.0
10346,483.8607283330797,0.2264202382993727,450-500,0.0
10347,474.9810817903025,0.2643515226615684,450-500,0.0
10348,517.5132032644381,0.11855628527442046,500-550,0.0
10349,468.7896767869793,0.2930905824790882,450-500,1.0
10350,569.914496219233,0.038534665648033165,550-600,0.0
10351,470.8232990067014,0.28345097867932006,450-500,0.0
10352,503.00671010690496,0.15829061090140734,500-550,0.0
10353,511.888478632019,0.13282427947281833,500-550,1.0
10354,554.1955359486011,0.054489592861958425,550-600,0.0
10355,517.643684509571,0.11824160320019614,500-550,0.0
10356,566.1635382795143,0.0418771875625715,550-600,0.0
10357,528.7018377815735,0.09409021516192428,500-550,0.0
10358,481.64831851278535,0.23549866489940724,450-500,0.0
10359,566.3699251959342,0.04168627411586609,550-600,0.0
10360,468.07139871778645,0.2965407985691842,450-500,1.0
10361,491.07551560550485,0.19855773359112303,450-500,0.0
10362,483.9108082389043,0.22621763311847923,450-500,0.0
10363,491.19645549457437,0.1981134432438836,450-500,0.0
10364,532.562143968694,0.08675804693599967,500-550,0.0
10365,530.0318946003017,0.09150327609165439,500-550,0.0
10366,553.7828019521498,0.05498299387488963,550-600,0.0
10367,512.0910651846503,0.13228606813076937,500-550,0.0
10368,498.28422768466794,0.17337566239277183,450-500,0.0
10369,554.3951097991088,0.05425251244000224,550-600,0.0
10370,531.4070025968342,0.08889613420521014,500-550,0.0
10371,561.4828819892024,0.0464379000684545,550-600,0.0
10372,471.86826920727685,0.27857292846033843,450-500,0.0
10373,572.7556759515242,0.03617486093914962,550-600,0.0
10374,534.1739357902422,0.08385250742536898,500-550,1.0
10375,498.3008041184187,0.17332077946145172,450-500,1.0
10376,505.5708040661989,0.15055620485851104,500-550,1.0
10377,495.18900444370433,0.18386547814875606,450-500,0.0
10378,529.5572468671666,0.09241903510631189,500-550,0.0
10379,534.8538114578314,0.08265362519529731,500-550,1.0
10380,502.20253009491466,0.16078192460893326,500-550,0.0
10381,540.8610406589231,0.07272109320522006,500-550,0.0
10382,515.2695311739674,0.12408160390569074,500-550,1.0
10383,479.8926617028178,0.2428800046382283,450-500,1.0
10384,490.7793365834553,0.19964895443150374,450-500,0.0
10385,473.2608171832824,0.2721530704306045,450-500,1.0
10386,547.9675329115937,0.06239651311998127,500-550,0.0
10387,565.7192272913634,0.04229102846488321,550-600,0.0
10388,445.23306688434315,0.4167455830161284,<450,1.0
10389,494.52851192314256,0.1861665271619209,450-500,0.0
10390,483.67722924545257,0.22716370554344878,450-500,0.0
10391,544.1624714440334,0.06774206776172884,500-550,0.0
10392,496.04906911090114,0.18090226226647585,450-500,0.0
10393,548.0815303888182,0.06224259900507613,500-550,0.0
10394,522.19699841108,0.10770584777146708,500-550,0.0
10395,519.2924442391986,0.1143272561820237,500-550,0.0
10396,523.4999377602503,0.10484664821592718,500-550,0.0
10397,483.67392066438424,0.22717712643906285,450-500,0.0
10398,434.70990641496275,0.47676401702337234,<450,0.0
10399,491.19645549457437,0.1981134432438836,450-500,0.0
10400,523.1427119532647,0.10562381691948913,500-550,1.0
10401,538.8865947467484,0.07585793321648743,500-550,0.0
10402,520.9174663678257,0.11058017957575683,500-550,0.0
10403,535.1111460143346,0.08220392821978068,500-550,0.0
10404,529.0275023265331,0.09345080779738453,500-550,0.0
10405,562.7787380165055,0.045129945974758806,550-600,0.0
10406,464.3132982002396,0.3149679986566109,450-500,0.0
10407,511.8383987261944,0.13295761220903662,500-550,0.0
10408,525.8900550378198,0.09977566369200319,500-550,0.0
10409,524.8424761348058,0.10197085556269503,500-550,0.0
10410,507.07780483172854,0.14615719102571204,500-550,0.0
10411,457.58326240684505,0.34944090693349866,450-500,0.0
10412,538.8013181479006,0.0759961741855703,500-550,0.0
10413,494.7249513368194,0.18547985242848003,450-500,1.0
10414,574.6135615370176,0.03470762167264721,550-600,0.0
10415,558.8722040761767,0.04918320734366197,550-600,0.0
10416,540.3172949110669,0.07357282465579429,500-550,0.0
10417,479.1007002086795,0.24626065829947807,450-500,0.0
10418,529.9435166630137,0.09167316707768094,500-550,0.0
10419,492.63722752122845,0.1928781139491196,450-500,0.0
10420,515.0800705582747,0.12455815421236531,500-550,0.0
10421,452.0449267275085,0.3790611798169209,450-500,0.0
10422,518.2834355770343,0.11670916321177889,500-550,1.0
10423,520.1837155076844,0.11225860921855146,500-550,0.0
10424,529.795210775286,0.0919588962809816,500-550,0.0
10425,490.81776732286676,0.19950710922399073,450-500,0.0
10426,492.05408101883427,0.19498430715168466,450-500,0.0
10427,515.9515337481099,0.12237910301773954,500-550,0.0
10428,482.115517329729,0.23356077004228804,450-500,0.0
10429,514.3259042609865,0.12647069296250188,500-550,0.0
10430,507.83074894677145,0.1439995013402944,500-550,0.0
10431,529.4404626192821,0.09264561058527716,500-550,0.0
10432,462.45803020861035,0.3242893629896501,450-500,1.0
10433,506.94356308667585,0.14654468634167375,500-550,0.0
10434,546.8725749689187,0.06389306781906794,500-550,0.0
10435,518.8229611840032,0.11543022594914785,500-550,0.0
10436,496.85996890817177,0.17814263912595676,450-500,0.0
10437,554.1621627135347,0.05452933320264899,550-600,0.0
10438,520.3612605762845,0.11185045141091232,500-550,0.0
10439,432.97373181884274,0.4867788885411607,<450,1.0
10440,511.76185179528187,0.1331616297122345,500-550,1.0
10441,494.4873571951776,0.18631063601927347,450-500,1.0
10442,473.9371788849538,0.26906857531825595,450-500,0.0
10443,571.4214969847626,0.03726515300434954,550-600,0.0
10444,499.7786598505844,0.16848279387569495,450-500,0.0
10445,560.2892928712176,0.04767447162762067,550-600,0.0
10446,484.02086522718287,0.2257728332670972,450-500,0.0
10447,567.9817170174823,0.04022371065869419,550-600,0.0
10448,582.2089350980568,0.02928486783926386,550-600,0.0
10449,540.4648965006658,0.07334071542024813,500-550,0.0
10450,483.8607283330797,0.2264202382993727,450-500,0.0
10451,528.2821477702545,0.09492001170235922,500-550,0.0
10452,494.4873571951776,0.18631063601927347,450-500,0.0
10453,510.27668681047084,0.13717264706879925,500-550,0.0
10454,502.32958415297,0.16038621897563937,500-550,0.0
10455,574.8996044725116,0.034486880099972604,550-600,0.0
10456,552.1596540073588,0.0569644652744171,550-600,0.0
10457,506.1985631919303,0.14871064839945947,500-550,1.0
10458,572.7556759515242,0.03617486093914962,550-600,0.0
10459,459.7411747989811,0.3381932693290475,450-500,1.0
10460,500.25813421075674,0.16693647203687678,500-550,0.0
10461,513.6933550271807,0.12809413022473937,500-550,1.0
10462,521.3165889949994,0.10967645773497679,500-550,1.0
10463,577.715547817553,0.032384877669268654,550-600,0.0
10464,444.71234527607254,0.4196728938119631,<450,1.0
10465,529.1241891702173,0.09326172518504164,500-550,1.0
10466,497.5073126339072,0.17596337553808342,450-500,0.0
10467,545.0589269942644,0.06644566151936904,500-550,0.0
10468,530.6859010859408,0.09025484225807442,500-550,0.0
10469,541.6091669666363,0.07156406644060789,500-550,0.0
10470,549.1547569058312,0.060810862986467866,500-550,0.0
10471,555.046436335301,0.05348552831190205,550-600,0.0
10472,476.50163897806107,0.25757613496878834,450-500,0.0
10473,510.0898791417754,0.1376842939191924,500-550,0.0
10474,501.10858011007264,0.16422169993339134,500-550,0.0
10475,472.1463679212352,0.2772834455856754,450-500,0.0
10476,497.7693337179212,0.17508726925337165,450-500,0.0
10477,539.8378940477347,0.07433137331832312,500-550,0.0
10478,449.9286893166254,0.39063603195014746,<450,1.0
10479,501.24582855145,0.1637869187785907,500-550,0.0
10480,501.3970402676936,0.16330897640282102,500-550,0.0
10481,513.7188002273176,0.12802848336611994,500-550,1.0
10482,489.1532141950081,0.2057202591643524,450-500,0.0
10483,560.3393727770423,0.04762196528915584,550-600,0.0
10484,554.2091345115391,0.05447340772763607,550-600,0.0
10485,499.2324234588443,0.1702583186680585,450-500,0.0
10486,534.1484905901052,0.08389768238593438,500-550,1.0
10487,528.4201027787536,0.09464653163891058,500-550,1.0
10488,450.5332947176095,0.38731590061719867,450-500,0.0
10489,494.7249513368194,0.18547985242848003,450-500,0.0
10490,536.1618860354963,0.0803907758656047,500-550,0.0
10491,485.9619658557722,0.218029789384313,450-500,0.0
10492,503.56829536002294,0.15656949609741413,500-550,0.0
10493,506.94356308667585,0.14654468634167375,500-550,0.0
10494,468.07139871778645,0.2965407985691842,450-500,0.0
10495,483.62384075855965,0.22738033843944833,450-500,1.0
10496,477.9448360576896,0.25125127484094795,450-500,0.0
10497,516.2678022729582,0.12159643835234467,500-550,0.0
10498,509.0922120055667,0.14044400441823518,500-550,0.0
10499,548.5070585185626,0.061671196616827205,500-550,0.0
10500,469.32655855316136,0.2905271038994288,450-500,0.0
10501,524.6501108372446,0.10237857901462384,500-550,0.0
10502,455.04555236669876,0.36288501791624944,450-500,1.0
10503,544.0596429869622,0.06789226366836176,500-550,1.0
10504,521.8985189970012,0.10837041775823127,500-550,0.0
10505,572.9832089004861,0.03599201095178319,550-600,0.0
10506,454.69406786395155,0.36476467539205715,450-500,0.0
10507,520.9444704005338,0.11051883002250962,500-550,0.0
10508,500.1597623514186,0.16725279676380309,500-550,0.0
10509,495.15837880024634,0.18397168401754974,450-500,0.0
10510,540.2563932837622,0.07366879176631828,500-550,0.0
10511,511.65159105749893,0.13345596894341272,500-550,0.0
10512,517.4186975247591,0.11878465748839655,500-550,0.0
10513,555.0032250372163,0.053536094321397366,550-600,0.0
10514,485.64401317197405,0.21928486915964704,450-500,0.0
10515,465.27774157678004,0.3101800072588827,450-500,0.0
10516,531.6609245735323,0.08842210203867713,500-550,0.0
10517,486.51561983198917,0.2158566924858601,450-500,1.0
10518,522.6730089947874,0.10665341577199307,500-550,0.0
10519,443.9940672068796,0.42372004983156153,<450,1.0
10520,511.00109690243255,0.13520367008824957,500-550,0.0
10521,490.01358731087646,0.20249106489112428,450-500,0.0
10522,540.7919426442022,0.07282882324481306,500-550,0.0
10523,479.1115831094704,0.24621398834404523,450-500,0.0
10524,472.3726786879518,0.27623681141173195,450-500,0.0
10525,549.6432423045418,0.06016944961344047,500-550,0.0
10526,477.0799858634285,0.2550290752880466,450-500,1.0
10527,487.7346001901996,0.2111276666810633,450-500,0.0
10528,452.04161814644016,0.37907917300517385,450-500,1.0
10529,502.6396663823382,0.15942378615586694,500-550,0.0
10530,494.34595013543014,0.18680644744367914,450-500,0.0
10531,532.0633094745026,0.087675586682354,500-550,0.0
10532,505.99089481511675,0.1493190994531058,500-550,0.0
10533,507.62480420206373,0.14458702506812343,500-550,1.0
10534,503.56829536002294,0.15656949609741413,500-550,0.0
10535,510.27668681047084,0.13717264706879925,500-550,0.0
10536,502.95875218341723,0.15843829928242936,500-550,0.0
10537,455.17883724406727,0.3621733321928798,450-500,0.0
10538,532.8937471783281,0.0861529240494392,500-550,0.0
10539,521.2314378808783,0.10986871789860876,500-550,1.0
10540,516.3178821787828,0.12147290264945647,500-550,0.0
10541,548.4836459951204,0.06170250732081564,500-550,0.0
10542,491.96620591615965,0.1953031986529288,450-500,0.0
10543,520.0933309111965,0.1124668934550829,500-550,0.0
10544,494.11470159309187,0.18761945637061603,450-500,0.0
10545,501.6585625479013,0.1624850202509764,500-550,0.0
10546,491.9388793448177,0.19540244499855625,450-500,0.0
10547,528.6805577637344,0.09413213236342775,500-550,0.0
10548,537.7263455428284,0.07775872791900713,500-550,0.0
10549,503.51821545419836,0.15672235711049726,500-550,0.0
10550,502.9333069832802,0.15851670422078443,500-550,0.0
10551,476.54279370602603,0.25739434021136715,450-500,0.0
10552,529.9818146944772,0.0915995110795399,500-550,0.0
10553,542.1931125562855,0.07067278719127637,500-550,0.0
10554,539.7878141419102,0.07441102763599186,500-550,0.0
10555,568.7586320682431,0.03953640693145134,550-600,0.0
10556,535.5490861082856,0.08144373869461081,500-550,0.0
10557,546.7342763733997,0.0640844521733131,500-550,0.0
10558,485.5825771429064,0.2195279784859531,450-500,1.0
10559,474.79852000259007,0.26517262538782493,450-500,1.0
10560,506.06304996482925,0.14910745852702434,500-550,0.0
10561,539.8378940477347,0.07433137331832312,500-550,0.0
10562,511.3337995888795,0.13430738834518183,500-550,0.0
10563,548.5248525535486,0.061647409719047926,500-550,0.0
10564,490.3544140946115,0.20122235938723365,450-500,0.0
10565,507.2305305670204,0.14571737386790423,500-550,0.0
10566,522.4116391013994,0.10723016369716656,500-550,0.0
10567,529.2381866474418,0.09303923053382207,500-550,0.0
10568,496.04906911090114,0.18090226226647585,450-500,0.0
10569,477.1523368826318,0.25471160728014114,450-500,0.0
10570,485.4475737582972,0.22006288248011435,450-500,1.0
10571,506.90128019464805,0.14666691406105298,500-550,0.0
10572,523.7431262025066,0.10432046766310481,500-550,0.0
10573,506.94356308667585,0.14654468634167375,500-550,0.0
10574,491.19645549457437,0.1981134432438836,450-500,0.0
10575,467.8578692235384,0.2975709966093418,450-500,0.0
10576,518.4144226596,0.11639753445171948,500-550,0.0
10577,568.1478077923502,0.040075821703191655,550-600,0.0
10578,442.95354275604626,0.4296009693111466,<450,1.0
10579,560.2892928712176,0.04767447162762067,550-600,0.0
10580,430.66822666413,0.5000929258666773,<450,1.0
10581,540.4983865682965,0.07328814492390988,500-550,1.0
10582,480.6624121244031,0.2396245040763931,450-500,0.0
10583,526.0780329267669,0.09938623189687057,500-550,0.0
10584,450.91260926613273,0.3852382420332026,450-500,0.0
10585,505.99913239342936,0.14929492499099306,500-550,0.0
10586,554.9339265269389,0.053617281849545534,550-600,0.0
10587,494.85869070157185,0.18501347254066694,450-500,1.0
10588,491.09976865089016,0.19846857644259686,450-500,0.0
10589,502.5706528926536,0.15963758444836998,500-550,1.0
10590,519.6530106422342,0.11348640938045523,500-550,0.0
10591,510.1098256339468,0.13762958616130508,500-550,0.0
10592,464.9307970139814,0.31189780835865244,450-500,0.0
10593,511.1840805499123,0.13471009996200306,500-550,0.0
10594,447.5677912367624,0.40369535893393776,<450,0.0
10595,488.1002193452994,0.20972412945459853,450-500,0.0
10596,523.4999377602503,0.10484664821592718,500-550,0.0
10597,495.99898920507655,0.18107377950187048,450-500,0.0
10598,476.5928736118506,0.2571732329463393,450-500,0.0
10599,477.1523368826318,0.25471160728014114,450-500,0.0
10600,502.9833868891048,0.1583624217351766,500-550,0.0
10601,511.65159105749893,0.13345596894341272,500-550,0.0
10602,512.5298142645562,0.13112677963079,500-550,1.0
10603,471.93599284207886,0.2782585699120893,450-500,1.0
10604,479.9135917971048,0.24279108905853922,450-500,1.0
10605,560.2892928712176,0.04767447162762067,550-600,0.0
10606,462.89620940519853,0.3220748724316441,450-500,1.0
10607,527.8909326320232,0.09569940152300027,500-550,0.0
10608,491.89547411510426,0.19556016530653542,450-500,0.0
10609,533.8733343938266,0.08438760373751561,500-550,0.0
10610,553.4410612026413,0.05539470768114623,550-600,0.0
10611,528.8094185699096,0.09387855936956915,500-550,0.0
10612,511.9337545031752,0.13270383447173068,500-550,0.0
10613,463.1808464344297,0.3206406228451123,450-500,0.0
10614,488.1002193452994,0.20972412945459853,450-500,1.0
10615,495.99898920507655,0.18107377950187048,450-500,0.0
10616,490.4044940004361,0.2010364421390757,450-500,0.0
10617,475.5973501044682,0.2615918084168288,450-500,0.0
10618,498.5623263986263,0.17245672163288167,450-500,1.0
10619,498.0050067566714,0.17430220006974928,450-500,0.0
10620,529.1742690760418,0.09316392296586037,500-550,0.0
10621,530.0318946003017,0.09150327609165439,500-550,0.0
10622,525.693615624143,0.10018407436055912,500-550,0.0
10623,479.4909638491161,0.2445907867527994,450-500,1.0
10624,518.9128731544918,0.11521827938328956,500-550,0.0
10625,593.7429482138879,0.022588774026107816,550-600,0.0
10626,459.0561519866896,0.3417447539337601,450-500,0.0
10627,527.6419789501907,0.09619834891037199,500-550,0.0
10628,526.4214275687306,0.09867831539384782,500-550,0.0
10629,495.8547165892545,0.18156860264275693,450-500,0.0
10630,535.1669911597355,0.08210663237768533,500-550,0.0
10631,503.57289851524615,0.1565554517869639,500-550,0.0
10632,535.3107198648423,0.08185670403161148,500-550,0.0
10633,511.7722050817655,0.13313402002062258,500-550,0.0
10634,549.9152883268666,0.05981498591478998,500-550,0.0
10635,455.6995588523379,0.35939870807138147,450-500,0.0
10636,491.4333430690944,0.19724537216093868,450-500,0.0
10637,487.8880822976192,0.21053764398637184,450-500,1.0
10638,576.4822912793591,0.03328977301101919,550-600,0.0
10639,521.6739764107801,0.10887273774562127,500-550,0.0
10640,494.31387123282326,0.18691906609010422,450-500,0.0
10641,520.9945503063583,0.11040513406555384,500-550,0.0
10642,562.334793580341,0.045574034069517703,550-600,0.0
10643,481.3647105635557,0.23668045710701704,450-500,0.0
10644,460.897038949971,0.332242011082118,450-500,0.0
10645,515.0800705582747,0.12455815421236531,500-550,0.0
10646,509.6489276847394,0.13889837587254875,500-550,0.0
10647,460.3386429744166,0.33511051255318336,450-500,0.0
10648,483.21088046581065,0.2290609177413615,450-500,0.0
10649,504.6565940188739,0.15327755700723442,500-550,0.0
10650,492.8082473161225,0.19226372220007415,450-500,1.0
10651,510.0898791417754,0.1376842939191924,500-550,0.0
10652,518.3335154828588,0.1165899336977694,500-550,0.0
10653,471.5890482792803,0.2798713115360733,450-500,0.0
10654,473.21073727745784,0.27238233422001373,450-500,0.0
10655,534.1305186443212,0.08392960278340743,500-550,1.0
10656,459.2063255130408,0.34096464558231304,450-500,1.0
10657,522.3615591955747,0.10734098456780895,500-550,0.0
10658,520.043251005372,0.1125824439230958,500-550,0.0
10659,567.3269897364968,0.04081179500865435,550-600,0.0
10660,518.9424356593956,0.1151486666285863,500-550,0.0
10661,456.5179967331799,0.35505672435205243,450-500,0.0
10662,508.33775935991366,0.14256155144009552,500-550,0.0
10663,451.903663137941,0.37982971480415495,450-500,0.0
10664,478.0326541349875,0.2508697584415822,450-500,0.0
10665,467.35601155818756,0.30000036578820727,450-500,0.0
10666,511.91361214151294,0.13275740670223718,500-550,0.0
10667,513.6568473552834,0.12818836764993122,500-550,0.0
10668,516.2766612596953,0.12157457737560497,500-550,0.0
10669,579.8097564465286,0.030902464470651914,550-600,0.0
10670,531.7714129741319,0.088216551219511,500-550,0.0
10671,525.8900550378198,0.09977566369200319,500-550,0.0
10672,483.10311915028905,0.22950089577459876,450-500,0.0
10673,536.0648861621305,0.08055661741273135,500-550,0.0
10674,509.1981124975211,0.14014888523905153,500-550,1.0
10675,500.25813421075674,0.16693647203687678,500-550,0.0
10676,515.9885813449616,0.12228719824063075,500-550,0.0
10677,490.81776732286676,0.19950710922399073,450-500,0.0
10678,527.8909326320232,0.09569940152300027,500-550,0.0
10679,537.5765181720295,0.07800734095721801,500-550,0.0
10680,484.63836404092467,0.22328868657983195,450-500,0.0
10681,514.6121081318366,0.1257419504490773,500-550,0.0
10682,459.6060927926667,0.3388921722787078,450-500,1.0
10683,520.2904639148946,0.11201304991876267,500-550,0.0
10684,556.5696892842049,0.051731551592257535,550-600,0.0
10685,501.6574952526745,0.16248837606821412,500-550,0.0
10686,474.9810817903025,0.2643515226615684,450-500,0.0
10687,478.73289493776275,0.24784144487036205,450-500,0.0
10688,570.0946411280247,0.03838075189137816,550-600,0.0
10689,565.8129010680899,0.04220345473292964,550-600,0.0
10690,529.1742690760418,0.09316392296586037,500-550,0.0
10691,483.9141168199726,0.22620425231538083,450-500,0.0
10692,497.8626249218305,0.17477616692461023,450-500,0.0
10693,477.1523368826318,0.25471160728014114,450-500,1.0
10694,580.9563696123316,0.03011886757255587,550-600,0.0
10695,518.8022828477262,0.11547901824299278,500-550,0.0
10696,556.6875973487145,0.05159807527432302,550-600,0.0
10697,445.3776525298468,0.4159338050629026,<450,1.0
10698,480.87454917208333,0.23873258530889138,450-500,0.0
10699,512.8945392859617,0.13016965804271335,500-550,0.0
10700,515.0299906524501,0.12468438225115965,500-550,0.0
10701,465.01738459170326,0.31146860657848574,450-500,1.0
10702,526.0279530209423,0.09948984956894225,500-550,0.0
10703,516.5174560292904,0.12098167333989529,500-550,0.0
10704,503.1023206169897,0.15799650801706194,500-550,0.0
10705,531.8022391131464,0.08815927982656191,500-550,0.0
10706,545.820154513113,0.06536294514869917,500-550,1.0
10707,511.00109690243255,0.13520367008824957,500-550,0.0
10708,515.2283764460024,0.12418498716555895,500-550,0.0
10709,471.5890482792803,0.2798713115360733,450-500,1.0
10710,502.15281318618804,0.16093698097053685,500-550,0.0
10711,490.3544140946115,0.20122235938723365,450-500,1.0
10712,479.64444595653566,0.24393616459488224,450-500,0.0
10713,540.9522378175338,0.07257913342941394,500-550,0.0
10714,549.6895854709248,0.060108927932402606,500-550,0.0
10715,489.2445006592609,0.20537583667329318,450-500,1.0
10716,511.8222849875901,0.13300053751541854,500-550,1.0
10717,504.24186878041587,0.15452530322894115,500-550,0.0
10718,479.12716723376747,0.2461471681522679,450-500,1.0
10719,566.3288079431479,0.0417242421565591,550-600,0.0
10720,560.9806111522612,0.046954495774676,550-600,0.0
10721,559.641954497762,0.04835814211975385,550-600,0.0
10722,561.6708598781495,0.046245954908798896,550-600,0.0
10723,498.8070154443058,0.17165137110095854,450-500,0.0
10724,523.2736269935336,0.10533841444070287,500-550,0.0
10725,501.4471201735182,0.16315093398420763,500-550,0.0
10726,451.0994831259507,0.3842161895886365,450-500,0.0
10727,486.4785808085706,0.2160015797739777,450-500,0.0
10728,492.60306958319285,0.19300100582798652,450-500,0.0
10729,473.3019344360686,0.27196492764907887,450-500,1.0
10730,541.4960290356659,0.07173794490750102,500-550,0.0
10731,531.119609973516,0.08943541648147861,500-550,0.0
10732,491.19645549457437,0.1981134432438836,450-500,0.0
10733,552.0756589346311,0.057068808324951294,550-600,1.0
10734,496.66470135062673,0.178804137822722,450-500,0.0
10735,486.8646625533383,0.2144947857928517,450-500,0.0
10736,485.5825771429064,0.2195279784859531,450-500,1.0
10737,495.99568062400823,0.18108511542567313,450-500,1.0
10738,532.7725190478503,0.0863737014379835,500-550,0.0
10739,504.42592088428285,0.15397054086540637,500-550,0.0
10740,555.3521743396714,0.05312903803812656,550-600,0.0
10741,514.7125763921573,0.12548698837213357,500-550,0.0
10742,473.2610209327868,0.2721521379203977,450-500,0.0
10743,512.8945392859617,0.13016965804271335,500-550,0.0
10744,549.7396653767494,0.06004359033345918,500-550,0.0
10745,475.049043615227,0.2640462691738204,450-500,1.0
10746,541.8181051994858,0.07124397731461717,500-550,0.0
10747,546.2654709352498,0.06473718790556758,500-550,0.0
10748,564.8149384177706,0.04314540724514758,550-600,0.0
10749,543.7500848958082,0.06834628390037306,500-550,0.0
10750,531.7521592073218,0.08825233953438472,500-550,0.0
10751,501.10858011007264,0.16422169993339134,500-550,0.0
10752,548.5749324593731,0.06158050937866297,500-550,0.0
10753,533.2662303601577,0.0854777625061448,500-550,0.0
10754,511.65159105749893,0.13345596894341272,500-550,1.0
10755,533.1658051168605,0.08565931918706352,500-550,0.0
10756,533.8985972221224,0.08434251468182484,500-550,0.0
10757,541.4459491298413,0.07181503568991837,500-550,0.0
10758,584.6061649036417,0.02775073495869365,550-600,0.0
10759,530.3276484793778,0.09093679896887559,500-550,0.0
10760,492.92311120912865,0.1918519093718206,450-500,0.0
10761,474.93992706233746,0.2645364807762707,450-500,1.0
10762,520.2650187147576,0.11207154028559461,500-550,0.0
10763,494.5734703293282,0.18600919748031478,450-500,0.0
10764,478.3243611915331,0.2496052360409953,450-500,0.0
10765,533.9906404521194,0.08417842103749554,500-550,0.0
10766,501.6840077480382,0.16240503133527676,500-550,0.0
10767,493.34710915312166,0.19033760729252802,450-500,1.0
10768,500.5179096140695,0.16610343758273335,500-550,0.0
10769,500.95886107110545,0.16469704301921206,500-550,0.0
10770,533.115725211036,0.08574998813704393,500-550,0.0
10771,487.4462128596603,0.21223957091388154,450-500,0.0
10772,527.9821672658128,0.09551713124837075,500-550,0.0
10773,500.4219793049234,0.16641067365410234,500-550,0.0
10774,489.1532141950081,0.2057202591643524,450-500,1.0
10775,556.5669416925964,0.051734665857161896,550-600,1.0
10776,513.6848850604144,0.12811598852318362,500-550,0.0
10777,477.16849704054323,0.25464073390389147,450-500,0.0
10778,496.7253382924393,0.17859851545566302,450-500,1.0
10779,523.7431262025066,0.10432046766310481,500-550,0.0
10780,508.81021067754324,0.1412324102447455,500-550,0.0
10781,462.56808719688894,0.32373240677619014,450-500,0.0
10782,515.1871994277593,0.12428850039522475,500-550,0.0
10783,548.9854990794611,0.061034597608223246,500-550,0.0
10784,585.3194330911733,0.027309537972655028,550-600,0.0
10785,518.4144226596,0.11639753445171948,500-550,0.0
10786,491.19645549457437,0.1981134432438836,450-500,1.0
10787,447.01555263598243,0.4067706129808126,<450,0.0
10788,479.161663015295,0.24599930371799086,450-500,0.0
10789,461.6842608679083,0.32821910454870673,450-500,0.0
10790,523.6930462966819,0.10442863315222857,500-550,0.0
10791,475.03116169612707,0.2641265646749012,450-500,1.0
10792,495.187991535393,0.18386899002738516,450-500,0.0
10793,527.7029417568062,0.09607595413144832,500-550,0.0
10794,480.67329502519397,0.23957869202057358,450-500,0.0
10795,540.4983865682965,0.07328814492390988,500-550,0.0
10796,480.1295492773378,0.24187494661107134,450-500,0.0
10797,459.61423288245487,0.33885003620371984,450-500,0.0
10798,533.9768027865441,0.08420307214423119,500-550,1.0
10799,507.509751495017,0.14491611641067886,500-550,0.0
10800,486.5953124729604,0.2155451938837073,450-500,0.0
10801,478.93146310315615,0.24698717662086384,450-500,0.0
10802,530.6859010859408,0.09025484225807442,500-550,0.0
10803,491.34104114007806,0.19758326964475678,450-500,0.0
10804,517.4244406640285,0.1187707683922307,500-550,1.0
10805,495.4749590157376,0.18287611561557887,450-500,0.0
10806,492.2906569027113,0.19412775435743382,450-500,0.0
10807,507.5598314008416,0.14477279381340635,500-550,0.0
10808,513.662131725932,0.12817472341969494,500-550,0.0
10809,522.4116391013994,0.10723016369716656,500-550,0.0
10810,491.483422974919,0.1970622228923593,450-500,1.0
10811,529.4526445477468,0.09262195290002043,500-550,0.0
10812,461.0608934301703,0.33140262857765895,450-500,1.0
10813,490.3544140946115,0.20122235938723365,450-500,0.0
10814,496.31206497000863,0.1800036129925126,450-500,0.0
10815,551.7408514196243,0.057486510417014275,550-600,0.0
10816,504.6624967681599,0.15325985764375613,500-550,0.0
10817,555.815214538245,0.05259340151647497,550-600,0.0
10818,520.3345931939022,0.11191167408553122,500-550,0.0
10819,528.9804383648036,0.09354297133116543,500-550,0.0
10820,486.56986727282344,0.21564461736627635,450-500,0.0
10821,547.1724555699878,0.06347990642145669,500-550,0.0
10822,521.6550428269201,0.10891518701465232,500-550,0.0
10823,610.974860147529,0.015283256940977027,600-650,0.0
10824,508.18014632965367,0.14300727632703314,500-550,0.0
10825,507.5598314008416,0.14477279381340635,500-550,0.0
10826,572.4376330596099,0.03643194539287707,550-600,0.0
10827,536.3483005108623,0.08007293589012258,500-550,0.0
10828,459.56415297663034,0.33910930853016974,450-500,0.0
10829,491.483422974919,0.1970622228923593,450-500,0.0
10830,443.92512335813524,0.42410906356819716,<450,0.0
10831,485.703191167173,0.2190508782480183,450-500,0.0
10832,563.1518662445905,0.04475988867571436,550-600,0.0
10833,511.65159105749893,0.13345596894341272,500-550,0.0
10834,591.2245317714146,0.023909798756181065,550-600,0.0
10835,479.8926617028178,0.2428800046382283,450-500,1.0
10836,556.2111692526772,0.05213941767912884,550-600,0.0
10837,481.694889341985,0.23530499539248875,450-500,1.0
10838,479.92188090052423,0.2427558812633229,450-500,1.0
10839,475.6906413083775,0.26117566573481704,450-500,0.0
10840,484.2401090727254,0.22488859784740758,450-500,0.0
10841,567.9165906682803,0.04028184243238892,550-600,0.0
10842,501.24582855145,0.1637869187785907,500-550,0.0
10843,482.2997370744403,0.23279969915053636,450-500,0.0
10844,533.8985972221224,0.08434251468182484,500-550,0.0
10845,531.1754551189168,0.08933039458569911,500-550,0.0
10846,510.0397992359508,0.13782172990691008,500-550,0.0
10847,529.2173259393237,0.0930799097944927,500-550,0.0
10848,452.04161814644016,0.37907917300517385,450-500,0.0
10849,502.77470007955026,0.1590061337360666,500-550,0.0
10850,549.1092682614053,0.060870916981269126,500-550,0.0
10851,541.4459491298413,0.07181503568991837,500-550,0.0
10852,519.2653230462998,0.11439072216500744,500-550,0.0
10853,502.8141290627347,0.15888434936189855,500-550,0.0
10854,451.90840271414197,0.37980391966399824,450-500,0.0
10855,468.02131881196186,0.29678222970796575,450-500,0.0
10856,528.332227676079,0.09482065231738962,500-550,0.0
10857,481.9687505802202,0.23416834750248816,450-500,0.0
10858,486.9147424591629,0.2142998955822239,450-500,0.0
10859,489.70040760897245,0.20366210907067148,450-500,0.0
10860,538.8865947467484,0.07585793321648743,500-550,0.0
10861,468.6028691182839,0.2939856419380648,450-500,0.0
10862,510.0397992359508,0.13782172990691008,500-550,0.0
10863,565.8186663076661,0.04219807059283553,550-600,0.0
10864,445.23306688434315,0.4167455830161284,<450,1.0
10865,597.166291106709,0.02090683980364732,550-600,0.0
10866,522.9010848025437,0.10615236942691586,500-550,0.0
10867,511.48630947765776,0.13389821615844383,500-550,0.0
10868,536.2677844054049,0.08021007628371311,500-550,0.0
10869,510.3267667162954,0.13703575546989577,500-550,0.0
10870,533.9768027865441,0.08420307214423119,500-550,0.0
10871,505.07992736992196,0.15201243461758238,500-550,0.0
10872,549.1593481672298,0.06080480469421671,500-550,0.0
10873,455.27530271567025,0.3616586233027781,450-500,0.0
10874,487.58436519199813,0.2117063786371883,450-500,1.0
10875,491.24653540039895,0.1979296866791521,450-500,0.0
10876,513.7910756958929,0.12784217419333815,500-550,0.0
10877,452.04161814644016,0.37907917300517385,450-500,1.0
10878,479.5943660507111,0.24414963172599574,450-500,1.0
10879,525.7568396055216,0.10005246561122443,500-550,0.0
10880,506.94356308667585,0.14654468634167375,500-550,0.0
10881,471.026227807314,0.28249965075957684,450-500,0.0
10882,514.3362990410594,0.12644416231015662,500-550,0.0
10883,510.0898791417754,0.1376842939191924,500-550,0.0
10884,533.9234142996511,0.0842982424993879,500-550,0.0
10885,560.4032903484422,0.0475550306336775,550-600,0.0
10886,460.28382349239104,0.33539278423168595,450-500,0.0
10887,481.2768924862578,0.23704722293119165,450-500,0.0
10888,463.93845561722037,0.3168396468461481,450-500,1.0
10889,443.66476637305846,0.4255789650854782,<450,0.0
10890,530.7359809917655,0.09015987977327969,500-550,0.0
10891,449.9286893166254,0.39063603195014746,<450,0.0
10892,473.2610209327868,0.2721521379203977,450-500,0.0
10893,530.4656034878769,0.09067364546311149,500-550,0.0
10894,465.6142073316793,0.30851907442503435,450-500,0.0
10895,515.4021467220946,0.12374896778451243,500-550,1.0
10896,533.2662303601577,0.0854777625061448,500-550,0.0
10897,572.3344848498423,0.03651570034988135,550-600,0.0
10898,491.483422974919,0.1970622228923593,450-500,0.0
10899,545.0030818488635,0.06652574424047221,500-550,0.0
10900,488.8391084655131,0.20690864431790998,450-500,0.0
10901,452.4654247199404,0.3767770917162184,450-500,0.0
10902,560.3393727770423,0.04762196528915584,550-600,0.0
10903,531.7110044793568,0.08832888066312412,500-550,0.0
10904,481.56114997723256,0.23586146042480924,450-500,1.0
10905,493.0178083193005,0.19151290513524616,450-500,0.0
10906,503.51821545419836,0.15672235711049726,500-550,0.0
10907,504.2548961651722,0.15448598295782584,500-550,0.0
10908,528.0823224964519,0.09531739681006159,500-550,0.0
10909,497.6337381106116,0.17554022351680765,450-500,0.0
10910,515.3051468487288,0.12399219473225896,500-550,0.0
10911,580.4641237137014,0.030452882511701727,550-600,0.0
10912,472.2652936759,0.27673313724073334,450-500,0.0
10913,470.74700687931744,0.2838091357223236,450-500,1.0
10914,554.0982451421347,0.054605521530980604,550-600,0.0
10915,491.19645549457437,0.1981134432438836,450-500,0.0
10916,491.19645549457437,0.1981134432438836,450-500,0.0
10917,517.0774961012298,0.1196123372337931,500-550,1.0
10918,537.221058761792,0.07860007857060486,500-550,0.0
10919,535.2048214949338,0.08204078230852334,500-550,0.0
10920,545.9185263724512,0.06522423102243295,500-550,0.0
10921,451.6506544315038,0.3812076967208015,450-500,0.0
10922,534.2326376321445,0.08374837349427423,500-550,0.0
10923,474.88669274142114,0.26477585003402054,450-500,1.0
10924,567.4182762007496,0.04072930914127799,550-600,0.0
10925,531.1447211436272,0.08938817886311247,500-550,0.0
10926,533.115725211036,0.08574998813704393,500-550,0.0
10927,519.4321872000088,0.11400073123621951,500-550,0.0
10928,462.04481337967763,0.3263849299002928,450-500,1.0
10929,572.4041676608185,0.036459098569237874,550-600,0.0
10930,523.1132863499262,0.10568806025932145,500-550,0.0
10931,535.9188351029499,0.0808069110779243,500-550,0.0
10932,543.6046875350453,0.06856050387937629,500-550,0.0
10933,528.4701826845782,0.09454742861985779,500-550,0.0
10934,476.39817058534356,0.2580335611458198,450-500,0.0
10935,464.7804970171832,0.3126435901678856,450-500,0.0
10936,528.3460653416544,0.09479321457638738,500-550,0.0
10937,491.80549913873887,0.19588741157419337,450-500,0.0
10938,503.51821545419836,0.15672235711049726,500-550,0.0
10939,478.0827340408121,0.2506523641540528,450-500,0.0
10940,535.2549014007583,0.08195368377154337,500-550,0.0
10941,525.0996603853005,0.10142799558363201,500-550,0.0
10942,513.7688801331421,0.12789936450741216,500-550,0.0
10943,542.6156756439398,0.07003423470584287,500-550,0.0
10944,471.5890482792803,0.2798713115360733,450-500,0.0
10945,582.3261681493456,0.029207966181415725,550-600,0.0
10946,472.8164649814532,0.2741915113128391,450-500,0.0
10947,506.0926626999759,0.14902067195323307,500-550,0.0
10948,520.7095330342397,0.11105357587066929,500-550,0.0
10949,509.5767590373772,0.1390979323470269,500-550,0.0
10950,512.8676607379804,0.13023999022139937,500-550,0.0
10951,533.8752740043223,0.08438414114838318,500-550,0.0
10952,463.1342756052301,0.32087505656397425,450-500,0.0
10953,498.1847932493753,0.1737051682677311,450-500,0.0
10954,501.1957486456255,0.16394545657502382,500-550,1.0
10955,561.7358031129247,0.046179816675119695,550-600,0.0
10956,506.90035178859114,0.14666959876376862,500-550,0.0
10957,473.2610209327868,0.2721521379203977,450-500,0.0
10958,556.0035008758637,0.05237705718540354,550-600,0.0
10959,551.2584346121969,0.058093418649075905,550-600,0.0
10960,521.9485989028258,0.1082586629747747,500-550,0.0
10961,501.24582855145,0.1637869187785907,500-550,0.0
10962,506.0926626999759,0.14902067195323307,500-550,1.0
10963,506.3201956489379,0.1483552265426964,500-550,0.0
10964,515.4305004491963,0.12367794831250346,500-550,1.0
10965,470.93217736946843,0.2829403174258044,450-500,0.0
10966,478.06661290889497,0.25072233147052997,450-500,0.0
10967,486.93035856809684,0.21423915051239206,450-500,0.0
10968,568.2573868946771,0.03997853675262976,550-600,0.0
10969,478.94717263098414,0.24691967654990507,450-500,0.0
10970,530.6051955366582,0.09040806727976512,500-550,0.0
10971,464.8305769230078,0.3123949879277646,450-500,0.0
10972,497.7693337179212,0.17508726925337165,450-500,0.0
10973,529.1742690760418,0.09316392296586037,500-550,0.0
10974,521.5743372776375,0.10909629257646496,500-550,0.0
10975,459.61423288245487,0.33885003620371984,450-500,1.0
10976,509.24783774181253,0.14001049212674818,500-550,0.0
10977,490.75282408809153,0.19974685433560413,450-500,0.0
10978,499.4901717414824,0.1694186692956276,450-500,0.0
10979,520.1024290005709,0.11244591235347241,500-550,0.0
10980,560.3393727770423,0.04762196528915584,550-600,0.0
10981,468.3934748816063,0.2949908149396283,450-500,0.0
10982,494.39603004125473,0.1866307375999785,450-500,0.0
10983,499.2324234588443,0.1702583186680585,450-500,1.0
10984,532.6837785477475,0.08653563785271512,500-550,0.0
10985,530.1421553380846,0.09129171628966871,500-550,0.0
10986,561.8510047869413,0.04606271660208005,550-600,0.0
10987,556.5696892842049,0.051731551592257535,550-600,0.0
10988,493.9140034721417,0.1883272614430702,450-500,0.0
10989,574.8996044725116,0.034486880099972604,550-600,0.0
10990,542.6425541919211,0.06999379840725183,500-550,0.0
10991,473.4873316995034,0.271117606493119,450-500,0.0
10992,502.70823069282613,0.15921160921106284,500-550,0.0
10993,475.0017158820209,0.26425881984630556,450-500,0.0
10994,471.72150245776805,0.27925493577119465,450-500,1.0
10995,502.58958647651366,0.15957890660600194,500-550,0.0
10996,463.1311211901383,0.32089093889918313,450-500,0.0
10997,491.4494336436733,0.19718651266821563,450-500,0.0
10998,549.6895854709248,0.060108927932402606,500-550,0.0
10999,554.8581499976824,0.05370619171373844,550-600,0.0
11000,483.8841977436364,0.2263252735782687,450-500,1.0
11001,510.25694492294286,0.13722664239595292,500-550,0.0
11002,487.9623213621769,0.2102526851048862,450-500,1.0
11003,462.804974771409,0.3225353041892138,450-500,0.0
11004,623.4909631198473,0.011489343146106981,600-650,0.0
11005,456.5754911900258,0.3547525897968309,450-500,0.0
11006,561.9010846927658,0.04601189960710599,550-600,0.0
11007,590.4094638468215,0.024353266742238314,550-600,0.0
11008,500.472059210748,0.16625022599591852,500-550,0.0
11009,556.2612491585018,0.052082262801267216,550-600,0.0
11010,510.27668681047084,0.13717264706879925,500-550,0.0
11011,573.8076578929215,0.03533689232438026,550-600,0.0
11012,460.2351745816991,0.33564338154461926,450-500,0.0
11013,486.68880100070834,0.21518018631815078,450-500,0.0
11014,524.3093146108478,0.10310445244906986,500-550,0.0
11015,580.5142036195259,0.03041873735612247,550-600,0.0
11016,570.0044081897215,0.03845777196665845,550-600,0.0
11017,531.3569226910096,0.0889898958165934,500-550,0.0
11018,451.66677556342097,0.3811198375539003,450-500,0.0
11019,476.6316152743612,0.2570022702525505,450-500,1.0
11020,554.4485140977001,0.05418923678955851,550-600,0.0
11021,540.5122242338718,0.07326643360356834,500-550,0.0
11022,450.91260926613273,0.3852382420332026,450-500,1.0
11023,482.9731428539889,0.23003236423347603,450-500,0.0
11024,491.24653540039895,0.1979296866791521,450-500,0.0
11025,507.5598314008416,0.14477279381340635,500-550,0.0
11026,515.9603878106304,0.1223571331490017,500-550,0.0
11027,521.3165889949994,0.10967645773497679,500-550,1.0
11028,493.5860452798825,0.18948828661808007,450-500,0.0
11029,561.6708598781495,0.046245954908798896,550-600,0.0
11030,484.15633747181164,0.2252261677870569,450-500,1.0
11031,460.0970158236956,0.33635556113581855,450-500,1.0
11032,524.4729662427787,0.10275531852404175,500-550,0.0
11033,488.2077937079698,0.2093124808331684,450-500,0.0
11034,547.1302310878318,0.06353793031560877,500-550,0.0
11035,491.24653540039895,0.1979296866791521,450-500,0.0
11036,532.562143968694,0.08675804693599967,500-550,0.0
11037,478.01662516679534,0.2509393658526924,450-500,0.0
11038,480.7193050961398,0.23938507687769556,450-500,0.0
11039,529.1241891702173,0.09326172518504164,500-550,0.0
11040,504.5613931289116,0.1535632476544684,500-550,0.0
11041,471.04861111249244,0.2823948366868522,450-500,1.0
11042,464.8305769230078,0.3123949879277646,450-500,1.0
11043,534.8538114578314,0.08265362519529731,500-550,0.0
11044,525.0510295819521,0.10153044768466502,500-550,0.0
11045,457.55482684396713,0.3495902790301484,450-500,0.0
11046,488.924068591826,0.20658670703528637,450-500,0.0
11047,521.2314378808783,0.10986871789860876,500-550,0.0
11048,516.6126774592976,0.12074790039241912,500-550,0.0
11049,497.112885450884,0.1772886969134749,450-500,0.0
11050,498.59805043569503,0.1723389561120953,450-500,0.0
11051,485.13822494107717,0.22129209514361015,450-500,0.0
11052,500.95886107110545,0.16469704301921206,500-550,0.0
11053,489.2867226824527,0.20521667828989676,450-500,0.0
11054,472.60701444714766,0.27515564158522104,450-500,1.0
11055,511.65159105749893,0.13345596894341272,500-550,0.0
11056,501.76915886215926,0.16213758319430796,500-550,0.0
11057,542.4175721313256,0.07033293009260691,500-550,0.0
11058,493.4052738056029,0.19013058783943723,450-500,0.0
11059,464.3098553147372,0.31498516233899826,450-500,0.0
11060,544.6591597146385,0.0670209123214757,500-550,1.0
11061,551.6465339029605,0.057604697201198776,550-600,1.0
11062,494.4341228742612,0.18649717077107128,450-500,0.0
11063,490.40923357663706,0.20101885353963614,450-500,0.0
11064,533.2662303601577,0.0854777625061448,500-550,0.0
11065,527.6281412846154,0.09622615013033037,500-550,0.0
11066,502.47324525362296,0.15993974072002945,500-550,0.0
11067,514.4678450249669,0.12610882790449396,500-550,0.0
11068,492.3161021028483,0.1940357971435571,450-500,0.0
11069,449.59938848280433,0.39244864680014235,<450,1.0
11070,505.07992736992196,0.15201243461758238,500-550,0.0
11071,521.7600776511061,0.10867988112393527,500-550,0.0
11072,521.2314378808783,0.10986871789860876,500-550,0.0
11073,516.1353610807404,0.12192366228905685,500-550,0.0
11074,485.2356325801078,0.22090451171998207,450-500,1.0
11075,547.1803109936563,0.06346911713338292,500-550,1.0
11076,482.0610525092366,0.23378611273947442,450-500,0.0
11077,488.1350220740494,0.20959088681034316,450-500,0.0
11078,497.9746695935139,0.1744031026588536,450-500,0.0
11079,476.34464779401657,0.25827038930240376,450-500,0.0
11080,510.0898791417754,0.1376842939191924,500-550,0.0
11081,541.6817694091345,0.07145269078428969,500-550,0.0
11082,482.07427008163074,0.23373141248795976,450-500,1.0
11083,480.5276046092847,0.24019247964106125,450-500,0.0
11084,513.6588231448636,0.12818326602175842,500-550,0.0
11085,555.9598376589275,0.052427151994020704,550-600,0.0
11086,490.01083971926795,0.2025013168300853,450-500,0.0
11087,486.9804338929114,0.21404444708630116,450-500,0.0
11088,528.7455009985097,0.09400426009040082,500-550,0.0
11089,529.6903775785585,0.09216135268761222,500-550,0.0
11090,526.8808396183805,0.09773825024271045,500-550,0.0
11091,529.4526445477468,0.09262195290002043,500-550,0.0
11092,486.3940208508922,0.2163326209227554,450-500,0.0
11093,487.47685190756147,0.21212123637753824,450-500,0.0
11094,536.2531724997492,0.08023498722813964,500-550,0.0
11095,478.6639688925308,0.2481384372059564,450-500,1.0
11096,500.1079606844055,0.16741956274253664,500-550,0.0
11097,465.06746449752785,0.3112205156081198,450-500,0.0
11098,529.1241891702173,0.09326172518504164,500-550,0.0
11099,507.10121735517083,0.1460896966765428,500-550,1.0
11100,552.8613012558855,0.056099820739137655,550-600,0.0
11101,458.772191482492,0.3432221873939671,450-500,0.0
11102,525.4045855832044,0.10078768799924796,500-550,0.0
11103,561.9010846927658,0.04601189960710599,550-600,0.0
11104,525.9758597232989,0.0995977349988734,500-550,1.0
11105,522.9980846759095,0.10593990550033533,500-550,0.0
11106,499.4014370925538,0.16970736157394484,450-500,0.0
11107,558.2238679027253,0.049888473046477345,550-600,0.0
11108,562.2968956029811,0.045612136508239795,550-600,1.0
11109,473.7002913104338,0.27014636566185046,450-500,0.0
11110,472.02175131469636,0.27786081045577304,450-500,1.0
11111,448.8953020913406,0.39633414677610573,<450,0.0
11112,460.1793539955693,0.33593103524279094,450-500,0.0
11113,525.6122539600179,0.10035366536130017,500-550,0.0
11114,479.4909638491161,0.2445907867527994,450-500,0.0
11115,483.67392066438424,0.22717712643906285,450-500,0.0
11116,485.5324972370818,0.21972629361361914,450-500,1.0
11117,467.19145077369285,0.30079942691928924,450-500,0.0
11118,493.3167215285154,0.19044583138351592,450-500,0.0
11119,551.8740668519225,0.057319969555863354,550-600,0.0
11120,500.20984225724317,0.16709169991198658,500-550,0.0
11121,456.7972176611765,0.3535808002767919,450-500,0.0
11122,533.9873318710511,0.08418431451241096,500-550,0.0
11123,572.3344848498423,0.03651570034988135,550-600,0.0
11124,517.1308845881227,0.11948250038819928,500-550,0.0
11125,491.19645549457437,0.1981134432438836,450-500,0.0
11126,509.5767590373772,0.1390979323470269,500-550,0.0
11127,488.2344610903521,0.2092105262363235,450-500,1.0
11128,485.2356325801078,0.22090451171998207,450-500,0.0
11129,496.2409863851017,0.18024614235907044,450-500,0.0
11130,453.46537505366456,0.3713675978874049,450-500,0.0
11131,491.51945620324506,0.19693052370221092,450-500,1.0
11132,521.8985189970012,0.10837041775823127,500-550,0.0
11133,483.9707853213583,0.2259751564164749,450-500,1.0
11134,486.7566749415189,0.21491546709364584,450-500,1.0
11135,575.5543317534971,0.033986706322984915,550-600,0.0
11136,474.07226089126823,0.26845519750294,450-500,0.0
11137,510.0397992359508,0.13782172990691008,500-550,0.0
11138,501.5907454942052,0.1626983633931232,500-550,0.0
11139,520.9846892305184,0.11042751347347561,500-550,0.0
11140,467.50059720369126,0.29929930042391945,450-500,1.0
11141,548.9854990794611,0.061034597608223246,500-550,0.0
11142,522.3615591955747,0.10734098456780895,500-550,0.0
11143,513.7434349330052,0.1279649548760421,500-550,0.0
11144,566.2737990172973,0.04177508962122163,550-600,0.0
11145,490.54244900893525,0.20052496124267946,450-500,0.0
11146,581.0064495181563,0.030085085308558555,550-600,0.0
11147,476.4906580089872,0.257624655900421,450-500,0.0
11148,530.5576818068172,0.09049838488133718,500-550,0.0
11149,531.241721016993,0.08920591981887235,500-550,1.0
11150,477.5890227285047,0.25280100957790846,450-500,1.0
11151,460.0970158236956,0.33635556113581855,450-500,0.0
11152,504.68794196829685,0.1531835795011177,500-550,0.0
11153,556.5696892842049,0.051731551592257535,550-600,0.0
11154,474.8298700740589,0.26503150723836166,450-500,0.0
11155,478.06661290889497,0.25072233147052997,450-500,0.0
11156,517.1687825654827,0.11939040925327223,500-550,0.0
11157,432.11934543058084,0.4917116944774182,<450,0.0
11158,525.7970840168605,0.09996877181598054,500-550,0.0
11159,483.24912936525965,0.2289048941731184,450-500,0.0
11160,497.43331751831886,0.17621141262009982,450-500,0.0
11161,486.7012129649148,0.21513175999629136,450-500,0.0
11162,476.63711122268984,0.2569780232592474,450-500,0.0
11163,526.985017561505,0.09752619130661246,500-550,0.0
11164,513.662131725932,0.12817472341969494,500-550,0.0
11165,445.4699544588632,0.4154158128216882,<450,1.0
11166,505.8010288808153,0.14987718558109575,500-550,0.0
11167,444.39576506058125,0.42145537544231987,<450,0.0
11168,531.7038672538083,0.08834216084535751,500-550,0.0
11169,513.7688801331421,0.12789936450741216,500-550,0.0
11170,562.2370482864906,0.0456723684827804,550-600,0.0
11171,490.6461211511571,0.20014122926244846,450-500,0.0
11172,517.4186975247591,0.11878465748839655,500-550,0.0
11173,537.3678255113008,0.0783548435652977,500-550,0.0
11174,522.7430698907773,0.10649928189284039,500-550,0.0
11175,547.1254915116309,0.06354444641544048,500-550,0.0
11176,451.8170755602191,0.38030108700376125,450-500,0.0
11177,566.4200051017588,0.041640074517516085,550-600,0.0
11178,530.501597558779,0.0906050985045314,500-550,0.0
11179,533.9906404521194,0.08417842103749554,500-550,0.0
11180,498.0050067566714,0.17430220006974928,450-500,1.0
11181,519.5570236771798,0.11370972442282908,500-550,1.0
11182,484.7725923815342,0.22275128134867248,450-500,0.0
11183,533.8733343938266,0.08438760373751561,500-550,0.0
11184,503.8136011211164,0.1558224924437027,500-550,0.0
11185,551.2083547063723,0.058156765429969996,550-600,0.0
11186,597.4438317383239,0.020775979023491313,550-600,0.0
11187,491.76264390291556,0.19604342509724512,450-500,0.0
11188,487.05936557984535,0.21373780553918656,450-500,0.0
11189,530.7569558828893,0.09012013353147341,500-550,0.0
11190,515.328470066529,0.12393367437112784,500-550,0.0
11191,522.4116391013994,0.10723016369716656,500-550,0.0
11192,495.0003112826024,0.18452059776964816,450-500,1.0
11193,554.9779127144832,0.053565735832990256,550-600,0.0
11194,545.9654981704557,0.06515809274382668,500-550,0.0
11195,528.0823224964519,0.09531739681006159,500-550,0.0
11196,471.6490253617343,0.27959210504631193,450-500,1.0
11197,490.4923691031107,0.20071052430413727,450-500,0.0
11198,547.1254915116309,0.06354444641544048,500-550,0.0
11199,520.9600545248308,0.11048343854114451,500-550,1.0
11200,554.4590273705087,0.05417678842217816,550-600,0.0
11201,521.9015349410963,0.1083636847234503,500-550,0.0
11202,533.1658051168605,0.08565931918706352,500-550,0.0
11203,491.0318947100796,0.1987181651334427,450-500,0.0
11204,488.66640775364056,0.20756419732603745,450-500,0.0
11205,529.1241891702173,0.09326172518504164,500-550,0.0
11206,528.0734537300657,0.09533506824625983,500-550,0.0
11207,536.014806256306,0.08064236160308359,500-550,0.0
11208,488.87398868600144,0.2067764287221999,450-500,0.0
11209,503.7261968606935,0.15608832156021066,500-550,0.0
11210,524.8510043408626,0.10195281316195687,500-550,0.0
11211,518.1188747925396,0.11710169251680196,500-550,0.0
11212,521.1112970790639,0.11014048266105722,500-550,0.0
11213,507.90062762723846,0.14380060157870528,500-550,0.0
11214,548.0176128174182,0.06232885384372635,500-550,0.0
11215,495.1147579048211,0.18412303781026484,450-500,0.0
11216,503.9549013000713,0.15539352657622799,500-550,0.0
11217,560.2892928712176,0.04767447162762067,550-600,0.0
11218,496.8337149843362,0.17823146664731995,450-500,0.0
11219,536.2677844054049,0.08021007628371311,500-550,0.0
11220,503.51821545419836,0.15672235711049726,500-550,0.0
11221,518.2834355770343,0.11670916321177889,500-550,1.0
11222,487.35521945055393,0.21259129112451772,450-500,0.0
11223,541.6364935379784,0.07152212736785411,500-550,0.0
11224,527.7914936157206,0.09589841682727494,500-550,0.0
11225,446.96547273015784,0.40704985883879075,<450,0.0
11226,537.6265980778542,0.07792416101936114,500-550,0.0
11227,580.579146854301,0.030374513405319516,550-600,1.0
11228,577.715547817553,0.032384877669268654,550-600,0.0
11229,549.3050385831391,0.06061285520890618,500-550,0.0
11230,486.8853341202355,0.21441432502184452,450-500,0.0
11231,486.0220512700578,0.2177931923648818,450-500,0.0
11232,517.3686176189344,0.11890582931954685,500-550,0.0
11233,531.6609245735323,0.08842210203867713,500-550,0.0
11234,520.9444704005338,0.11051883002250962,500-550,0.0
11235,522.4116391013994,0.10723016369716656,500-550,0.0
11236,483.72730915127715,0.2269606302770384,450-500,1.0
11237,437.7639205410459,0.4591975273335304,<450,0.0
11238,541.4960290356659,0.07173794490750102,500-550,0.0
11239,504.47527999476097,0.15382204195909616,500-550,0.0
11240,519.2294031397403,0.11447482513784675,500-550,1.0
11241,502.0041443013625,0.16140136834057578,500-550,0.0
11242,502.47324525362296,0.15993974072002945,500-550,0.0
11243,503.56585621708604,0.1565769383828189,500-550,0.0
11244,480.5276046092847,0.24019247964106125,450-500,1.0
11245,432.66941270700494,0.48853563168260283,<450,0.0
11246,474.8728127543349,0.26483828446557467,450-500,0.0
11247,453.17840757331993,0.37291679481851575,450-500,0.0
11248,483.8607283330797,0.2264202382993727,450-500,0.0
11249,523.4999377602503,0.10484664821592718,500-550,0.0
11250,559.0997370251387,0.04893794372408548,550-600,0.0
11251,498.9119913914094,0.17130677647769618,450-500,0.0
11252,556.7684888946321,0.051506691449433116,550-600,0.0
11253,500.57131391266074,0.16593259651375553,500-550,0.0
11254,534.1238558844176,0.08394143947149925,500-550,0.0
11255,445.23306688434315,0.4167455830161284,<450,0.0
11256,601.0795999202334,0.019134036363676565,600-650,0.0
11257,525.4289612191217,0.10073665721493937,500-550,0.0
11258,475.50734597025473,0.26199369408769313,450-500,1.0
11259,536.0648861621305,0.08055661741273135,500-550,0.0
11260,529.4226685842962,0.09268017690737375,500-550,0.0
11261,470.4600393989728,0.2851587616709289,450-500,0.0
11262,531.2826761521264,0.08912906738499198,500-550,0.0
11263,497.44147365101145,0.17618405919007607,450-500,0.0
11264,551.9739784942245,0.057195361308149714,550-600,0.0
11265,543.2908647840183,0.06902499359905664,500-550,0.0
11266,467.8077893177138,0.29781291140586436,450-500,0.0
11267,581.0303121220425,0.030069001295832298,550-600,0.0
11268,528.1857246980469,0.09511157920847013,500-550,0.0
11269,542.1169707349101,0.07078841874817798,500-550,0.0
11270,524.1852921953124,0.10336974044154824,500-550,0.0
11271,492.10416092465886,0.1948027478855907,450-500,0.0
11272,444.6326526351013,0.42012140194018915,<450,1.0
11273,522.4116391013994,0.10723016369716656,500-550,0.0
11274,526.6240127823233,0.09826278991317236,500-550,0.0
11275,540.2563932837622,0.07366879176631828,500-550,0.0
11276,530.2200741167073,0.09114247718047637,500-550,0.0
11277,511.76185179528187,0.1331616297122345,500-550,0.0
11278,523.1132863499262,0.10568806025932145,500-550,0.0
11279,510.4414268597972,0.1367227688800845,500-550,0.0
11280,482.35240490424906,0.23258242924944708,450-500,0.0
11281,480.5276046092847,0.24019247964106125,450-500,1.0
11282,552.7700666220959,0.05621154767595616,550-600,0.0
11283,465.9477817498836,0.30687728834376515,450-500,0.0
11284,466.9311506757305,0.3020658435899361,450-500,1.0
11285,537.72359795122,0.07776328054244594,500-550,0.0
11286,490.3544140946115,0.20122235938723365,450-500,0.0
11287,464.3132982002396,0.3149679986566109,450-500,0.0
11288,523.8128090134827,0.10417012737770544,500-550,0.0
11289,523.1132863499262,0.10568806025932145,500-550,0.0
11290,508.15551162396605,0.1430770473511228,500-550,0.0
11291,502.5644798874125,0.15965671923848487,500-550,1.0
11292,491.19645549457437,0.1981134432438836,450-500,0.0
11293,541.9327148815388,0.0710689594998834,500-550,0.0
11294,537.7004396454626,0.0778016624091406,500-550,0.0
11295,484.02086522718287,0.2257728332670972,450-500,0.0
11296,505.8577253336819,0.14971035406732366,500-550,0.0
11297,506.71467627545695,0.14720734117990183,500-550,1.0
11298,495.94560071818364,0.18125676766391355,450-500,0.0
11299,485.2356325801078,0.22090451171998207,450-500,0.0
11300,522.9980846759095,0.10593990550033533,500-550,1.0
11301,503.9815686824536,0.1553126766354289,500-550,0.0
11302,524.9360064413523,0.10177313606689527,500-550,0.0
11303,490.84843459817625,0.19939397271445872,450-500,0.0
11304,564.2528332487514,0.04368476963300356,550-600,0.0
11305,524.8869984117646,0.10187669473967062,500-550,0.0
11306,491.00848218663737,0.1988043133066174,450-500,0.0
11307,467.2637096291712,0.3004484087848408,450-500,0.0
11308,540.7919426442022,0.07282882324481306,500-550,0.0
11309,514.2427687345129,0.12668305154415951,500-550,0.0
11310,493.87450543750344,0.18846680100595226,450-500,0.0
11311,484.34294139100274,0.22447471120618273,450-500,1.0
11312,512.5207161751817,0.13115073130566593,500-550,0.0
11313,536.6915779926352,0.07949064185639632,500-550,0.0
11314,480.57768451510924,0.23998137386492582,450-500,0.0
11315,482.7817993585968,0.23081633029792353,450-500,0.0
11316,495.99568062400823,0.18108511542567313,450-500,0.0
11317,502.2236836610156,0.16071598781222327,500-550,0.0
11318,461.8469664032472,0.32739074828139214,450-500,0.0
11319,494.4873571951776,0.18631063601927347,450-500,0.0
11320,490.54244900893525,0.20052496124267946,450-500,0.0
11321,550.15293869918,0.0595069392438342,550-600,0.0
11322,477.1523368826318,0.25471160728014114,450-500,0.0
11323,498.4443725519912,0.17284601296747107,450-500,0.0
11324,551.5845810309263,0.05768245280390753,550-600,0.0
11325,491.24653540039895,0.1979296866791521,450-500,0.0
11326,523.4602309127248,0.10493278309487007,500-550,0.0
11327,529.1742690760418,0.09316392296586037,500-550,0.0
11328,496.4851263251526,0.1794141703469528,450-500,0.0
11329,556.2612491585018,0.052082262801267216,550-600,0.0
11330,521.8985189970012,0.10837041775823127,500-550,1.0
11331,465.7598084419465,0.3078018566527676,450-500,0.0
11332,478.6639688925308,0.2481384372059564,450-500,1.0
11333,495.06078516458064,0.18431044339396577,450-500,0.0
11334,476.34464779401657,0.25827038930240376,450-500,0.0
11335,505.66886911274565,0.15026666534265318,500-550,0.0
11336,517.1687825654827,0.11939040925327223,500-550,0.0
11337,515.57009721725,0.12332880125281988,500-550,0.0
11338,518.8760955914735,0.1153049329968313,500-550,0.0
11339,504.71180457218304,0.15311207383178807,500-550,0.0
11340,473.3826533897943,0.27159581396400784,450-500,0.0
11341,532.7064330593507,0.08649427109066035,500-550,0.0
11342,517.3143836757499,0.11903717271733076,500-550,0.0
11343,495.3928002073061,0.18315994974769514,450-500,0.0
11344,491.24653540039895,0.1979296866791521,450-500,0.0
11345,478.6639688925308,0.2481384372059564,450-500,0.0
11346,457.0199982788736,0.3524052089227886,450-500,0.0
11347,480.67329502519397,0.23957869202057358,450-500,1.0
11348,556.9348611465189,0.051319220315223506,550-600,0.0
11349,573.2414694845804,0.03578554568909191,550-600,0.0
11350,516.0243053820304,0.12219863311068392,500-550,0.0
11351,524.1829120203009,0.10337483761471034,500-550,0.0
11352,591.5990196929006,0.023708695154040144,550-600,0.0
11353,570.821480853971,0.037765722895110994,550-600,0.0
11354,530.6051955366582,0.09040806727976512,500-550,0.0
11355,446.7947788000667,0.40800209954005423,<450,0.0
11356,437.00651510775964,0.4635463325194862,<450,0.0
11357,578.4579716677963,0.03185164007943978,550-600,0.0
11358,541.3593615521194,0.07194850510241518,500-550,0.0
11359,479.64444595653566,0.24393616459488224,450-500,1.0
11360,541.5864136321537,0.07159900411778487,500-550,0.0
11361,563.2417782150791,0.044671150072666095,550-600,0.0
11362,517.676644573047,0.1181622278056744,500-550,1.0
11363,506.12074029116593,0.1489384229408894,500-550,0.0
11364,543.4106275008189,0.06884738975769988,500-550,0.0
11365,478.4074967180067,0.24924563132452007,450-500,0.0
11366,547.1254915116309,0.06354444641544048,500-550,0.0
11367,552.1095741015341,0.05702665554333785,550-600,0.0
11368,545.215507137952,0.06622160066138004,500-550,0.0
11369,562.5778445128875,0.0453303914772603,550-600,0.0
11370,504.1956960696665,0.1546647311810893,500-550,0.0
11371,466.2770825837047,0.3052613225906914,450-500,0.0
11372,445.5200343646877,0.4151348458659417,<450,1.0
11373,463.1808464344297,0.3206406228451123,450-500,0.0
11374,488.07488996631463,0.20982114238919244,450-500,0.0
11375,528.4726921783915,0.09454246503381952,500-550,1.0
11376,521.2869200291811,0.10974341290055326,500-550,0.0
11377,524.8869984117646,0.10187669473967062,500-550,0.0
11378,531.3095949578036,0.08907858670247484,500-550,0.0
11379,511.76848948838915,0.13314392804507313,500-550,1.0
11380,549.9138229131896,0.05981689003450174,500-550,0.0
11381,479.83599320143213,0.2431208557089786,450-500,0.0
11382,498.0050067566714,0.17430220006974928,450-500,1.0
11383,498.6481303415196,0.17217397318316643,450-500,0.0
11384,501.19029643573083,0.1639627240627082,500-550,0.0
11385,471.6490253617343,0.27959210504631193,450-500,0.0
11386,510.89188782940977,0.1354989711153871,500-550,0.0
11387,473.0742132640913,0.2730079489943325,450-500,0.0
11388,540.5571984296821,0.0731959099208648,500-550,0.0
11389,539.7386833402073,0.07448924863322406,500-550,1.0
11390,503.10400091337135,0.15799134330976886,500-550,0.0
11391,566.3288079431479,0.0417242421565591,550-600,0.0
11392,472.4510340493687,0.2758750060887205,450-500,1.0
11393,539.402707830275,0.07502618348754073,500-550,0.0
11394,508.90967792125434,0.14095390320229714,500-550,0.0
11395,515.3051468487288,0.12399219473225896,500-550,0.0
11396,508.73471763741435,0.14144409661048737,500-550,0.0
11397,478.4074967180067,0.24924563132452007,450-500,1.0
11398,565.4867665431851,0.04250910229671532,550-600,0.0
11399,489.1532141950081,0.2057202591643524,450-500,0.0
11400,521.3636904319076,0.10957023556912002,500-550,1.0
11401,528.2821477702545,0.09492001170235922,500-550,0.0
11402,497.95492685084685,0.1744687925360347,450-500,1.0
11403,507.509751495017,0.14491611641067886,500-550,0.0
11404,575.5706260775803,0.03397434808525989,550-600,0.0
11405,572.0633714344216,0.03673672503632173,550-600,0.0
11406,503.22027446362483,0.15763428768493543,500-550,0.0
11407,560.2892928712176,0.04767447162762067,550-600,0.0
11408,462.56808719688894,0.32373240677619014,450-500,0.0
11409,490.7793365834553,0.19964895443150374,450-500,0.0
11410,522.3615591955747,0.10734098456780895,500-550,0.0
11411,522.7931497966019,0.10638922644374592,500-550,0.0
11412,499.5166387665704,0.16933263631555137,450-500,0.0
11413,529.3992560608539,0.09272567522898996,500-550,0.0
11414,506.37963018032053,0.14818180835147754,500-550,0.0
11415,474.16367509602725,0.2680406081578226,450-500,1.0
11416,476.34464779401657,0.25827038930240376,450-500,1.0
11417,509.89303248644205,0.13822517082672042,500-550,0.0
11418,549.1046770000066,0.06087698143365953,500-550,0.0
11419,496.67646982054464,0.17876421597860714,450-500,0.0
11420,493.73319089788936,0.18896669025447815,450-500,0.0
11421,506.8502718827666,0.14681447680811072,500-550,0.0
11422,537.9840938254665,0.077332735645695,500-550,0.0
11423,589.6648245953475,0.024765419096691898,550-600,0.0
11424,498.78608535001877,0.17172014201272418,450-500,0.0
11425,537.7341788661902,0.07774574982926064,500-550,0.0
11426,474.6359251798149,0.2659052942258441,450-500,0.0
11427,529.1742690760418,0.09316392296586037,500-550,0.0
11428,522.7337152652192,0.10651985070143767,500-550,0.0
11429,461.54636288478576,0.32892200046315134,450-500,1.0
11430,502.82222817005066,0.15885934300235846,500-550,1.0
11431,528.6368945467983,0.09421819219874948,500-550,0.0
11432,553.7977114939621,0.054965097299490846,550-600,0.0
11433,522.9927204051381,0.10595164534636416,500-550,0.0
11434,468.77203305800185,0.2931750513799801,450-500,0.0
11435,531.1260960084387,0.0894232131879837,500-550,0.0
11436,503.42790120858683,0.15699833421450518,500-550,0.0
11437,443.52335931331106,0.42637786249334453,<450,1.0
11438,529.1742690760418,0.09316392296586037,500-550,0.0
11439,467.55067710951585,0.29905669245046135,450-500,1.0
11440,574.1955180810478,0.035032680659713974,550-600,0.0
11441,547.6019196076682,0.06289254723183092,500-550,1.0
11442,524.4627967182673,0.10277698361879344,500-550,0.0
11443,524.5615185198662,0.10256683814032716,500-550,0.0
11444,498.9728930187142,0.17110711212156496,450-500,0.0
11445,571.8714446512687,0.036893970315023054,550-600,0.0
11446,513.2806210307294,0.12916297088464798,500-550,0.0
11447,565.7954154817755,0.04221978848653592,550-600,0.0
11448,553.1415940601189,0.0557578763495356,550-600,0.0
11449,529.843859685978,0.09186508017656328,500-550,0.0
11450,516.9003515067641,0.12004401343355786,500-550,0.0
11451,546.4125461334302,0.0645317460916493,500-550,0.0
11452,520.3299619495328,0.11192230942831959,500-550,0.0
11453,509.6505717811244,0.13889383251307919,500-550,1.0
11454,516.8180133348903,0.1202451174706459,500-550,0.0
11455,519.3391646139082,0.11421799830110267,500-550,0.0
11456,510.2964295531379,0.13711866727323213,500-550,0.0
11457,504.70365149612485,0.15313650191884315,500-550,0.0
11458,491.483422974919,0.1970622228923593,450-500,0.0
11459,545.7084027165898,0.06552085918784564,500-550,0.0
11460,463.009256756218,0.32150483793133894,450-500,1.0
11461,516.7146111332953,0.12049808054101878,500-550,0.0
11462,531.3142755248442,0.08906981189480359,500-550,0.0
11463,494.81350361390696,0.18517094882099794,450-500,1.0
11464,464.7804970171832,0.3126435901678856,450-500,1.0
11465,539.8378940477347,0.07433137331832312,500-550,0.0
11466,486.60107771253666,0.21552267165412423,450-500,1.0
11467,457.6049067497917,0.3493272289395683,450-500,1.0
11468,522.6569448624928,0.1066887845156162,500-550,0.0
11469,503.42790120858683,0.15699833421450518,500-550,0.0
11470,509.09053170918503,0.14044869118712672,500-550,0.0
11471,527.6419789501907,0.09619834891037199,500-550,0.0
11472,504.24262554616007,0.15452301887567296,500-550,0.0
11473,479.0693610862786,0.2463950854639904,450-500,0.0
11474,528.2358046038714,0.09501204034706191,500-550,0.0
11475,529.4905425251067,0.09254838852975233,500-550,0.0
11476,513.8613013656634,0.12766137059787505,500-550,0.0
11477,511.20952575004924,0.13464158607611548,500-550,0.0
11478,517.5632831702627,0.11843542176800116,500-550,0.0
11479,526.2118227529681,0.09910988520520853,500-550,0.0
11480,495.5326404254346,0.18267704764429044,450-500,1.0
11481,447.19300567911984,0.40578161978986804,<450,0.0
11482,490.3544140946115,0.20122235938723365,450-500,1.0
11483,525.7436955299676,0.10007981401541569,500-550,0.0
11484,491.1061412489629,0.1984451549935639,450-500,1.0
11485,418.34646670450593,0.5707874895469854,<450,1.0
11486,504.63786206247227,0.15333373576796236,500-550,1.0
11487,522.3615591955747,0.10734098456780895,500-550,0.0
11488,567.3269897364968,0.04081179500865435,550-600,0.0
11489,491.483422974919,0.1970622228923593,450-500,0.0
11490,502.4396411412486,0.16004408727666894,500-550,1.0
11491,494.52851192314256,0.1861665271619209,450-500,0.0
11492,476.34464779401657,0.25827038930240376,450-500,0.0
11493,495.13755556730706,0.18404392349674348,450-500,0.0
11494,523.9232711112984,0.10393219832715038,500-550,0.0
11495,548.0314504829937,0.06231017087189801,500-550,0.0
11496,494.39603004125473,0.1866307375999785,450-500,1.0
11497,497.27708781929084,0.17673600867671438,450-500,0.0
11498,483.62384075855965,0.22738033843944833,450-500,0.0
11499,525.693615624143,0.10018407436055912,500-550,0.0
11500,507.59269573300986,0.1446788040984823,500-550,0.0
11501,522.4116391013994,0.10723016369716656,500-550,0.0
11502,544.2131250943817,0.067668194072073,500-550,0.0
11503,468.77203305800185,0.2931750513799801,450-500,0.0
11504,537.3678255113008,0.0783548435652977,500-550,0.0
11505,536.3565470058145,0.08005890200219706,500-550,1.0
11506,521.9485989028258,0.1082586629747747,500-550,0.0
11507,521.880029811732,0.10841170252678918,500-550,0.0
11508,524.50975831766,0.10267697068335455,500-550,0.0
11509,561.8510047869413,0.04606271660208005,550-600,0.0
11510,500.1597623514186,0.16725279676380309,500-550,0.0
11511,496.45143004905333,0.17952882066307155,450-500,0.0
11512,492.05408101883427,0.19498430715168466,450-500,0.0
11513,503.913694741643,0.15551852379711217,500-550,0.0
11514,534.7818451805135,0.08277978757850993,500-550,0.0
11515,565.0587347708016,0.04291345712557759,550-600,0.0
11516,466.34220893290683,0.3049422960064169,450-500,0.0
11517,483.67722924545257,0.22716370554344878,450-500,1.0
11518,521.175404094289,0.10999539603015387,500-550,1.0
11519,547.9675329115937,0.06239651311998127,500-550,0.0
11520,541.4459491298413,0.07181503568991837,500-550,0.0
11521,514.5391403972194,0.12592740133425612,500-550,0.0
11522,517.8424841199983,0.11776354803630017,500-550,1.0
11523,554.0208481739205,0.05469791126214951,550-600,0.0
11524,509.6489276847394,0.13889837587254875,500-550,0.0
11525,491.483422974919,0.1970622228923593,450-500,1.0
11526,472.9274465145825,0.2736815005470932,450-500,0.0
11527,485.68446133281725,0.21912491693032696,450-500,1.0
11528,502.7583105986507,0.15905677822446182,500-550,0.0
11529,561.9010846927658,0.04601189960710599,550-600,0.0
11530,454.2573365478028,0.3671059659439271,450-500,0.0
11531,511.888478632019,0.13282427947281833,500-550,0.0
11532,540.9111205647478,0.07264310592428964,500-550,0.0
11533,547.5766613603823,0.06292695106080612,500-550,0.0
11534,477.02173029103443,0.25528488313159475,450-500,0.0
11535,492.8082473161225,0.19226372220007415,450-500,1.0
11536,510.7168815947064,0.13597332144694754,500-550,0.0
11537,491.24653540039895,0.1979296866791521,450-500,0.0
11538,500.1597623514186,0.16725279676380309,500-550,1.0
11539,590.8117977749633,0.024133368607854214,550-600,0.0
11540,564.1395564286111,0.04379423963188096,550-600,0.0
11541,493.82621348398993,0.18863751576658885,450-500,0.0
11542,471.86826920727685,0.27857292846033843,450-500,0.0
11543,570.3566622120387,0.03815793723783338,550-600,0.0
11544,524.7923962289811,0.10207686248332687,500-550,0.0
11545,548.0176128174182,0.06232885384372635,500-550,0.0
11546,543.493454578621,0.06872480779570402,500-550,0.0
11547,475.17478701681404,0.2634820835188541,450-500,0.0
11548,530.5665407935542,0.09048153890607272,500-550,0.0
11549,558.1927523904005,0.049922560652401554,550-600,0.0
11550,537.4609622804072,0.0781995830855386,500-550,0.0
11551,513.8131177439814,0.12778540103337538,500-550,1.0
11552,445.4699544588632,0.4154158128216882,<450,0.0
11553,483.63561586354103,0.22733254641300385,450-500,0.0
11554,520.0933309111965,0.1124668934550829,500-550,0.0
11555,503.0934241550738,0.15802385525325421,500-550,0.0
11556,483.8607283330797,0.2264202382993727,450-500,1.0
11557,513.9113812714879,0.12753256782814784,500-550,0.0
11558,503.56829536002294,0.15656949609741413,500-550,1.0
11559,468.373977726055,0.29508451046147655,450-500,0.0
11560,452.04161814644016,0.37907917300517385,450-500,0.0
11561,483.62384075855965,0.22738033843944833,450-500,1.0
11562,538.936674652573,0.07577685684197154,500-550,0.0
11563,504.42592088428285,0.15397054086540637,500-550,1.0
11564,503.56829536002294,0.15656949609741413,500-550,0.0
11565,501.28698327941504,0.163656727689966,500-550,1.0
11566,568.5830091181258,0.03969078130140195,550-600,1.0
11567,508.3877730746157,0.1424203564483698,500-550,1.0
11568,534.8780221817059,0.0826112212908229,500-550,0.0
11569,484.23124030633915,0.22492431883567587,450-500,0.0
11570,471.47800556684024,0.2803886894325618,450-500,1.0
11571,567.4716128571793,0.04068118838697314,550-600,0.0
11572,489.5444293332393,0.2042472217723306,450-500,0.0
11573,478.8894823046475,0.247167618873198,450-500,0.0
11574,503.56829536002294,0.15656949609741413,500-550,0.0
11575,560.2892928712176,0.04767447162762067,550-600,0.0
11576,530.6859010859408,0.09025484225807442,500-550,1.0
11577,483.8607283330797,0.2264202382993727,450-500,0.0
11578,529.8666130204606,0.0918212314577681,500-550,0.0
11579,552.1596540073588,0.0569644652744171,550-600,0.0
11580,559.2193914101077,0.0488094310707744,550-600,0.0
11581,446.00281730592843,0.41242910853771164,<450,0.0
11582,514.375984166811,0.1263429175254986,500-550,0.0
11583,478.77800869126617,0.24764718534316008,450-500,0.0
11584,491.4333430690944,0.19724537216093868,450-500,0.0
11585,471.6490253617343,0.27959210504631193,450-500,0.0
11586,467.40609146401215,0.2997574326464094,450-500,1.0
11587,578.3229473653325,0.03194798398720745,550-600,0.0
11588,558.1927523904005,0.049922560652401554,550-600,0.0
11589,582.3261681493456,0.029207966181415725,550-600,0.0
11590,494.57859182896715,0.18599128155955003,450-500,0.0
11591,523.7431262025066,0.10432046766310481,500-550,0.0
11592,512.5652384521406,0.13103355712138856,500-550,0.0
11593,523.3186237361374,0.10524047612023861,500-550,0.0
11594,540.3203108551621,0.07356807520596464,500-550,0.0
11595,504.571169614237,0.15353388909289853,500-550,0.0
11596,554.057329516807,0.05465434469131551,550-600,0.0
11597,541.3996059634583,0.0718864423860361,500-550,0.0
11598,525.2547582124056,0.10110185839276684,500-550,0.0
11599,527.738422743245,0.09600478318705047,500-550,0.0
11600,490.4044940004361,0.2010364421390757,450-500,1.0
11601,451.2597782992824,0.3833403150742379,450-500,0.0
11602,479.161663015295,0.24599930371799086,450-500,0.0
11603,508.4620637043147,0.14221083996658002,500-550,1.0
11604,492.5529896773683,0.19318128872456777,450-500,0.0
11605,581.5321697873933,0.029732660370795506,550-600,0.0
11606,476.15469441526244,0.2591120397525612,450-500,0.0
11607,432.685533838922,0.4884425617269747,<450,0.0
11608,540.7418627383776,0.07290699423095695,500-550,0.0
11609,523.1132863499262,0.10568806025932145,500-550,0.0
11610,457.55482684396713,0.3495902790301484,450-500,0.0
11611,468.07139871778645,0.2965407985691842,450-500,0.0
11612,515.1871994277593,0.12428850039522475,500-550,0.0
11613,518.6429685168732,0.11585553552683062,500-550,0.0
11614,538.9457727419473,0.07576213612024756,500-550,0.0
11615,540.0458754542299,0.07400140811715612,500-550,0.0
11616,556.4699418192306,0.05184472426944857,550-600,0.0
11617,511.81193170110646,0.1330281237731068,500-550,0.0
11618,520.4518263834532,0.11164274994764196,500-550,0.0
11619,465.5502474387685,0.3088344274407435,450-500,1.0
11620,491.9208655865361,0.19546788936900966,450-500,0.0
11621,528.645407377983,0.09420140794927231,500-550,0.0
11622,573.9926198377734,0.03519150437624364,550-600,0.0
11623,536.4155233735551,0.07995860144025488,500-550,0.0
11624,518.0290880391894,0.11731634468725753,500-550,0.0
11625,505.99913239342936,0.14929492499099306,500-550,0.0
11626,542.6896181536505,0.06992304700896805,500-550,0.0
11627,503.9995651046612,0.15525813464102167,500-550,0.0
11628,453.0019912680711,0.37387047874446655,450-500,0.0
11629,539.7878141419102,0.07441102763599186,500-550,0.0
11630,573.8076578929215,0.03533689232438026,550-600,0.0
11631,524.8510043408626,0.10195281316195687,500-550,0.0
11632,428.7628787666761,0.5110968244116022,<450,0.0
11633,569.5696297379266,0.03883096995056089,550-600,0.0
11634,537.6265980778542,0.07792416101936114,500-550,0.0
11635,513.6087432390391,0.12831262932006887,500-550,0.0
11636,451.6166956575964,0.38139279536179604,450-500,1.0
11637,507.7602751076539,0.14420032684561632,500-550,0.0
11638,481.4615108440899,0.2362766316173662,450-500,0.0
11639,464.8305769230078,0.3123949879277646,450-500,1.0
11640,473.21073727745784,0.27238233422001373,450-500,0.0
11641,536.9718707968686,0.07901805922493804,500-550,0.0
11642,499.11539415705994,0.17064064762751063,450-500,0.0
11643,511.60151115167434,0.13358983810192113,500-550,0.0
11644,506.94356308667585,0.14654468634167375,500-550,0.0
11645,479.5854695887952,0.24418756639261213,450-500,0.0
11646,513.420859236744,0.12879895229723826,500-550,0.0
11647,458.772191482492,0.3432221873939671,450-500,1.0
11648,545.4374851706599,0.06590516047877149,500-550,0.0
11649,507.4760597999278,0.14501260423530937,500-550,0.0
11650,498.64569119858265,0.17218200578165604,450-500,0.0
11651,503.56829536002294,0.15656949609741413,500-550,0.0
11652,543.24965822559,0.06908619947960104,500-550,0.0
11653,444.71234527607254,0.4196728938119631,<450,1.0
11654,541.8181051994858,0.07124397731461717,500-550,0.0
11655,524.3856720979351,0.10294142113995894,500-550,0.0
11656,464.8305769230078,0.3123949879277646,450-500,0.0
11657,526.6442213351081,0.09822142548386142,500-550,0.0
11658,434.70990641496275,0.47676401702337234,<450,1.0
11659,519.0531859986196,0.1148882007844605,500-550,0.0
11660,531.0367861376853,0.0895913792906152,500-550,0.0
11661,496.59682740981617,0.17903452076040924,450-500,1.0
11662,489.43910979911584,0.20464300730029394,450-500,0.0
11663,475.2159935752423,0.26329736640351564,450-500,0.0
11664,549.9152883268666,0.05981498591478998,500-550,0.0
11665,473.2608171832824,0.2721530704306045,450-500,1.0
11666,485.13822494107717,0.22129209514361015,450-500,0.0
11667,547.1755714174554,0.0634756266544611,500-550,1.0
11668,482.1655972355536,0.23335370279233233,450-500,1.0
11669,521.5106588088748,0.10923937534867845,500-550,0.0
11670,538.936674652573,0.07577685684197154,500-550,1.0
11671,499.72705931600245,0.16864988632979552,450-500,0.0
11672,543.0715786169648,0.06935128697606935,500-550,0.0
11673,459.10149231631317,0.34150913345648043,450-500,1.0
11674,519.2924442391986,0.1143272561820237,500-550,0.0
11675,500.4545736244336,0.16630623281863688,500-550,0.0
11676,496.41295767779036,0.17965979143125327,450-500,0.0
11677,490.963457738776,0.19897006312712884,450-500,0.0
11678,483.9707853213583,0.2259751564164749,450-500,0.0
11679,497.55580422367314,0.1758009771400299,450-500,1.0
11680,525.8900550378198,0.09977566369200319,500-550,0.0
11681,493.65103014650924,0.18925779475948026,450-500,0.0
11682,489.5945092390639,0.204059223703973,450-500,0.0
11683,517.0774961012298,0.1196123372337931,500-550,0.0
11684,516.3178821787828,0.12147290264945647,500-550,0.0
11685,467.60012094090024,0.29881727653826823,450-500,1.0
11686,560.9692829804991,0.04696620980512054,550-600,0.0
11687,543.5966027883885,0.06857243370986164,500-550,0.0
11688,538.9958526477719,0.07568115374809221,500-550,0.0
11689,502.0912655833174,0.16112910211213957,500-550,0.0
11690,532.562143968694,0.08675804693599967,500-550,0.0
11691,524.0848669520151,0.10358499561073424,500-550,0.0
11692,499.79861186718546,0.16841822080702787,450-500,0.0
11693,468.07711306908095,0.2965132573702318,450-500,0.0
11694,448.84604474876625,0.3966064698750019,<450,0.0
11695,478.31962161533215,0.2496257476207937,450-500,0.0
11696,492.0067532856282,0.19515600654083992,450-500,0.0
11697,521.2314378808783,0.10986871789860876,500-550,0.0
11698,463.9431951934214,0.31681594418105846,450-500,1.0
11699,513.2806210307294,0.12916297088464798,500-550,0.0
11700,558.9124229061613,0.049139769785878584,550-600,0.0
11701,530.4328014288017,0.09073615422487794,500-550,0.0
11702,503.56829536002294,0.15656949609741413,500-550,0.0
11703,547.4829858797832,0.063054698185565,500-550,0.0
11704,492.8082473161225,0.19226372220007415,450-500,0.0
11705,543.493454578621,0.06872480779570402,500-550,0.0
11706,533.1658051168605,0.08565931918706352,500-550,0.0
11707,478.0099624068917,0.250968303338186,450-500,1.0
11708,548.9854990794611,0.061034597608223246,500-550,0.0
11709,477.11841713471864,0.25486041086320727,450-500,0.0
11710,497.5573925397318,0.17579565986228382,450-500,0.0
11711,473.15076019500384,0.27265706584413396,450-500,0.0
11712,516.6169653964696,0.1207373824859731,500-550,1.0
11713,529.1241891702173,0.09326172518504164,500-550,0.0
11714,455.6995588523379,0.35939870807138147,450-500,0.0
11715,511.86353223568835,0.13289068259686665,500-550,0.0
11716,450.7436697967658,0.3861630799009423,450-500,1.0
11717,491.8127238087401,0.1958611195778794,450-500,0.0
11718,449.9286893166254,0.39063603195014746,<450,0.0
11719,552.1596540073588,0.0569644652744171,550-600,0.0
11720,504.1956960696665,0.1546647311810893,500-550,0.0
11721,503.51821545419836,0.15672235711049726,500-550,1.0
11722,536.6637391198371,0.07953771980523652,500-550,0.0
11723,511.81193170110646,0.1330281237731068,500-550,0.0
11724,500.567989519894,0.16594322718130006,500-550,0.0
11725,542.3536545599258,0.07042955436003705,500-550,0.0
11726,548.6872034273545,0.06143077618100959,500-550,0.0
11727,580.5142036195259,0.03041873735612247,550-600,0.0
11728,479.6355494946198,0.24397407679991373,450-500,1.0
11729,537.4179054171253,0.07827132453918116,500-550,0.0
11730,495.7473436575896,0.18193755054561395,450-500,0.0
11731,488.66640775364056,0.20756419732603745,450-500,0.0
11732,521.9485989028258,0.1082586629747747,500-550,0.0
11733,513.2806210307294,0.12916297088464798,500-550,0.0
11734,428.4715263716637,0.5127787809093982,<450,0.0
11735,465.99786165570816,0.3066312258041041,450-500,0.0
11736,503.4779811144114,0.15684525408949798,500-550,0.0
11737,478.0326541349875,0.2508697584415822,450-500,0.0
11738,497.5573925397318,0.17579565986228382,450-500,0.0
11739,571.5661201054451,0.03714545686824396,550-600,0.0
11740,549.5292448273173,0.060318566971761876,500-550,0.0
11741,455.1451914998414,0.36235292957431087,450-500,1.0
11742,495.2529220151043,0.18364397310242325,450-500,0.0
11743,541.8181051994858,0.07124397731461717,500-550,0.0
11744,470.0807248504496,0.28694860794887794,450-500,0.0
11745,528.8901657510437,0.09371997684005158,500-550,0.0
11746,526.8609003568433,0.09777888436334708,500-550,0.0
11747,549.7396653767494,0.06004359033345918,500-550,0.0
11748,516.6556624610845,0.12064249797508966,500-550,0.0
11749,540.3039272254368,0.0735938792243039,500-550,0.0
11750,522.7337152652192,0.10651985070143767,500-550,0.0
11751,491.9984641822088,0.19518609020621866,450-500,0.0
11752,513.4303400696966,0.12877437432178301,500-550,0.0
11753,597.1162112008844,0.020930538305355215,550-600,0.0
11754,484.00535145376216,0.22583549529220626,450-500,0.0
11755,477.7888577819565,0.25192985588194755,450-500,0.0
11756,469.4031942675652,0.29016226871513817,450-500,1.0
11757,576.4822912793591,0.03328977301101919,550-600,0.0
11758,567.4821937721496,0.04067164867513912,550-600,0.0
11759,464.8305769230078,0.3123949879277646,450-500,0.0
11760,541.4459491298413,0.07181503568991837,500-550,0.0
11761,515.0800705582747,0.12455815421236531,500-550,0.0
11762,526.6442213351081,0.09822142548386142,500-550,0.0
11763,527.8909326320232,0.09569940152300027,500-550,0.0
11764,510.0397992359508,0.13782172990691008,500-550,1.0
11765,487.97042046949286,0.21022161465651257,450-500,1.0
11766,496.44115121212155,0.1795638054105746,450-500,0.0
11767,470.5441655231575,0.28476271173377043,450-500,0.0
11768,510.1930273515429,0.137401583671978,500-550,0.0
11769,479.0237650321725,0.2465907550094157,450-500,0.0
11770,514.8924128522775,0.12503171630851018,500-550,0.0
11771,529.6903775785585,0.09216135268761222,500-550,0.0
11772,498.0050067566714,0.17430220006974928,450-500,0.0
11773,501.5603578695989,0.16279403188497163,500-550,0.0
11774,582.980895430331,0.028782071794260282,550-600,0.0
11775,474.6359251798149,0.2659052942258441,450-500,0.0
11776,515.1439881296747,0.12439720712266905,500-550,0.0
11777,494.87844684868213,0.184944655214289,450-500,0.0
11778,495.2020853435355,0.18382012971689635,450-500,1.0
11779,456.7372405787225,0.3538975968847804,450-500,0.0
11780,537.1601571344872,0.07870204607254344,500-550,0.0
11781,485.93072411613497,0.21815288252255882,450-500,1.0
11782,510.5971188779057,0.13629874135085465,500-550,0.0
11783,494.52851192314256,0.1861665271619209,450-500,0.0
11784,517.2248668135209,0.1192542385260606,500-550,0.0
11785,543.5966027883885,0.06857243370986164,500-550,0.0
11786,529.1241891702173,0.09326172518504164,500-550,0.0
11787,545.0551664943446,0.06645105131602981,500-550,0.0
11788,542.0733498394848,0.07085474164402808,500-550,1.0
11789,499.5667186723949,0.1691699431369172,450-500,0.0
11790,497.3921109598906,0.1763496591445759,450-500,0.0
11791,492.05408101883427,0.19498430715168466,450-500,0.0
11792,455.6995588523379,0.35939870807138147,450-500,0.0
11793,585.5632294442044,0.02716030511551875,550-600,0.0
11794,569.9794394540081,0.03847911071202112,550-600,0.0
11795,539.0704644787742,0.07556064910351255,500-550,0.0
11796,522.4116391013994,0.10723016369716656,500-550,0.0
11797,471.4422815297715,0.28055526139986153,450-500,0.0
11798,501.8661892928633,0.16183325684331928,500-550,0.0
11799,451.6166956575964,0.38139279536179604,450-500,0.0
11800,484.79112549126,0.22267715353926693,450-500,0.0
11801,509.9052144149067,0.13819164673899176,500-550,0.0
11802,498.39038205888147,0.17302443334429612,450-500,1.0
11803,522.3615591955747,0.10734098456780895,500-550,0.0
11804,506.2020306367037,0.14870050646488386,500-550,0.0
11805,543.4914498389646,0.06872777237063227,500-550,0.0
11806,510.0397992359508,0.13782172990691008,500-550,0.0
11807,502.47324525362296,0.15993974072002945,500-550,0.0
11808,502.70823069282613,0.15921160921106284,500-550,0.0
11809,532.50632550461,0.08686028418810088,500-550,0.0
11810,553.7213659230823,0.05505679614226305,550-600,0.0
11811,529.1742690760418,0.09316392296586037,500-550,0.0
11812,511.65159105749893,0.13345596894341272,500-550,0.0
11813,576.8735064175902,0.03300010815680965,550-600,0.0
11814,485.1855526742832,0.22110371808459303,450-500,1.0
11815,571.4924434498795,0.03720638848678625,550-600,0.0
11816,523.9733510171229,0.10382448742556383,500-550,0.0
11817,464.7804970171832,0.3126435901678856,450-500,0.0
11818,556.2612491585018,0.052082262801267216,550-600,0.0
11819,537.9840938254665,0.077332735645695,500-550,0.0
11820,548.5337213199349,0.061635557237106633,500-550,0.0
11821,560.0776681249936,0.04789695762722415,550-600,0.0
11822,511.76185179528187,0.1331616297122345,500-550,0.0
11823,560.2892928712176,0.04767447162762067,550-600,0.0
11824,464.895520157783,0.3120727631781999,450-500,1.0
11825,547.1803109936563,0.06346911713338292,500-550,0.0
11826,515.5691726723992,0.12333111085368767,500-550,0.0
11827,506.3201956489379,0.1483552265426964,500-550,0.0
11828,502.0575327882554,0.16123447778130476,500-550,0.0
11829,549.5793247331419,0.06025301610622336,500-550,0.0
11830,515.282968801549,0.12404786374360198,500-550,0.0
11831,490.92534207915367,0.19911046058750223,450-500,0.0
11832,520.043251005372,0.1125824439230958,500-550,0.0
11833,514.5731866155795,0.12584084217388108,500-550,0.0
11834,505.99089481511675,0.1493190994531058,500-550,0.0
11835,568.8874928744182,0.03942350331611663,550-600,0.0
11836,479.64444595653566,0.24393616459488224,450-500,0.0
11837,464.1297991126125,0.3158834928349368,450-500,0.0
11838,520.0933309111965,0.1124668934550829,500-550,0.0
11839,534.1484905901052,0.08389768238593438,500-550,0.0
11840,501.4471201735182,0.16315093398420763,500-550,1.0
11841,485.5825771429064,0.2195279784859531,450-500,0.0
11842,494.5539315419253,0.1860775598782771,450-500,0.0
11843,527.738422743245,0.09600478318705047,500-550,1.0
11844,476.39817058534356,0.2580335611458198,450-500,0.0
11845,580.9993122926077,0.030089897602724982,550-600,0.0
11846,513.583204620008,0.1283786419479404,500-550,0.0
11847,577.715547817553,0.032384877669268654,550-600,0.0
11848,567.4879590117257,0.04066645165918132,550-600,0.0
11849,532.0517057783652,0.0876970341756235,500-550,0.0
11850,477.01566939908537,0.25531150698409205,450-500,1.0
11851,479.161663015295,0.24599930371799086,450-500,0.0
11852,495.0646779989965,0.18429692165176023,450-500,1.0
11853,501.28877123172606,0.16365107347216062,500-550,1.0
11854,478.31962161533215,0.2496257476207937,450-500,1.0
11855,489.6550672793488,0.20383206303525833,450-500,1.0
11856,497.8626249218305,0.17477616692461023,450-500,0.0
11857,553.6712860172577,0.05511702546121333,550-600,0.0
11858,468.1635617576329,0.2960967851627289,450-500,0.0
11859,452.09500663333307,0.37878886892427654,450-500,1.0
11860,438.8277368810288,0.45310002612580375,<450,0.0
11861,538.9457727419473,0.07576213612024756,500-550,0.0
11862,571.2440439416253,0.037412527179575904,550-600,0.0
11863,549.0355789852857,0.060968319087744735,500-550,1.0
11864,497.96577313159804,0.17443270137370373,450-500,0.0
11865,510.0898791417754,0.1376842939191924,500-550,0.0
11866,556.2111692526772,0.05213941767912884,550-600,1.0
11867,440.5184503179589,0.44343893584145305,<450,0.0
11868,483.02988551971714,0.22980023939895433,450-500,0.0
11869,465.5502474387685,0.3088344274407435,450-500,1.0
11870,548.4836459951204,0.06170250732081564,500-550,1.0
11871,547.7795596036567,0.0626510820683302,500-550,0.0
11872,485.521516268008,0.21976979516629955,450-500,0.0
11873,532.4150908708204,0.08702762452620968,500-550,0.0
11874,487.8852180117087,0.2105486439203228,450-500,0.0
11875,521.8119314192793,0.10856387957796612,500-550,0.0
11876,571.1939640358006,0.03745421963116294,550-600,0.0
11877,490.54244900893525,0.20052496124267946,450-500,0.0
11878,529.8452906811106,0.09186232190300322,500-550,0.0
11879,503.51821545419836,0.15672235711049726,500-550,0.0
11880,540.3673748168915,0.07349399635905797,500-550,0.0
11881,522.9980846759095,0.10593990550033533,500-550,0.0
11882,521.6016543400272,0.10903496273980087,500-550,0.0
11883,526.9519463494444,0.0975934647641012,500-550,0.0
11884,473.21073727745784,0.27238233422001373,450-500,0.0
11885,469.63311063351,0.2890693465012493,450-500,0.0
11886,520.1024290005709,0.11244591235347241,500-550,0.0
11887,474.1914180909671,0.26791486610455195,450-500,0.0
11888,538.7452338998626,0.07608721774471316,500-550,0.0
11889,518.0757672002208,0.11720470680127554,500-550,0.0
11890,503.4483062163931,0.15693594719806567,500-550,0.0
11891,571.2440439416253,0.037412527179575904,550-600,0.0
11892,562.6888260460169,0.04521955282950611,550-600,0.0
11893,543.9857004772514,0.06800045822612209,500-550,0.0
11894,489.5058731091012,0.20439204807147598,450-500,0.0
11895,476.9306672985955,0.25568509033323505,450-500,0.0
11896,520.24038400907,0.11212819300917037,500-550,1.0
11897,500.8138304434444,0.16515855351532818,500-550,1.0
11898,562.5778445128875,0.0453303914772603,550-600,0.0
11899,482.115517329729,0.23356077004228804,450-500,1.0
11900,457.55482684396713,0.3495902790301484,450-500,1.0
11901,516.382825413558,0.12131286358254716,500-550,0.0
11902,502.8141290627347,0.15888434936189855,500-550,1.0
11903,490.47960750230857,0.2007578309247994,450-500,1.0
11904,519.5495396930645,0.11372715210630645,500-550,0.0
11905,571.4423635440548,0.037247860106958804,550-600,0.0
11906,484.7725923815342,0.22275128134867248,450-500,0.0
11907,512.5292443812385,0.13112827979937625,500-550,0.0
11908,494.437277289353,0.18648611358952003,450-500,0.0
11909,458.27848017018465,0.3457981750477557,450-500,0.0
11910,497.8626249218305,0.17477616692461023,450-500,0.0
11911,510.5229368387246,0.13650063798414105,500-550,0.0
11912,509.33348449475454,0.13977239210537457,500-550,1.0
11913,472.98547861516266,0.2734150520885437,450-500,0.0
11914,507.7602751076539,0.14420032684561632,500-550,0.0
11915,493.8244255316789,0.18864383855596212,450-500,0.0
11916,505.5201222924197,0.15070602390150686,500-550,0.0
11917,530.9938434574094,0.08967233971648005,500-550,0.0
11918,533.3163102659823,0.08538735451447357,500-550,0.0
11919,520.7095330342397,0.11105357587066929,500-550,0.0
11920,501.8661892928633,0.16183325684331928,500-550,0.0
11921,523.5312857096733,0.10477869014565085,500-550,1.0
11922,536.2030925939246,0.08032041898261581,500-550,0.0
11923,540.3200873833482,0.07356842711532824,500-550,0.0
11924,612.8912557195544,0.014630990883052343,600-650,0.0
11925,482.7817993585968,0.23081633029792353,450-500,0.0
11926,522.9061328274163,0.106141303216383,500-550,0.0
11927,501.37159506755665,0.1633893236877345,500-550,0.0
11928,528.5456599130088,0.094398242471228,500-550,0.0
11929,436.43909619984237,0.46680796301802147,<450,1.0
11930,522.4116391013994,0.10723016369716656,500-550,0.0
11931,555.0965162411256,0.053426981009969836,550-600,0.0
11932,490.48578050754963,0.20073494685833143,450-500,0.0
11933,472.8164649814532,0.2741915113128391,450-500,1.0
11934,561.4765168654552,0.04644441277606391,550-600,0.0
11935,506.0926626999759,0.14902067195323307,500-550,0.0
11936,520.2650187147576,0.11207154028559461,500-550,0.0
11937,482.7817993585968,0.23081633029792353,450-500,0.0
11938,529.1241891702173,0.09326172518504164,500-550,0.0
11939,493.2477214432739,0.190691746657992,450-500,0.0
11940,529.1742690760418,0.09316392296586037,500-550,1.0
11941,442.25185387566796,0.4335781861546758,<450,0.0
11942,491.483422974919,0.1970622228923593,450-500,0.0
11943,482.4024848100736,0.23237596638864091,450-500,1.0
11944,517.3686176189344,0.11890582931954685,500-550,0.0
11945,492.99505498481795,0.19159431758471915,450-500,1.0
11946,470.263258934762,0.28608645873288185,450-500,0.0
11947,509.62683894320173,0.13895942884181534,500-550,0.0
11948,464.6337302676745,0.31337277729077,450-500,1.0
11949,541.3561888175374,0.07195340002047027,500-550,0.0
11950,516.4673761234659,0.1211047783374104,500-550,0.0
11951,508.85959801542975,0.14109406888659107,500-550,0.0
11952,533.2727163950804,0.08546604854102985,500-550,0.0
11953,497.7402861605275,0.175184224451333,450-500,0.0
11954,503.51821545419836,0.15672235711049726,500-550,0.0
11955,566.436388731484,0.04162497096460985,550-600,0.0
11956,499.4901717414824,0.1694186692956276,450-500,1.0
11957,532.6813218892396,0.08654012474658468,500-550,0.0
11958,445.2831467901677,0.4164643574054913,<450,0.0
11959,532.5867786743817,0.08671296058837565,500-550,1.0
11960,512.5207161751817,0.13115073130566593,500-550,0.0
11961,469.5830307276854,0.2893071963895444,450-500,1.0
11962,504.05048869563643,0.15510388454687143,500-550,1.0
11963,480.67329502519397,0.23957869202057358,450-500,0.0
11964,503.8903715238428,0.1555893094992267,500-550,0.0
11965,561.6708598781495,0.046245954908798896,550-600,0.0
11966,548.0176128174182,0.06232885384372635,500-550,0.0
11967,445.84933519850887,0.4132887274758611,<450,0.0
11968,514.6010604572651,0.12577001359793188,500-550,0.0
11969,571.1939640358006,0.03745421963116294,550-600,0.0
11970,488.59008506891837,0.2078543979117444,450-500,0.0
11971,558.142672484576,0.04997747043840811,550-600,0.0
11972,508.85959801542975,0.14109406888659107,500-550,0.0
11973,485.4475737582972,0.22006288248011435,450-500,0.0
11974,500.1136652560508,0.16740119141190937,500-550,0.0
11975,473.02413335826674,0.27323766258937,450-500,1.0
11976,522.4116391013994,0.10723016369716656,500-550,0.0
11977,508.90967792125434,0.14095390320229714,500-550,0.0
11978,525.2162992455858,0.10118264239734641,500-550,1.0
11979,479.161663015295,0.24599930371799086,450-500,0.0
11980,536.8193609080904,0.07927487633548894,500-550,0.0
11981,497.56405529963547,0.17577335601718216,450-500,1.0
11982,509.5767590373772,0.1390979323470269,500-550,0.0
11983,500.6749574540223,0.16560144113652667,500-550,1.0
11984,484.02086522718287,0.2257728332670972,450-500,0.0
11985,495.4107721530901,0.1830978328575443,450-500,1.0
11986,553.9309269262603,0.05480543632767209,550-600,0.0
11987,545.215507137952,0.06622160066138004,500-550,0.0
11988,525.4668228582226,0.10065743876220304,500-550,1.0
11989,581.4211882542639,0.029806723812318733,550-600,0.0
11990,540.8610406589231,0.07272109320522006,500-550,0.0
11991,523.5312857096733,0.10477869014565085,500-550,1.0
11992,479.12716723376747,0.2461471681522679,450-500,0.0
11993,493.6773724338053,0.18916442373966194,450-500,0.0
11994,531.7378830273382,0.08827888412852065,500-550,1.0
11995,513.6087432390391,0.12831262932006887,500-550,0.0
11996,517.4413941770714,0.11872977654233792,500-550,0.0
11997,478.27198349090565,0.2498319747606961,450-500,0.0
11998,509.34238095667047,0.13974767918062014,500-550,0.0
11999,564.2471372169471,0.04369026800115641,550-600,0.0
12000,514.9335675802425,0.12492772869937799,500-550,0.0
12001,494.52851192314256,0.1861665271619209,450-500,0.0
12002,556.7006149538215,0.051583358837959885,550-600,0.0
12003,534.2278980559436,0.08375677688684711,500-550,0.0
12004,541.3021983244276,0.07203674405276132,500-550,0.0
12005,504.9119658406339,0.15251335530482413,500-550,0.0
12006,507.2194120083159,0.14574935583228954,500-550,0.0
12007,498.28454071434953,0.1733746258552665,450-500,0.0
12008,459.56415297663034,0.33910930853016974,450-500,0.0
12009,503.913694741643,0.15551852379711217,500-550,0.0
12010,489.8501634991854,0.20310151277315408,450-500,0.0
12011,474.5429025937143,0.26632504362969467,450-500,1.0
12012,513.2849089679014,0.1291518276422716,500-550,0.0
12013,479.8926617028178,0.2428800046382283,450-500,0.0
12014,561.2463574117803,0.046680493343398216,550-600,0.0
12015,533.6383864298022,0.08480798763707853,500-550,0.0
12016,467.7299664169494,0.2981890654908823,450-500,0.0
12017,583.143240813595,0.028677403430710523,550-600,0.0
12018,504.2606393044416,0.15446865116317202,500-550,0.0
12019,501.63392784221367,0.16256249156538102,500-550,0.0
12020,479.4909638491161,0.2445907867527994,450-500,0.0
12021,509.9494849903393,0.13806987370351467,500-550,0.0
12022,473.3826533897943,0.27159581396400784,450-500,1.0
12023,493.74129000520526,0.18893801283758882,450-500,0.0
12024,416.26478955263946,0.5825284833376427,<450,1.0
12025,492.2645015682663,0.19422231242416707,450-500,1.0
12026,522.3615591955747,0.10734098456780895,500-550,0.0
12027,552.7700666220959,0.05621154767595616,550-600,0.0
12028,499.67697941017786,0.16881218098446413,450-500,0.0
12029,520.9444704005338,0.11051883002250962,500-550,0.0
12030,491.02486581636265,0.19874402553698686,450-500,0.0
12031,498.8669925267598,0.17145442275299508,450-500,0.0
12032,533.8733343938266,0.08438760373751561,500-550,0.0
12033,570.5145123500246,0.038024306477167556,550-600,0.0
12034,529.1742690760418,0.09316392296586037,500-550,0.0
12035,473.0742132640913,0.2730079489943325,450-500,1.0
12036,454.69753147030065,0.3647461325863657,450-500,1.0
12037,565.0678595414929,0.042904798897389615,550-600,0.0
12038,514.6504195677433,0.1256446738031613,500-550,0.0
12039,534.2691046143718,0.08368374219940516,500-550,0.0
12040,456.8472975670011,0.3533163786267786,450-500,0.0
12041,533.7295835884129,0.08464458669534325,500-550,1.0
12042,516.010467716455,0.1222329321610108,500-550,0.0
12043,474.5429025937143,0.26632504362969467,450-500,0.0
12044,555.0052297768727,0.053533747370803,550-600,0.0
12045,513.2806210307294,0.12916297088464798,500-550,0.0
12046,554.1608400502337,0.05453090877252505,550-600,0.0
12047,590.319551876333,0.0244026751353602,550-600,0.0
12048,487.2773965497895,0.21289244030315305,450-500,0.0
12049,555.3521743396714,0.05312903803812656,550-600,0.0
12050,561.602644706003,0.04631552233613075,550-600,0.0
12051,519.3612533554459,0.11416637437050936,500-550,0.0
12052,540.5074846576708,0.07327386933947447,500-550,0.0
12053,507.0467112964434,0.14624686838641435,500-550,1.0
12054,479.6767042225848,0.2437987297095585,450-500,1.0
12055,543.6786826506336,0.06845140618269574,500-550,0.0
12056,547.82378210618,0.06259110526494062,500-550,0.0
12057,484.7935672726581,0.22266738833604496,450-500,0.0
12058,491.19645549457437,0.1981134432438836,450-500,0.0
12059,565.8129010680899,0.04220345473292964,550-600,0.0
12060,473.21073727745784,0.27238233422001373,450-500,1.0
12061,468.35907276525285,0.295156149402207,450-500,1.0
12062,477.3017123345792,0.25405698829176443,450-500,1.0
12063,572.3402500894185,0.0365110141691965,550-600,0.0
12064,501.47497415463204,0.16306308554893195,500-550,0.0
12065,539.9815193684217,0.07410336563234661,500-550,0.0
12066,513.6933550271807,0.12809413022473937,500-550,0.0
12067,496.0217425395591,0.18099583656222687,450-500,1.0
12068,522.597379474868,0.10682002106693117,500-550,0.0
12069,488.8645536656501,0.20681218657636846,450-500,0.0
12070,536.2531724997492,0.08023498722813964,500-550,0.0
12071,497.44218628470514,0.17618166937087645,450-500,0.0
12072,542.5363900380585,0.07015363846197269,500-550,0.0
12073,513.2806210307294,0.12916297088464798,500-550,0.0
12074,502.75746056134903,0.1590594052479401,500-550,1.0
12075,519.1545003052128,0.11465037605768202,500-550,0.0
12076,483.67392066438424,0.22717712643906285,450-500,0.0
12077,520.8535487964258,0.11072551059551354,500-550,1.0
12078,492.05408101883427,0.19498430715168466,450-500,0.0
12079,496.87599787636395,0.17808842376729717,450-500,0.0
12080,551.5599463252387,0.057713398618694886,550-600,0.0
12081,543.6044361117504,0.06856087484994733,500-550,0.0
12082,471.6991052675589,0.27935910270556086,450-500,0.0
12083,489.3121678825897,0.2051208053148092,450-500,0.0
12084,563.6747377866789,0.0442461839539607,550-600,0.0
12085,539.3748538491611,0.07507085725270975,500-550,0.0
12086,527.0925919241754,0.09730764956104959,500-550,1.0
12087,550.8950495197416,0.0585545427811288,550-600,0.0
12088,539.7878141419102,0.07441102763599186,500-550,0.0
12089,478.0827340408121,0.2506523641540528,450-500,0.0
12090,501.63392784221367,0.16256249156538102,500-550,0.0
12091,444.6326526351013,0.42012140194018915,<450,0.0
12092,520.1525089063955,0.1123304842784642,500-550,0.0
12093,542.0733498394848,0.07085474164402808,500-550,0.0
12094,552.8519979517774,0.05611120409742589,550-600,0.0
12095,552.5786258693855,0.05644666868608866,550-600,0.0
12096,534.8538114578314,0.08265362519529731,500-550,0.0
12097,480.84972624338036,0.23883683415050194,450-500,0.0
12098,514.375984166811,0.1263429175254986,500-550,0.0
12099,573.9926198377734,0.03519150437624364,550-600,0.0
12100,542.2204391276275,0.07063133070376945,500-550,0.0
12101,577.715547817553,0.032384877669268654,550-600,0.0
12102,502.8486951951386,0.1587776471291782,500-550,0.0
12103,525.7436955299676,0.10007981401541569,500-550,0.0
12104,558.0802425820384,0.05004600142249446,550-600,0.0
12105,534.8279422758812,0.08269895569355104,500-550,0.0
12106,537.3678255113008,0.0783548435652977,500-550,0.0
12107,529.4905425251067,0.09254838852975233,500-550,0.0
12108,490.7793365834553,0.19964895443150374,450-500,0.0
12109,543.5966027883885,0.06857243370986164,500-550,0.0
12110,468.18717005735954,0.2959831095651416,450-500,0.0
12111,525.8873208506545,0.09978133807704143,500-550,1.0
12112,470.0251927347304,0.2872112063366402,450-500,1.0
12113,541.4505522850645,0.07180794660859713,500-550,1.0
12114,520.9444704005338,0.11051883002250962,500-550,0.0
12115,459.56415297663034,0.33910930853016974,450-500,0.0
12116,467.929991658039,0.2972228027999903,450-500,0.0
12117,541.4459491298413,0.07181503568991837,500-550,0.0
12118,490.35915367081253,0.20120475861822615,450-500,0.0
12119,531.9867625435901,0.08781715845622692,500-550,0.0
12120,512.67621998527,0.1307418617561623,500-550,0.0
12121,572.8505933523589,0.03609847499484627,550-600,0.0
12122,485.4976536641218,0.2198643491638932,450-500,0.0
12123,499.5166387665704,0.16933263631555137,450-500,0.0
12124,477.9598825010671,0.25118587979152035,450-500,0.0
12125,474.52403865079447,0.266410215583274,450-500,1.0
12126,468.07139871778645,0.2965407985691842,450-500,0.0
12127,565.1830612155095,0.04279563081505683,550-600,0.0
12128,528.2821477702545,0.09492001170235922,500-550,0.0
12129,521.8985189970012,0.10837041775823127,500-550,0.0
12130,483.67722924545257,0.22716370554344878,450-500,1.0
12131,538.2976196829229,0.07681743999852758,500-550,0.0
12132,549.5292448273173,0.060318566971761876,500-550,0.0
12133,493.4792689211913,0.1898674737368126,450-500,0.0
12134,510.0397992359508,0.13782172990691008,500-550,0.0
12135,543.0304143800474,0.06941269745253129,500-550,0.0
12136,433.4774953330603,0.4838715511421851,<450,0.0
12137,494.4873571951776,0.18631063601927347,450-500,0.0
12138,511.86353223568835,0.13289068259686665,500-550,0.0
12139,519.4229773147948,0.11402222611975087,500-550,0.0
12140,513.330700936554,0.1290328771857014,500-550,0.0
12141,498.0050067566714,0.17430220006974928,450-500,0.0
12142,482.38267673142315,0.23245761325471806,450-500,0.0
12143,514.3224613754841,0.12647948130692394,500-550,0.0
12144,496.52695515501483,0.17927192891834756,450-500,0.0
12145,450.6057718136433,0.38691859483821356,450-500,0.0
12146,538.4456432897124,0.07657525118430508,500-550,0.0
12147,548.4836459951204,0.06170250732081564,500-550,0.0
12148,529.4905425251067,0.09254838852975233,500-550,0.0
12149,477.1523368826318,0.25471160728014114,450-500,0.0
12150,461.29778100469036,0.33019101133452256,450-500,0.0
12151,541.4459491298413,0.07181503568991837,500-550,0.0
12152,508.85959801542975,0.14109406888659107,500-550,0.0
12153,536.6637391198371,0.07953771980523652,500-550,0.0
12154,471.098691018317,0.2821604134645943,450-500,0.0
12155,519.3892445197329,0.11410098499814958,500-550,1.0
12156,475.6405614025529,0.2613990032053498,450-500,0.0
12157,555.815214538245,0.05259340151647497,550-600,0.0
12158,541.4423057901123,0.07182064706681066,500-550,0.0
12159,466.9007630511243,0.30221388300895585,450-500,1.0
12160,512.150499716033,0.13212851957888544,500-550,0.0
12161,498.23415235985345,0.17354154024544818,450-500,0.0
12162,567.3003223541145,0.04083592165723035,550-600,0.0
12163,530.7359809917655,0.09015987977327969,500-550,0.0
12164,517.522099726354,0.11853480664094572,500-550,0.0
12165,482.78653893479776,0.23079688889946143,450-500,0.0
12166,496.5807432609029,0.1790891488188674,450-500,0.0
12167,492.97328604234167,0.19167223255032015,450-500,1.0
12168,462.25044927624947,0.3253412048220967,450-500,1.0
12169,530.1421553380846,0.09129171628966871,500-550,0.0
12170,513.6822925554203,0.1281226795924812,500-550,0.0
12171,539.5998408339731,0.07471070825954594,500-550,0.0
12172,483.8607283330797,0.2264202382993727,450-500,0.0
12173,476.5815353685366,0.25722328142876033,450-500,0.0
12174,503.51821545419836,0.15672235711049726,500-550,1.0
12175,483.9707853213583,0.2259751564164749,450-500,0.0
12176,481.3647105635557,0.23668045710701704,450-500,0.0
12177,433.1481944992392,0.48577191221148547,<450,0.0
12178,463.1808464344297,0.3206406228451123,450-500,0.0
12179,523.9232711112984,0.10393219832715038,500-550,0.0
12180,503.56829536002294,0.15656949609741413,500-550,0.0
12181,547.1036051401375,0.06357454448188225,500-550,0.0
12182,472.60701444714766,0.27515564158522104,450-500,1.0
12183,506.2486430977549,0.14856422501664343,500-550,0.0
12184,572.9006732581835,0.03605823516575729,550-600,0.0
12185,473.21073727745784,0.27238233422001373,450-500,1.0
12186,503.51821545419836,0.15672235711049726,500-550,0.0
12187,489.197837309928,0.2055518433570694,450-500,0.0
12188,536.2119613603109,0.0803052836286207,500-550,0.0
12189,517.8203953784607,0.11781658220667113,500-550,0.0
12190,530.1525086245683,0.09127187381489986,500-550,0.0
12191,489.79495082383033,0.2033080620216307,450-500,0.0
12192,518.7561370051819,0.11558796794670192,500-550,1.0
12193,569.0757792120369,0.03925908878730932,550-600,0.0
12194,464.4324761207851,0.3143741773060039,450-500,0.0
12195,527.2297889208355,0.09702956225362026,500-550,0.0
12196,483.9707853213583,0.2259751564164749,450-500,0.0
12197,498.4377097920875,0.17286802326815157,450-500,1.0
12198,531.9852971299131,0.08781987071914847,500-550,0.0
12199,463.2309263402543,0.32038862567883986,450-500,1.0
12200,546.5660282408497,0.0643180021408275,500-550,0.0
12201,453.26181304042046,0.37246625896476604,450-500,1.0
12202,485.8657808813598,0.2184089205924232,450-500,0.0
12203,491.9164806718682,0.1954838223690666,450-500,0.0
12204,478.4074967180067,0.24924563132452007,450-500,0.0
12205,477.3285677435239,0.2539394155930716,450-500,0.0
12206,510.0397992359508,0.13782172990691008,500-550,0.0
12207,469.61742811569235,0.28914381669199296,450-500,0.0
12208,491.24653540039895,0.1979296866791521,450-500,0.0
12209,536.0648861621305,0.08055661741273135,500-550,1.0
12210,592.0898963891775,0.02344758765282358,550-600,0.0
12211,498.1875408409838,0.17369605665677448,450-500,0.0
12212,552.8201465279204,0.056150193389606556,550-600,0.0
12213,491.4333430690944,0.19724537216093868,450-500,0.0
12214,471.7993253585324,0.27889317481489695,450-500,0.0
12215,530.3975271598447,0.09080341740245979,500-550,0.0
12216,550.0687704342862,0.05961586932814877,550-600,0.0
12217,522.3615591955747,0.10734098456780895,500-550,0.0
12218,597.746115553167,0.020634363867594464,550-600,0.0
12219,501.8109496645644,0.16200645392816118,500-550,0.0
12220,511.65159105749893,0.13345596894341272,500-550,1.0
12221,541.7355695571831,0.07137026198832502,500-550,0.0
12222,502.8141290627347,0.15888434936189855,500-550,0.0
12223,499.0614036639502,0.17081726163742397,450-500,1.0
12224,544.0704762814435,0.06787642552809582,500-550,0.0
12225,575.1855000766193,0.03426760526408548,550-600,0.0
12226,489.70040760897245,0.20366210907067148,450-500,1.0
12227,445.2831467901677,0.4164643574054913,<450,0.0
12228,492.2645015682663,0.19422231242416707,450-500,0.0
12229,539.3090323496759,0.07517652257420145,500-550,0.0
12230,517.2248668135209,0.1192542385260606,500-550,0.0
12231,493.34710915312166,0.19033760729252802,450-500,0.0
12232,497.8194136237458,0.17492021136299327,450-500,0.0
12233,479.44088394329157,0.24480464125588075,450-500,0.0
12234,491.3162182113751,0.19767421545371522,450-500,0.0
12235,576.5688971765711,0.033225437126427594,550-600,0.0
12236,511.3337995888795,0.13430738834518183,500-550,1.0
12237,482.2610777503262,0.23295926989765503,450-500,1.0
12238,503.8903715238428,0.1555893094992267,500-550,0.0
12239,533.8733343938266,0.08438760373751561,500-550,0.0
12240,444.9351258937696,0.41841979621573044,<450,0.0
12241,514.2723814696595,0.1266073748413732,500-550,0.0
12242,476.5928736118506,0.2571732329463393,450-500,1.0
12243,540.6086473060794,0.07311531001742086,500-550,0.0
12244,611.1692031602232,0.015215826589155025,600-650,0.0
12245,537.3078463068009,0.07845497911195105,500-550,0.0
12246,520.1024290005709,0.11244591235347241,500-550,0.0
12247,520.043251005372,0.1125824439230958,500-550,0.0
12248,489.65032770314787,0.20384983498127657,450-500,0.0
12249,529.1241891702173,0.09326172518504164,500-550,1.0
12250,484.34294139100274,0.22447471120618273,450-500,0.0
12251,548.0314504829937,0.06231017087189801,500-550,0.0
12252,541.8181051994858,0.07124397731461717,500-550,0.0
12253,497.85824000716264,0.17479077973115673,450-500,0.0
12254,487.0191211685065,0.21389411098521538,450-500,0.0
12255,486.9715651265251,0.21407892133582654,450-500,0.0
12256,507.7602751076539,0.14420032684561632,500-550,0.0
12257,543.0076610455649,0.06944666339051472,500-550,0.0
12258,510.0898791417754,0.1376842939191924,500-550,0.0
12259,530.6859010859408,0.09025484225807442,500-550,0.0
12260,578.7202507137481,0.03166529846078977,550-600,0.0
12261,540.2563932837622,0.07366879176631828,500-550,0.0
12262,511.60151115167434,0.13358983810192113,500-550,1.0
12263,524.8869984117646,0.10187669473967062,500-550,0.0
12264,488.01341417631284,0.2100567351510062,450-500,0.0
12265,568.2573868946771,0.03997853675262976,550-600,0.0
12266,558.3373380359043,0.04976435122861837,550-600,0.0
12267,525.2305754255694,0.10115264824748757,500-550,0.0
12268,522.201737987281,0.10769532397622163,500-550,0.0
12269,541.6943486380956,0.07143340990837571,500-550,0.0
12270,526.3541081447047,0.09881674125578721,500-550,0.0
12271,499.4400918356579,0.1695815528537288,450-500,0.0
12272,459.31186739546945,0.3404169004870055,450-500,0.0
12273,511.60151115167434,0.13358983810192113,500-550,0.0
12274,524.5625441832416,0.10256465684712984,500-550,0.0
12275,515.3063813249913,0.1239890967094196,500-550,0.0
12276,496.4630375836149,0.17948932000122253,450-500,0.0
12277,458.535303907972,0.34445703127042926,450-500,1.0
12278,503.9929765091001,0.1552781009703134,500-550,0.0
12279,487.79067479685074,0.21091196191315725,450-500,0.0
12280,485.5324972370818,0.21972629361361914,450-500,1.0
12281,554.5404111349405,0.054080516164506334,550-600,0.0
12282,491.3911210459026,0.19739988377851125,450-500,0.0
12283,499.67697941017786,0.16881218098446413,450-500,0.0
12284,534.8319250863381,0.08269197515257132,500-550,0.0
12285,514.7241592291857,0.12545762265603957,500-550,0.0
12286,472.1820919583039,0.2771180679310199,450-500,0.0
12287,464.8305769230078,0.3123949879277646,450-500,0.0
12288,496.87599787636395,0.17808842376729717,450-500,0.0
12289,542.3035746541012,0.0705053459172238,500-550,0.0
12290,538.9796173328489,0.07570739856832075,500-550,0.0
12291,519.5996195988891,0.11361057716545098,500-550,0.0
12292,547.9675329115937,0.06239651311998127,500-550,0.0
12293,502.7583105986507,0.15905677822446182,500-550,0.0
12294,461.0608934301703,0.33140262857765895,450-500,0.0
12295,556.7506948596462,0.05152678037232757,550-600,0.0
12296,465.06746449752785,0.3112205156081198,450-500,0.0
12297,471.6490253617343,0.27959210504631193,450-500,0.0
12298,499.39500552655556,0.16972830145071144,450-500,0.0
12299,578.6644055683473,0.031704886243058755,550-600,0.0
12300,511.65159105749893,0.13345596894341272,500-550,0.0
12301,547.9675329115937,0.06239651311998127,500-550,0.0
12302,475.0057164959901,0.26424084869314685,450-500,0.0
12303,528.0734537300657,0.09533506824625983,500-550,0.0
12304,481.8010534958477,0.2348639133192968,450-500,0.0
12305,502.25142665595547,0.16062954455443332,500-550,1.0
12306,505.1300072757465,0.15186334018550382,500-550,0.0
12307,508.28767945408913,0.14270305021664234,500-550,0.0
12308,464.683810173499,0.31312385936555814,450-500,0.0
12309,490.38837286851896,0.20109627638995486,450-500,0.0
12310,487.42769654658764,0.21231110824014324,450-500,0.0
12311,477.1022569768072,0.2549313244693895,450-500,0.0
12312,520.0933309111965,0.1124668934550829,500-550,0.0
12313,511.81193170110646,0.1330281237731068,500-550,0.0
12314,519.8923631126719,0.11293121769410328,500-550,0.0
12315,512.7763335840575,0.13047920430353036,500-550,0.0
12316,478.71404879835535,0.24792262647261432,450-500,0.0
12317,523.1132863499262,0.10568806025932145,500-550,1.0
12318,543.493454578621,0.06872480779570402,500-550,0.0
12319,521.8985189970012,0.10837041775823127,500-550,1.0
12320,507.7806690409469,0.1441421874183523,500-550,1.0
12321,553.2328805243717,0.055646935038916656,550-600,0.0
12322,508.53178883680175,0.14201443319249824,500-550,0.0
12323,481.0634100418672,0.23794044958199873,450-500,0.0
12324,568.5830091181258,0.03969078130140195,550-600,0.0
12325,504.7066739246984,0.15312744580508297,500-550,0.0
12326,566.7198857028279,0.041364452489454875,550-600,0.0
12327,514.6621880376612,0.1256148053973443,500-550,1.0
12328,555.815214538245,0.05259340151647497,550-600,0.0
12329,553.4911411084659,0.055334192693929744,550-600,0.0
12330,514.6121081318366,0.1257419504490773,500-550,0.0
12331,498.2753589182817,0.1734050316395878,450-500,0.0
12332,541.3996059634583,0.0718864423860361,500-550,0.0
12333,465.5502474387685,0.3088344274407435,450-500,1.0
12334,527.5512059698461,0.09638085163286232,500-550,0.0
12335,508.78479754323894,0.1413036404078211,500-550,0.0
12336,579.4376003768841,0.031161013280091528,550-600,0.0
12337,566.9690736677513,0.041136751139400705,550-600,0.0
12338,493.36680143433995,0.19026749928631487,450-500,1.0
12339,574.0623026487497,0.03513688033294764,550-600,0.0
12340,436.15212871949774,0.46845860466294137,<450,1.0
12341,472.55424802794835,0.27539886424118626,450-500,0.0
12342,477.1523368826318,0.25471160728014114,450-500,0.0
12343,491.24653540039895,0.1979296866791521,450-500,0.0
12344,505.0839101803787,0.1520005728738709,500-550,0.0
12345,466.84659071805214,0.3024778963977812,450-500,0.0
12346,511.60151115167434,0.13358983810192113,500-550,0.0
12347,510.0397992359508,0.13782172990691008,500-550,0.0
12348,545.0629972491738,0.06643982821901112,500-550,0.0
12349,520.1024290005709,0.11244591235347241,500-550,0.0
12350,469.60578406216797,0.2891991171449865,450-500,0.0
12351,526.1419504981668,0.09925412291850484,500-550,0.0
12352,510.605987644292,0.13627462062056675,500-550,0.0
12353,500.9544761564376,0.16471098132301812,500-550,1.0
12354,477.1022569768072,0.2549313244693895,450-500,1.0
12355,489.75786157016904,0.20344689982364708,450-500,0.0
12356,573.8076578929215,0.03533689232438026,550-600,0.0
12357,539.4397932455121,0.07496674174883732,500-550,0.0
12358,537.8294963211285,0.07758798866073256,500-550,0.0
12359,579.4376003768841,0.031161013280091528,550-600,0.0
12360,547.6184901902446,0.06286998625596904,500-550,0.0
12361,449.4614904996818,0.3932085817656791,<450,0.0
12362,573.4783570591004,0.0355971700904783,550-600,0.0
12363,547.1254915116309,0.06354444641544048,500-550,0.0
12364,439.581903178317,0.4487857537138077,<450,0.0
12365,497.3921109598906,0.1763496591445759,450-500,0.0
12366,504.9926237161259,0.15227263626001225,500-550,0.0
12367,496.4630375836149,0.17948932000122253,450-500,0.0
12368,531.6609245735323,0.08842210203867713,500-550,0.0
12369,460.3339033982156,0.33513491251104693,450-500,0.0
12370,541.5599466070657,0.07163966396012786,500-550,0.0
12371,523.2736269935336,0.10533841444070287,500-550,0.0
12372,553.4410612026413,0.05539470768114623,550-600,0.0
12373,561.3585630188201,0.046565258890765696,550-600,0.0
12374,504.18923705926716,0.15468424367819403,500-550,0.0
12375,464.3098553147372,0.31498516233899826,450-500,0.0
12376,541.2343243836171,0.07214164601417233,500-550,0.0
12377,539.8378940477347,0.07433137331832312,500-550,0.0
12378,516.1353610807404,0.12192366228905685,500-550,0.0
12379,586.0791363192625,0.02684711689430027,550-600,0.0
12380,512.4706362693572,0.13128263841738544,500-550,0.0
12381,581.4851058256638,0.029764046659962646,550-600,0.0
12382,568.3252608354876,0.03991839143451548,550-600,0.0
12383,511.60151115167434,0.13358983810192113,500-550,0.0
12384,540.2772598430545,0.07363589784664346,500-550,0.0
12385,500.354460025646,0.16662719030914377,500-550,0.0
12386,502.0567337010003,0.16123697467246767,500-550,0.0
12387,529.1742690760418,0.09316392296586037,500-550,0.0
12388,568.321304466077,0.0399218949213487,550-600,0.0
12389,449.64946838862886,0.3921727926979698,<450,0.0
12390,510.605987644292,0.13627462062056675,500-550,1.0
12391,541.3593615521194,0.07194850510241518,500-550,0.0
12392,506.0926626999759,0.14902067195323307,500-550,0.0
12393,523.4602309127248,0.10493278309487007,500-550,0.0
12394,508.7986352088143,0.14126485126318394,500-550,0.0
12395,446.0075568821294,0.4124025717021565,<450,1.0
12396,500.25813421075674,0.16693647203687678,500-550,0.0
12397,541.4459491298413,0.07181503568991837,500-550,0.0
12398,485.13822494107717,0.22129209514361015,450-500,0.0
12399,540.6727543213045,0.07301499424938628,500-550,0.0
12400,491.19645549457437,0.1981134432438836,450-500,0.0
12401,464.8305769230078,0.3123949879277646,450-500,1.0
12402,477.894756151865,0.2514690142551484,450-500,1.0
12403,566.7702740573241,0.04131831188151806,550-600,0.0
12404,541.0023177233585,0.07250128648524388,500-550,0.0
12405,469.6970705264208,0.2887657436939056,450-500,1.0
12406,495.94560071818364,0.18125676766391355,450-500,0.0
12407,540.7919426442022,0.07282882324481306,500-550,0.0
12408,518.6220035919608,0.11590516256425332,500-550,0.0
12409,500.1781829518924,0.16719352701940723,500-550,1.0
12410,483.67392066438424,0.22717712643906285,450-500,0.0
12411,564.8616017671035,0.04310091885123508,550-600,0.0
12412,530.9843805000197,0.08969018922628486,500-550,0.0
12413,525.7970840168605,0.09996877181598054,500-550,0.0
12414,538.9958526477719,0.07568115374809221,500-550,0.0
12415,482.4024848100736,0.23237596638864091,450-500,1.0
12416,541.5599466070657,0.07163966396012786,500-550,0.0
12417,510.4876841610611,0.13659667122752792,500-550,0.0
12418,536.0821527048552,0.08052707383172057,500-550,1.0
12419,504.9926237161259,0.15227263626001225,500-550,0.0
12420,522.9889599052183,0.10595987598193422,500-550,0.0
12421,468.02131881196186,0.29678222970796575,450-500,0.0
12422,516.6417824739983,0.12067652405341557,500-550,0.0
12423,478.0827340408121,0.2506523641540528,450-500,0.0
12424,513.4252441514119,0.12878758441046914,500-550,0.0
12425,444.7624251818971,0.419391113222559,<450,0.0
12426,490.3544140946115,0.20122235938723365,450-500,0.0
12427,529.1742690760418,0.09316392296586037,500-550,0.0
12428,483.47707400905085,0.2279766205836358,450-500,0.0
12429,506.2486430977549,0.14856422501664343,500-550,0.0
12430,470.0807248504496,0.28694860794887794,450-500,0.0
12431,483.67392066438424,0.22717712643906285,450-500,0.0
12432,511.18855085892534,0.13469806105225843,500-550,0.0
12433,463.73552681660783,0.3178553864709074,450-500,1.0
12434,569.0473436491588,0.03928387693095023,550-600,0.0
12435,542.1670506407346,0.07071234604417935,500-550,0.0
12436,608.5061635970674,0.016165837716079826,600-650,0.0
12437,437.8438169315215,0.45873913563764784,<450,0.0
12438,471.6991052675589,0.27935910270556086,450-500,0.0
12439,521.6016543400272,0.10903496273980087,500-550,0.0
12440,537.3678255113008,0.0783548435652977,500-550,0.0
12441,530.7569558828893,0.09012013353147341,500-550,0.0
12442,521.6049629210955,0.10902753666279447,500-550,0.0
12443,521.9485989028258,0.1082586629747747,500-550,1.0
12444,524.4557678245503,0.10279196029610158,500-550,1.0
12445,477.7113006209717,0.2522677192081076,450-500,0.0
12446,468.02131881196186,0.29678222970796575,450-500,0.0
12447,537.4179054171253,0.07827132453918116,500-550,0.0
12448,495.6476597276101,0.18228059960242743,450-500,0.0
12449,551.6210887028236,0.05763662096180226,550-600,1.0
12450,529.1241891702173,0.09326172518504164,500-550,0.0
12451,591.6490995987251,0.02368192718285748,550-600,0.0
12452,524.9870992554883,0.1016652714362444,500-550,0.0
12453,520.2311909923072,0.11214934070849164,500-550,0.0
12454,530.6859010859408,0.09025484225807442,500-550,0.0
12455,549.2761451701781,0.06065087763272591,500-550,0.0
12456,521.9485989028258,0.1082586629747747,500-550,0.0
12457,525.7026431375159,0.10016527303391658,500-550,1.0
12458,528.4201027787536,0.09464653163891058,500-550,0.0
12459,463.41773400894976,0.31944955255292407,450-500,0.0
12460,508.6395167474521,0.14171142254879635,500-550,0.0
12461,455.0384151411502,0.3629231447115568,450-500,0.0
12462,547.8708460679095,0.0625273335910141,500-550,0.0
12463,573.9425399319489,0.03523081231317875,550-600,0.0
12464,503.7762767665181,0.15593596460625192,500-550,0.0
12465,471.6991052675589,0.27935910270556086,450-500,0.0
12466,538.0727468811167,0.0771867095684991,500-550,0.0
12467,478.99725253680873,0.2467045779902163,450-500,0.0
12468,526.0802877553139,0.09938156881034774,500-550,0.0
12469,542.7732776125785,0.06979744474568429,500-550,0.0
12470,534.8037315520069,0.08274140056994757,500-550,0.0
12471,568.2815976185515,0.03995707288090078,550-600,0.0
12472,512.933450171633,0.13006789847912958,500-550,1.0
12473,559.4519910474557,0.04856052718204013,550-600,0.0
12474,511.76185179528187,0.1331616297122345,500-550,0.0
12475,494.4873571951776,0.18631063601927347,450-500,0.0
12476,526.708138906508,0.0980906961868875,500-550,0.0
12477,449.47752404888405,0.39312019665562487,<450,1.0
12478,503.51821545419836,0.15672235711049726,500-550,1.0
12479,501.33462163504754,0.16350612989712981,500-550,0.0
12480,505.38857630851226,0.1510954557136913,500-550,0.0
12481,518.2834355770343,0.11670916321177889,500-550,0.0
12482,523.8372712989143,0.10411739555185259,500-550,0.0
12483,487.3190019078379,0.21273140247131822,450-500,0.0
12484,476.6863685652642,0.25676077681329945,450-500,0.0
12485,497.95492685084685,0.1744687925360347,450-500,1.0
12486,555.815214538245,0.05259340151647497,550-600,1.0
12487,450.48321481178493,0.38759051686379975,450-500,0.0
12488,451.8535832321164,0.3801023161178501,450-500,0.0
12489,527.9791513217176,0.09552315159296412,500-550,0.0
12490,483.15319905611364,0.2292963510538176,450-500,0.0
12491,525.1728940158723,0.1012738849513323,500-550,0.0
12492,501.5416259131973,0.16285302774269386,500-550,0.0
12493,507.0467112964434,0.14624686838641435,500-550,0.0
12494,529.1881067416173,0.09313691529675733,500-550,0.0
12495,466.41113497813876,0.30460486023785555,450-500,1.0
12496,508.6395167474521,0.14171142254879635,500-550,0.0
12497,514.9934829805528,0.12477647015042716,500-550,0.0
12498,495.94560071818364,0.18125676766391355,450-500,1.0
12499,441.7503508718503,0.4364260200612656,<450,0.0
12500,560.2892928712176,0.04767447162762067,550-600,0.0
12501,491.4333430690944,0.19724537216093868,450-500,0.0
12502,477.1022569768072,0.2549313244693895,450-500,0.0
12503,552.1095741015341,0.05702665554333785,550-600,0.0
12504,474.93992706233746,0.2645364807762707,450-500,1.0
12505,498.6481303415196,0.17217397318316643,450-500,1.0
12506,507.5598314008416,0.14477279381340635,500-550,0.0
12507,527.7619311108166,0.0959576539527734,500-550,1.0
12508,474.07986239514065,0.26842070705688065,450-500,0.0
12509,474.4603601820319,0.26669785617352043,450-500,1.0
12510,524.986086347177,0.10166740885297004,500-550,0.0
12511,488.387186825644,0.20862732963307137,450-500,0.0
12512,505.6254638830323,0.15039476379535616,500-550,1.0
12513,593.7429482138879,0.022588774026107816,550-600,0.0
12514,470.0807248504496,0.28694860794887794,450-500,0.0
12515,570.821480853971,0.037765722895110994,550-600,0.0
12516,534.6569648024981,0.08299912824736447,500-550,0.0
12517,486.01946673828365,0.21780336560494412,450-500,1.0
12518,526.5941414292835,0.0983239613383115,500-550,0.0
12519,497.96303894443275,0.17444179886748215,450-500,0.0
12520,510.8418079235852,0.13563456883329536,500-550,0.0
12521,511.18855085892534,0.13469806105225843,500-550,0.0
12522,506.7552291354674,0.14708975533345206,500-550,0.0
12523,589.6648245953475,0.024765419096691898,550-600,0.0
12524,504.68794196829685,0.1531835795011177,500-550,0.0
12525,510.5971188779057,0.13629874135085465,500-550,0.0
12526,474.54993812249467,0.26629328219185766,450-500,1.0
12527,505.55881212446707,0.15059164284769716,500-550,0.0
12528,520.5019062892777,0.11152804273544502,500-550,0.0
12529,554.398125743204,0.05424893716827019,550-600,0.0
12530,513.4886024372246,0.12862342353343387,500-550,1.0
12531,445.23306688434315,0.4167455830161284,<450,0.0
12532,498.76522464190066,0.17178870666941573,450-500,0.0
12533,559.5918745919373,0.04841141888183329,550-600,0.0
12534,508.0175566154669,0.14346829110760834,500-550,0.0
12535,524.3932736018076,0.10292520362135947,500-550,0.0
12536,485.4475737582972,0.22006288248011435,450-500,0.0
12537,481.9687505802202,0.23416834750248816,450-500,0.0
12538,465.2436953584199,0.31034834732615296,450-500,0.0
12539,551.1230781075246,0.05826478216601363,550-600,1.0
12540,488.3082007517946,0.20892879529769018,450-500,0.0
12541,487.98115474652036,0.21018044014994433,450-500,0.0
12542,478.71404879835535,0.24792262647261432,450-500,0.0
12543,500.95886107110545,0.16469704301921206,500-550,0.0
12544,504.9119658406339,0.15251335530482413,500-550,1.0
12545,571.5661201054451,0.03714545686824396,550-600,0.0
12546,510.3465094589625,0.13698182099129358,500-550,0.0
12547,487.9065028980929,0.21046691203046722,450-500,1.0
12548,487.40529935637846,0.21239766277631683,450-500,0.0
12549,480.2511817343454,0.24135999050976817,450-500,0.0
12550,494.8389488140439,0.18508225996663885,450-500,0.0
12551,465.35397681704956,0.3098032477135204,450-500,0.0
12552,466.39228883873136,0.3046971029430167,450-500,1.0
12553,506.99364299250044,0.14640002884600112,500-550,0.0
12554,512.1553263430701,0.1321157321828193,500-550,0.0
12555,453.7673493161437,0.3697402382103449,450-500,0.0
12556,567.4182762007496,0.04072930914127799,550-600,0.0
12557,511.48630947765776,0.13389821615844383,500-550,1.0
12558,470.61326751456494,0.2844376403597324,450-500,1.0
12559,470.88827046888497,0.2831461825283785,450-500,1.0
12560,536.4560707430236,0.07988970947865957,500-550,0.0
12561,485.64127898480876,0.21929568453037257,450-500,0.0
12562,488.42637446906184,0.20847788132159473,450-500,1.0
12563,536.3228553107253,0.08011625269796299,500-550,0.0
12564,486.7727655160978,0.2148527459713864,450-500,0.0
12565,517.5132032644381,0.11855628527442046,500-550,0.0
12566,537.3078463068009,0.07845497911195105,500-550,0.0
12567,509.20678534936087,0.14012473909856393,500-550,0.0
12568,477.7797375922753,0.2519695707147654,450-500,0.0
12569,515.2805121430412,0.12405403151019578,500-550,0.0
12570,469.32655855316136,0.2905271038994288,450-500,0.0
12571,552.1095741015341,0.05702665554333785,550-600,0.0
12572,540.8610406589231,0.07272109320522006,500-550,0.0
12573,489.60834690463923,0.20400730032730616,450-500,1.0
12574,559.4519910474557,0.04856052718204013,550-600,0.0
12575,458.535303907972,0.34445703127042926,450-500,0.0
12576,516.2121314834668,0.12173389251736959,500-550,0.0
12577,496.87599787636395,0.17808842376729717,450-500,1.0
12578,491.8674770996431,0.19566194834869802,450-500,0.0
12579,571.4854145561626,0.03721220649781689,550-600,0.0
12580,466.07033875174193,0.30627531191111623,450-500,0.0
12581,511.05776540381817,0.13505065269270314,500-550,0.0
12582,462.45803020861035,0.3242893629896501,450-500,1.0
12583,578.2550734245219,0.03199652046169402,550-600,0.0
12584,548.6872034273545,0.06143077618100959,500-550,0.0
12585,480.7152348412303,0.23940220060780631,450-500,0.0
12586,549.6895854709248,0.060108927932402606,500-550,0.0
12587,494.14592489434057,0.18750952477435023,450-500,1.0
12588,495.187991535393,0.18386899002738516,450-500,0.0
12589,593.7429482138879,0.022588774026107816,550-600,0.0
12590,524.4128251442743,0.10288350154100508,500-550,0.0
12591,562.5778445128875,0.0453303914772603,550-600,0.0
12592,500.75627585751266,0.16534198866985664,500-550,1.0
12593,518.079167945014,0.11719657718125172,500-550,0.0
12594,516.6144559026562,0.12074353794225973,500-550,0.0
12595,547.1254915116309,0.06354444641544048,500-550,0.0
12596,518.079167945014,0.11719657718125172,500-550,0.0
12597,505.99089481511675,0.1493190994531058,500-550,0.0
12598,539.3969425906987,0.07503542809435117,500-550,0.0
12599,515.6834785982953,0.12304584544013177,500-550,0.0
12600,503.56829536002294,0.15656949609741413,500-550,0.0
12601,468.07139871778645,0.2965407985691842,450-500,0.0
12602,541.5163527361639,0.07170668129313713,500-550,0.0
12603,515.5691726723992,0.12333111085368767,500-550,0.0
12604,510.8095496575361,0.13572197275996883,500-550,0.0
12605,521.3750632015652,0.10954460146416188,500-550,1.0
12606,505.9210730217642,0.14952413205239753,500-550,0.0
12607,519.5996195988891,0.11361057716545098,500-550,0.0
12608,523.9232711112984,0.10393219832715038,500-550,0.0
12609,511.60151115167434,0.13358983810192113,500-550,0.0
12610,514.8862398470364,0.12504732033150853,500-550,0.0
12611,528.8472230707677,0.09380428371662416,500-550,0.0
12612,482.67855132297836,0.23124013069154595,450-500,0.0
12613,474.05610073335686,0.2685285306115662,450-500,0.0
12614,623.4909631198473,0.011489343146106981,600-650,0.0
12615,541.8414284172859,0.07120832874308536,500-550,0.0
12616,480.1796291831624,0.2416628324305638,450-500,0.0
12617,509.322951243685,0.1398016564963471,500-550,0.0
12618,504.18292988785424,0.1547032994146153,500-550,0.0
12619,488.2833188139314,0.20902382840963468,450-500,0.0
12620,477.8494204032515,0.2516662348640269,450-500,1.0
12621,545.8272917386616,0.0653528717248408,500-550,0.0
12622,451.66677556342097,0.3811198375539003,450-500,0.0
12623,554.635013317724,0.053968810010878034,550-600,0.0
12624,514.8650862809355,0.12510080463447215,500-550,0.0
12625,466.1706192546951,0.30578324431633497,450-500,0.0
12626,523.048160000724,0.10583036965457816,500-550,0.0
12627,528.2269081419556,0.09502971614911096,500-550,0.0
12628,544.828085464234,0.06677727240020874,500-550,0.0
12629,515.5691726723992,0.12333111085368767,500-550,0.0
12630,521.8985189970012,0.10837041775823127,500-550,0.0
12631,510.3267667162954,0.13703575546989577,500-550,0.0
12632,539.9045609146158,0.07422545838280459,500-550,0.0
12633,492.2645015682663,0.19422231242416707,450-500,1.0
12634,523.5103108185493,0.10482415653632998,500-550,0.0
12635,493.5860452798825,0.18948828661808007,450-500,1.0
12636,496.15013923917644,0.18055649565715673,450-500,0.0
12637,489.294171460382,0.20518860918275988,450-500,1.0
12638,471.4052290087032,0.2807280915064838,450-500,0.0
12639,491.9175570054677,0.19547991131860815,450-500,0.0
12640,535.2048214949338,0.08204078230852334,500-550,0.0
12641,510.7594697517115,0.13585775857142243,500-550,0.0
12642,451.66677556342097,0.3811198375539003,450-500,1.0
12643,494.437277289353,0.18648611358952003,450-500,0.0
12644,486.14927997474945,0.21729281833607642,450-500,0.0
12645,548.0176128174182,0.06232885384372635,500-550,0.0
12646,503.51821545419836,0.15672235711049726,500-550,0.0
12647,510.0898791417754,0.1376842939191924,500-550,0.0
12648,571.1939640358006,0.03745421963116294,550-600,0.0
12649,498.2661201138758,0.17343563046164237,450-500,0.0
12650,593.7429482138879,0.022588774026107816,550-600,0.0
12651,517.2337258002578,0.11923274147950005,500-550,0.0
12652,521.5515744342026,0.10914742080684972,500-550,0.0
12653,477.7797375922753,0.2519695707147654,450-500,0.0
12654,512.8175808321558,0.13037111878468968,500-550,1.0
12655,480.23122971774427,0.2414444102095494,450-500,0.0
12656,510.69363076881575,0.1360364474623132,500-550,0.0
12657,483.67392066438424,0.22717712643906285,450-500,0.0
12658,504.23300979367883,0.1545520467870177,500-550,1.0
12659,516.6126774592976,0.12074790039241912,500-550,0.0
12660,509.62683894320173,0.13895942884181534,500-550,0.0
12661,532.4150908708204,0.08702762452620968,500-550,0.0
12662,544.2584425973895,0.06760216599111507,500-550,0.0
12663,489.1181855131668,0.20585253544476415,450-500,0.0
12664,547.9675329115937,0.06239651311998127,500-550,0.0
12665,483.67722924545257,0.22716370554344878,450-500,1.0
12666,568.3252608354876,0.03991839143451548,550-600,0.0
12667,523.9232711112984,0.10393219832715038,500-550,0.0
12668,510.0397992359508,0.13782172990691008,500-550,1.0
12669,533.9234142996511,0.0842982424993879,500-550,0.0
12670,527.3120702055948,0.09686312514446957,500-550,1.0
12671,534.6494039882957,0.08301242506427163,500-550,0.0
12672,503.42790120858683,0.15699833421450518,500-550,1.0
12673,511.05776540381817,0.13505065269270314,500-550,0.0
12674,481.8175763391555,0.2347953171272743,450-500,0.0
12675,519.0013843316066,0.11500996556046522,500-550,0.0
12676,490.1828244163998,0.2018603461528006,450-500,0.0
12677,568.3252608354876,0.03991839143451548,550-600,0.0
12678,590.037307777177,0.024558409558930183,550-600,0.0
12679,485.30723857478665,0.22061990295185643,450-500,0.0
12680,494.58757728615115,0.1859598520418856,450-500,1.0
12681,492.8082473161225,0.19226372220007415,450-500,0.0
12682,504.29270545198466,0.15437191031815664,500-550,0.0
12683,515.9603878106304,0.1223571331490017,500-550,1.0
12684,464.8305769230078,0.3123949879277646,450-500,0.0
12685,517.6127270016472,0.1183161980251234,500-550,0.0
12686,542.4242348912294,0.07032286504571622,500-550,0.0
12687,459.986958835417,0.3369234147920471,450-500,1.0
12688,480.5276046092847,0.24019247964106125,450-500,1.0
12689,524.0347870461906,0.10369248680352877,500-550,0.0
12690,498.84154732662284,0.17153795594073507,450-500,0.0
12691,428.02036110392226,0.5153827410081914,<450,0.0
12692,491.5980831184208,0.19664337792592232,450-500,0.0
12693,543.6560366463323,0.06848477814511028,500-550,0.0
12694,600.5694957599303,0.01935649159121533,600-650,0.0
12695,466.96574791775095,0.30189734625892506,450-500,1.0
12696,494.4873571951776,0.18631063601927347,450-500,0.0
12697,483.8841977436364,0.2263252735782687,450-500,0.0
12698,520.1747044691461,0.11227935932071884,500-550,0.0
12699,541.4459491298413,0.07181503568991837,500-550,1.0
12700,558.9222839820012,0.04912912507930897,550-600,0.0
12701,549.8801298790618,0.059860685528225294,500-550,0.0
12702,465.27774157678004,0.3101800072588827,450-500,0.0
12703,556.6308592639963,0.051662264200024094,550-600,0.0
12704,495.35164547934113,0.18330225545232123,450-500,1.0
12705,551.6966138087851,0.05754191501749331,550-600,0.0
12706,483.62384075855965,0.22738033843944833,450-500,0.0
12707,503.66851545099655,0.15626395472013377,500-550,0.0
12708,509.64067660877714,0.13892117909712814,500-550,0.0
12709,478.0827340408121,0.2506523641540528,450-500,0.0
12710,518.3126547747407,0.11663958571614821,500-550,0.0
12711,470.0470791062238,0.28710769367429767,450-500,1.0
12712,543.493454578621,0.06872480779570402,500-550,0.0
12713,473.49770475780247,0.27107024750860276,450-500,0.0
12714,474.6359251798149,0.2659052942258441,450-500,0.0
12715,503.04833012387996,0.15816253097528812,500-550,0.0
12716,561.9010846927658,0.04601189960710599,550-600,0.0
12717,455.40820645732543,0.3609500114036428,450-500,0.0
12718,490.4923691031107,0.20071052430413727,450-500,1.0
12719,514.1269503678642,0.12697940217662732,500-550,0.0
12720,544.9672270714648,0.06657720773606424,500-550,0.0
12721,447.0817462804113,0.40640160928015145,<450,0.0
12722,510.0397992359508,0.13782172990691008,500-550,0.0
12723,500.4219793049234,0.16641067365410234,500-550,0.0
12724,523.4602309127248,0.10493278309487007,500-550,0.0
12725,522.9927204051381,0.10595164534636416,500-550,0.0
12726,437.7639205410459,0.4591975273335304,<450,1.0
12727,491.24653540039895,0.1979296866791521,450-500,0.0
12728,545.9601463894262,0.0651656251274443,500-550,0.0
12729,543.6046875350453,0.06856050387937629,500-550,0.0
12730,560.4339159919002,0.04752299105836904,550-600,0.0
12731,478.0827340408121,0.2506523641540528,450-500,1.0
12732,515.2805121430412,0.12405403151019578,500-550,0.0
12733,541.4960290356659,0.07173794490750102,500-550,0.0
12734,513.330700936554,0.1290328771857014,500-550,0.0
12735,520.1024290005709,0.11244591235347241,500-550,0.0
12736,512.5652384521406,0.13103355712138856,500-550,0.0
12737,463.4150947491729,0.3194628098117371,450-500,1.0
12738,514.414456538074,0.1262448329285336,500-550,0.0
12739,497.5073126339072,0.17596337553808342,450-500,0.0
12740,490.4044940004361,0.2010364421390757,450-500,1.0
12741,457.55482684396713,0.3495902790301484,450-500,0.0
12742,479.15352292550676,0.24603419040850424,450-500,0.0
12743,533.3163102659823,0.08538735451447357,500-550,0.0
12744,587.9940664776108,0.025715058868590376,550-600,0.0
12745,518.2834355770343,0.11670916321177889,500-550,1.0
12746,465.3794220171865,0.30967755202443986,450-500,0.0
12747,528.4201027787536,0.09464653163891058,500-550,0.0
12748,545.0543962309507,0.06645215535846567,500-550,0.0
12749,518.2834355770343,0.11670916321177889,500-550,0.0
12750,549.8652084210421,0.059880090600717105,500-550,0.0
12751,561.6846975437248,0.04623185506902645,550-600,0.0
12752,487.2024165066292,0.2131828828080541,450-500,0.0
12753,565.882583879066,0.04213842214139165,550-600,0.0
12754,550.8950495197416,0.0585545427811288,550-600,0.0
12755,487.40529935637846,0.21239766277631683,450-500,0.0
12756,440.14809158665815,0.44555184602235953,<450,0.0
12757,531.2142391808228,0.08925752307534084,500-550,0.0
12758,505.1300072757465,0.15186334018550382,500-550,0.0
12759,529.1241891702173,0.09326172518504164,500-550,0.0
12760,485.5324972370818,0.21972629361361914,450-500,0.0
12761,508.4668160355796,0.1421974460649286,500-550,0.0
12762,505.47815424897504,0.15083017731677395,500-550,0.0
12763,473.0742132640913,0.2730079489943325,450-500,0.0
12764,511.65159105749893,0.13345596894341272,500-550,0.0
12765,560.2892928712176,0.04767447162762067,550-600,0.0
12766,464.1297991126125,0.3158834928349368,450-500,0.0
12767,494.437277289353,0.18648611358952003,450-500,0.0
12768,444.4411053902049,0.4211999632841836,<450,1.0
12769,513.7688801331421,0.12789936450741216,500-550,0.0
12770,580.6650172173192,0.030316134459375244,550-600,0.0
12771,555.0052297768727,0.053533747370803,550-600,0.0
12772,536.3259588375354,0.08011096824294789,500-550,0.0
12773,531.6928862847344,0.08836259657378269,500-550,0.0
12774,554.8581499976824,0.05370619171373844,550-600,0.0
12775,506.2486430977549,0.14856422501664343,500-550,0.0
12776,591.5990196929006,0.023708695154040144,550-600,0.0
12777,468.16630934924143,0.29608355401840586,450-500,0.0
12778,501.28698327941504,0.163656727689966,500-550,0.0
12779,514.6504195677433,0.1256446738031613,500-550,0.0
12780,520.1024290005709,0.11244591235347241,500-550,0.0
12781,533.6617096476024,0.084766171444692,500-550,0.0
12782,445.95273740010384,0.41270953645823893,<450,0.0
12783,493.64216138012296,0.18928923831378774,450-500,0.0
12784,430.38125918378535,0.5017505078815817,<450,0.0
12785,483.5008999910399,0.22787974580154555,450-500,0.0
12786,551.2083547063723,0.058156765429969996,550-600,0.0
12787,457.54823824840605,0.3496248931561473,450-500,1.0
12788,510.7441986570961,0.13589918713284427,500-550,0.0
12789,510.27668681047084,0.13717264706879925,500-550,0.0
12790,505.30544078203866,0.15134199841065152,500-550,0.0
12791,545.2658954924482,0.0661496460616076,500-550,0.0
12792,456.26574726067906,0.35639245697435046,450-500,1.0
12793,524.3093146108478,0.10310445244906986,500-550,0.0
12794,535.3107198648423,0.08185670403161148,500-550,0.0
12795,512.5652384521406,0.13103355712138856,500-550,0.0
12796,541.4459491298413,0.07181503568991837,500-550,0.0
12797,502.8141290627347,0.15888434936189855,500-550,0.0
12798,507.57472429623914,0.14473019488025837,500-550,0.0
12799,443.9940672068796,0.42372004983156153,<450,0.0
12800,505.99913239342936,0.14929492499099306,500-550,1.0
12801,512.8676607379804,0.13023999022139937,500-550,1.0
12802,501.47497415463204,0.16306308554893195,500-550,1.0
12803,529.8986791680036,0.09175946764269614,500-550,0.0
12804,587.8011888785935,0.025826945369406627,550-600,0.0
12805,529.2646536725297,0.09298764168141292,500-550,0.0
12806,432.3562330051009,0.4903438196494618,<450,1.0
12807,495.5326404254346,0.18267704764429044,450-500,0.0
12808,543.4914498389646,0.06872777237063227,500-550,0.0
12809,499.30219385253537,0.17003070636001613,450-500,0.0
12810,491.19645549457437,0.1981134432438836,450-500,1.0
12811,563.2417782150791,0.044671150072666095,550-600,0.0
12812,603.810317554709,0.017985149622258546,600-650,0.0
12813,536.9718707968686,0.07901805922493804,500-550,0.0
12814,490.54244900893525,0.20052496124267946,450-500,0.0
12815,496.391071306297,0.17973433208731732,450-500,0.0
12816,511.60151115167434,0.13358983810192113,500-550,1.0
12817,504.76188447800763,0.1529620954170104,500-550,0.0
12818,521.7766507246566,0.10864279383810128,500-550,1.0
12819,558.0301626762138,0.05010103982113595,550-600,0.0
12820,577.7656277233776,0.03234863854888368,550-600,0.0
12821,464.5093836017625,0.3139912965982345,450-500,0.0
12822,529.1241891702173,0.09326172518504164,500-550,0.0
12823,527.2553275398666,0.0969778758929823,500-550,0.0
12824,469.1189776208005,0.2915166814467807,450-500,1.0
12825,515.0299906524501,0.12468438225115965,500-550,0.0
12826,489.7051471851734,0.20364434930463027,450-500,0.0
12827,510.0397992359508,0.13782172990691008,500-550,1.0
12828,549.1611220295783,0.06080246418656917,500-550,0.0
12829,542.586469943883,0.07007819647717801,500-550,0.0
12830,494.775031242644,0.18530510603916356,450-500,0.0
12831,476.7796812805461,0.25634955658087694,450-500,1.0
12832,508.96122492300105,0.1408097529301413,500-550,0.0
12833,560.2892928712176,0.04767447162762067,550-600,0.0
12834,474.6359251798149,0.2659052942258441,450-500,0.0
12835,542.5363900380585,0.07015363846197269,500-550,0.0
12836,534.1484905901052,0.08389768238593438,500-550,0.0
12837,555.9102096719544,0.052484145140406654,550-600,0.0
12838,486.9147424591629,0.2142998955822239,450-500,0.0
12839,510.6560675501165,0.13613848380622356,500-550,1.0
12840,503.0745840477156,0.15808178140363138,500-550,0.0
12841,445.23306688434315,0.4167455830161284,<450,1.0
12842,561.063782869004,0.046868576100407414,550-600,0.0
12843,533.9267228807195,0.08429234178283042,500-550,0.0
12844,541.4459491298413,0.07181503568991837,500-550,0.0
12845,497.95492685084685,0.1744687925360347,450-500,1.0
12846,543.0076610455649,0.06944666339051472,500-550,0.0
12847,453.2284874791445,0.37264624894346077,450-500,1.0
12848,510.55591231947744,0.1364108596044787,500-550,0.0
12849,503.4779811144114,0.15684525408949798,500-550,0.0
12850,488.8645536656501,0.20681218657636846,450-500,0.0
12851,518.3126547747407,0.11663958571614821,500-550,1.0
12852,505.11963421744747,0.1518942122764003,500-550,0.0
12853,543.0577409513894,0.06937192495380051,500-550,0.0
12854,548.0176128174182,0.06232885384372635,500-550,0.0
12855,490.4044940004361,0.2010364421390757,450-500,0.0
12856,497.56405529963547,0.17577335601718216,450-500,0.0
12857,515.2563014191668,0.12411482982077947,500-550,0.0
12858,542.4030136704039,0.07035492735311362,500-550,0.0
12859,534.8538114578314,0.08265362519529731,500-550,0.0
12860,467.41025500659873,0.2997372407402292,450-500,1.0
12861,505.07992736992196,0.15201243461758238,500-550,0.0
12862,493.48460901779396,0.18984849604706108,450-500,0.0
12863,537.7341788661902,0.07774574982926064,500-550,0.0
12864,478.9906432204009,0.24673295849295737,450-500,0.0
12865,534.4125164137756,0.08343000946727129,500-550,0.0
12866,524.1852921953124,0.10336974044154824,500-550,0.0
12867,520.1071685767719,0.11243498377221096,500-550,0.0
12868,521.5106588088748,0.10923937534867845,500-550,0.0
12869,501.1586600158972,0.1640629474258529,500-550,0.0
12870,541.6943486380956,0.07143340990837571,500-550,0.0
12871,511.5541834184683,0.13371645476740052,500-550,0.0
12872,544.3548406028007,0.06746191178662846,500-550,0.0
12873,503.51821545419836,0.15672235711049726,500-550,0.0
12874,498.0247494993385,0.17423655967830778,450-500,1.0
12875,487.47685190756147,0.21212123637753824,450-500,0.0
12876,511.888478632019,0.13282427947281833,500-550,0.0
12877,516.4673761234659,0.1211047783374104,500-550,1.0
12878,522.0386718086706,0.10805791745496365,500-550,1.0
12879,558.1902064262506,0.049925350778601184,550-600,0.0
12880,520.2650187147576,0.11207154028559461,500-550,0.0
12881,499.1962954826268,0.1703762742825173,450-500,0.0
12882,451.1995767464773,0.38366917606403433,450-500,0.0
12883,490.4923691031107,0.20071052430413727,450-500,0.0
12884,515.8060602469193,0.1227405573914066,500-550,0.0
12885,417.2174578241985,0.5771660488886124,<450,1.0
12886,478.0326541349875,0.2508697584415822,450-500,1.0
12887,506.55708322345794,0.14766503174314438,500-550,0.0
12888,533.9873318710511,0.08418431451241096,500-550,0.0
12889,524.8424761348058,0.10197085556269503,500-550,0.0
12890,598.6367165581796,0.020222602823321573,550-600,0.0
12891,502.0575327882554,0.16123447778130476,500-550,1.0
12892,479.161663015295,0.24599930371799086,450-500,0.0
12893,535.0171637889366,0.08236790513302555,500-550,0.0
12894,533.9234142996511,0.0842982424993879,500-550,0.0
12895,530.7068759770648,0.0902150583037995,500-550,0.0
12896,591.226536511071,0.02390871777412623,550-600,0.0
12897,545.7084027165898,0.06552085918784564,500-550,0.0
12898,541.3996059634583,0.0718864423860361,500-550,0.0
12899,498.0050067566714,0.17430220006974928,450-500,0.0
12900,485.47252015462783,0.21996397062889786,450-500,0.0
12901,491.19645549457437,0.1981134432438836,450-500,0.0
12902,475.2680492706471,0.2630641347338045,450-500,0.0
12903,477.1022569768072,0.2549313244693895,450-500,1.0
12904,516.010467716455,0.1222329321610108,500-550,0.0
12905,470.857063867596,0.2832925551607013,450-500,1.0
12906,486.1132859038474,0.21743429407138223,450-500,0.0
12907,570.0946411280247,0.03838075189137816,550-600,0.0
12908,437.8438169315215,0.45873913563764784,<450,0.0
12909,530.7068759770648,0.0902150583037995,500-550,1.0
12910,510.0397992359508,0.13782172990691008,500-550,1.0
12911,505.169714123272,0.15174521304780092,500-550,1.0
12912,462.56808719688894,0.32373240677619014,450-500,1.0
12913,503.024504141891,0.1582358418828174,500-550,0.0
12914,485.2356325801078,0.22090451171998207,450-500,1.0
12915,474.93992706233746,0.2645364807762707,450-500,0.0
12916,466.5790965074268,0.30378346388367017,450-500,0.0
12917,545.5540751528786,0.06573951941051477,500-550,0.0
12918,498.4877896979121,0.17270263953936557,450-500,0.0
12919,539.8378940477347,0.07433137331832312,500-550,0.0
12920,463.2309263402543,0.32038862567883986,450-500,0.0
12921,515.2465969761381,0.12413920693392169,500-550,0.0
12922,464.1798790184371,0.31563349735840385,450-500,0.0
12923,535.3607997706669,0.08176978351303259,500-550,0.0
12924,523.1132863499262,0.10568806025932145,500-550,0.0
12925,477.0799858634285,0.2550290752880466,450-500,1.0
12926,507.22242795241107,0.14574068004827656,500-550,0.0
12927,573.2885334463098,0.03574804366098476,550-600,0.0
12928,513.7122116317565,0.12804547873310812,500-550,1.0
12929,521.1813579750537,0.1099819297452015,500-550,0.0
12930,478.775484827423,0.2476580503865629,450-500,0.0
12931,584.6620100490425,0.027715943139951047,550-600,0.0
12932,510.0898791417754,0.1376842939191924,500-550,0.0
12933,503.56829536002294,0.15656949609741413,500-550,0.0
12934,488.66640775364056,0.20756419732603745,450-500,1.0
12935,503.51821545419836,0.15672235711049726,500-550,0.0
12936,438.77772316632667,0.45338639037485656,<450,1.0
12937,537.3078463068009,0.07845497911195105,500-550,0.0
12938,510.0397992359508,0.13782172990691008,500-550,0.0
12939,515.0800705582747,0.12455815421236531,500-550,0.0
12940,529.9344869612711,0.09169054104452527,500-550,0.0
12941,580.9563696123316,0.03011886757255587,550-600,0.0
12942,530.4656034878769,0.09067364546311149,500-550,0.0
12943,523.9733510171229,0.10382448742556383,500-550,0.0
12944,488.9146335714746,0.2066224406270034,450-500,1.0
12945,508.28767945408913,0.14270305021664234,500-550,0.0
12946,526.6740926881479,0.09816031090589096,500-550,1.0
12947,540.7919426442022,0.07282882324481306,500-550,0.0
12948,486.9147424591629,0.2142998955822239,450-500,0.0
12949,530.6552754424829,0.09031295958229661,500-550,0.0
12950,520.9945503063583,0.11040513406555384,500-550,0.0
12951,526.8808396183805,0.09773825024271045,500-550,0.0
12952,527.7029417568062,0.09607595413144832,500-550,0.0
12953,446.45043152286803,0.4099251874067849,<450,0.0
12954,543.4007920063333,0.06886195948092354,500-550,0.0
12955,504.061065453934,0.1550718627152435,500-550,0.0
12956,468.92902424204635,0.2924239610231906,450-500,0.0
12957,510.0397992359508,0.13782172990691008,500-550,0.0
12958,490.05141764607475,0.20234994999203293,450-500,0.0
12959,503.51821545419836,0.15672235711049726,500-550,1.0
12960,452.4743211818563,0.3767288260364664,450-500,0.0
12961,486.9147424591629,0.2142998955822239,450-500,0.0
12962,503.51821545419836,0.15672235711049726,500-550,0.0
12963,455.9364464268579,0.3581395633647832,450-500,1.0
12964,544.6090798088139,0.06709330048196245,500-550,0.0
12965,547.6405789317822,0.06283992400431673,500-550,0.0
12966,529.4526445477468,0.09262195290002043,500-550,0.0
12967,441.093535188216,0.4401621342990595,<450,0.0
12968,503.56829536002294,0.15656949609741413,500-550,0.0
12969,493.4052738056029,0.19013058783943723,450-500,0.0
12970,521.3636904319076,0.10957023556912002,500-550,1.0
12971,528.4701826845782,0.09454742861985779,500-550,0.0
12972,536.2531724997492,0.08023498722813964,500-550,0.0
12973,534.9238725850273,0.08253097078042164,500-550,0.0
12974,548.3220965737107,0.06191896029425053,500-550,0.0
12975,470.41002568427075,0.28539437367934006,450-500,0.0
12976,468.77203305800185,0.2931750513799801,450-500,0.0
12977,517.7604161739608,0.11796069423370907,500-550,0.0
12978,549.5793247331419,0.06025301610622336,500-550,0.0
12979,510.30116912933886,0.13710571117848258,500-550,0.0
12980,471.93599284207886,0.2782585699120893,450-500,0.0
12981,554.1398651591097,0.05455590000944263,550-600,0.0
12982,547.4329059739587,0.06312309233911288,500-550,0.0
12983,510.1050971322591,0.13764255349241927,500-550,0.0
12984,484.84120539708454,0.22247693447960387,450-500,0.0
12985,575.6240145644732,0.03393388658627197,550-600,0.0
12986,536.4560707430236,0.07988970947865957,500-550,0.0
12987,501.9301068642632,0.1616330376275949,500-550,0.0
12988,490.89851450400084,0.19920932348094306,450-500,1.0
12989,464.1264905315441,0.31590001279907975,450-500,0.0
12990,550.8222729616047,0.058647305584772845,550-600,0.0
12991,533.1658051168605,0.08565931918706352,500-550,0.0
12992,494.7653994976626,0.18533870470066321,450-500,0.0
12993,546.0155780762802,0.06508764684145592,500-550,0.0
12994,476.34464779401657,0.25827038930240376,450-500,0.0
12995,532.2685878927883,0.08729694695912733,500-550,0.0
12996,522.4116391013994,0.10723016369716656,500-550,0.0
12997,491.0254356996803,0.19874192875252078,450-500,0.0
12998,533.2662303601577,0.0854777625061448,500-550,0.0
12999,556.2111692526772,0.05213941767912884,550-600,0.0
13000,530.8009242265406,0.09003686721406173,500-550,0.0
13001,570.785263311255,0.037796143637248675,550-600,0.0
13002,525.2547582124056,0.10110185839276684,500-550,0.0
13003,516.7195800324845,0.12048591413261879,500-550,1.0
13004,536.4560707430236,0.07988970947865957,500-550,0.0
13005,503.9815686824536,0.1553126766354289,500-550,0.0
13006,492.5776243830559,0.19309259012633004,450-500,0.0
13007,503.7540357334916,0.15600361302220683,500-550,0.0
13008,580.5142036195259,0.03041873735612247,550-600,0.0
13009,445.7992552926843,0.4135693284859164,<450,0.0
13010,557.7255534351947,0.05043704576106311,550-600,0.0
13011,465.73756155774583,0.30791138283842023,450-500,0.0
13012,538.7398279972396,0.07609599862586512,500-550,0.0
13013,556.9809196742625,0.05126743494890824,550-600,0.0
13014,509.62683894320173,0.13895942884181534,500-550,0.0
13015,530.3296532190342,0.09093296994830555,500-550,0.0
13016,542.6896181536505,0.06992304700896805,500-550,0.0
13017,513.9463331762796,0.12744273920393678,500-550,0.0
13018,503.56829536002294,0.15656949609741413,500-550,0.0
13019,506.2486430977549,0.14856422501664343,500-550,0.0
13020,489.5444293332393,0.2042472217723306,450-500,0.0
13021,531.7110044793568,0.08832888066312412,500-550,0.0
13022,521.6016543400272,0.10903496273980087,500-550,1.0
13023,482.35240490424906,0.23258242924944708,450-500,0.0
13024,560.2892928712176,0.04767447162762067,550-600,0.0
13025,507.73253211271407,0.14427944842627652,500-550,1.0
13026,510.78222308619405,0.135796051377646,500-550,0.0
13027,519.0215266932687,0.11496260567576429,500-550,0.0
13028,510.57932484291973,0.13634714732699102,500-550,0.0
13029,474.8298700740589,0.26503150723836166,450-500,1.0
13030,492.9661488167931,0.19169778322710448,450-500,0.0
13031,505.1300072757465,0.15186334018550382,500-550,0.0
13032,501.6632604922507,0.16247024951702205,500-550,0.0
13033,551.168674299893,0.058207003751069734,550-600,0.0
13034,518.2834355770343,0.11670916321177889,500-550,0.0
13035,514.7979719729329,0.12527062505200479,500-550,0.0
13036,533.2662303601577,0.0854777625061448,500-550,0.0
13037,562.334793580341,0.045574034069517703,550-600,0.0
13038,505.7803705599188,0.1499380115452683,500-550,1.0
13039,509.8775641832972,0.1382677487007702,500-550,0.0
13040,474.93992706233746,0.2645364807762707,450-500,0.0
13041,515.5064187484874,0.12348796301446625,500-550,1.0
13042,532.7092237478844,0.08648917657838016,500-550,0.0
13043,522.3615591955747,0.10734098456780895,500-550,0.0
13044,517.6127270016472,0.1183161980251234,500-550,0.0
13045,491.19645549457437,0.1981134432438836,450-500,1.0
13046,440.2771778287711,0.4448151768247532,<450,0.0
13047,552.1095741015341,0.05702665554333785,550-600,0.0
13048,551.2083547063723,0.058156765429969996,550-600,0.0
13049,565.1830612155095,0.04279563081505683,550-600,0.0
13050,470.3599457784462,0.2856304146306884,450-500,1.0
13051,498.78608535001877,0.17172014201272418,450-500,0.0
13052,547.3916994155304,0.06317942003619126,500-550,0.0
13053,465.9740861351679,0.30674803069357254,450-500,0.0
13054,537.7445728423438,0.07772853236442191,500-550,0.0
13055,505.6254638830323,0.15039476379535616,500-550,0.0
13056,533.2727163950804,0.08546604854102985,500-550,0.0
13057,457.6049067497917,0.3493272289395683,450-500,1.0
13058,491.24653540039895,0.1979296866791521,450-500,0.0
13059,568.3891784068876,0.039861831279232735,550-600,0.0
13060,474.12994230096524,0.26819354869687845,450-500,1.0
13061,508.6540328089785,0.14167063392916862,500-550,1.0
13062,522.4116391013994,0.10723016369716656,500-550,0.0
13063,509.33348449475454,0.13977239210537457,500-550,0.0
13064,498.7360054441942,0.17188478036036248,450-500,0.0
13065,546.7772190536756,0.06402496889985085,500-550,0.0
13066,476.1112772693415,0.25930466381150896,450-500,0.0
13067,550.9670822171845,0.058462863630063366,550-600,0.0
13068,575.5753066446209,0.033970798966107156,550-600,0.0
13069,528.4922714261158,0.09450374679821888,500-550,0.0
13070,482.115517329729,0.23356077004228804,450-500,0.0
13071,543.4985377418418,0.06871729143121755,500-550,0.0
13072,534.0680374203337,0.08404066302482117,500-550,1.0
13073,469.63311063351,0.2890693465012493,450-500,0.0
13074,501.21218280722417,0.16389341740788319,500-550,1.0
13075,478.4575766238313,0.2490291765878278,450-500,1.0
13076,503.913694741643,0.15551852379711217,500-550,0.0
13077,537.7902631142283,0.07765288851998756,500-550,0.0
13078,532.3650109649959,0.08711960380574907,500-550,0.0
13079,513.0480213933813,0.12976866519783434,500-550,0.0
13080,463.1808464344297,0.3206406228451123,450-500,0.0
13081,491.19645549457437,0.1981134432438836,450-500,1.0
13082,493.90244872425944,0.18836807410921555,450-500,0.0
13083,471.6991052675589,0.27935910270556086,450-500,0.0
13084,548.7778307026475,0.06131015692703833,500-550,0.0
13085,529.1742690760418,0.09316392296586037,500-550,0.0
13086,536.4560707430236,0.07988970947865957,500-550,0.0
13087,483.10311915028905,0.22950089577459876,450-500,0.0
13088,521.407823628789,0.10947078919476416,500-550,0.0
13089,507.5608443091529,0.14476989620832836,500-550,1.0
13090,533.3163102659823,0.08538735451447357,500-550,0.0
13091,476.4515590722365,0.25779746841533924,450-500,0.0
13092,523.946024445781,0.10388324865195663,500-550,0.0
13093,517.7604161739608,0.11796069423370907,500-550,0.0
13094,541.3495260576337,0.07196368037499971,500-550,0.0
13095,471.5389683734557,0.2801045750372303,450-500,1.0
13096,592.8998811505498,0.02302286430856678,550-600,0.0
13097,551.2512973866484,0.058102442668924004,550-600,0.0
13098,573.9926198377734,0.03519150437624364,550-600,0.0
13099,477.1523368826318,0.25471160728014114,450-500,0.0
13100,462.4767600429661,0.324194543290442,450-500,1.0
13101,557.3260762847501,0.05088093260524457,550-600,0.0
13102,568.3252608354876,0.03991839143451548,550-600,0.0
13103,536.4155233735551,0.07995860144025488,500-550,0.0
13104,496.7203721401181,0.17861534892322112,450-500,0.0
13105,571.2440439416253,0.037412527179575904,550-600,0.0
13106,451.66677556342097,0.3811198375539003,450-500,0.0
13107,476.50163897806107,0.25757613496878834,450-500,0.0
13108,475.75313000669064,0.26089716279380043,450-500,1.0
13109,541.9093023580965,0.07110467992618821,500-550,0.0
13110,459.9104119045045,0.33731864673603446,450-500,0.0
13111,512.8833702658085,0.13019887971363017,500-550,0.0
13112,518.2834355770343,0.11670916321177889,500-550,0.0
13113,539.8378940477347,0.07433137331832312,500-550,0.0
13114,547.82378210618,0.06259110526494062,500-550,0.0
13115,477.72581668249813,0.2522044598573239,450-500,0.0
13116,515.9603878106304,0.1223571331490017,500-550,0.0
13117,478.65366202535427,0.24818286848938853,450-500,0.0
13118,473.49770475780247,0.27107024750860276,450-500,0.0
13119,490.1514852939989,0.20197703106001702,450-500,0.0
13120,486.4785808085706,0.2160015797739777,450-500,0.0
13121,504.70365149612485,0.15313650191884315,500-550,0.0
13122,457.6049067497917,0.3493272289395683,450-500,1.0
13123,488.2833188139314,0.20902382840963468,450-500,1.0
13124,493.8244255316789,0.18864383855596212,450-500,0.0
13125,501.23869132590147,0.16380950553541246,500-550,1.0
13126,513.37364361683,0.1289214129248615,500-550,0.0
13127,504.1956960696665,0.1546647311810893,500-550,0.0
13128,545.4374851706599,0.06590516047877149,500-550,0.0
13129,514.8862398470364,0.12504732033150853,500-550,1.0
13130,511.23375135103345,0.13457638343475772,500-550,0.0
13131,546.8667175656175,0.06390116276903611,500-550,0.0
13132,496.6880245684269,0.1787250259223325,450-500,0.0
13133,531.6609245735323,0.08842210203867713,500-550,0.0
13134,484.23288440272415,0.22491769655677632,450-500,1.0
13135,462.89620940519853,0.3220748724316441,450-500,0.0
13136,494.437277289353,0.18648611358952003,450-500,1.0
13137,546.8667175656175,0.06390116276903611,500-550,0.0
13138,513.840434806371,0.1277150710097894,500-550,0.0
13139,502.22922059181656,0.16069873251344044,500-550,0.0
13140,592.9056463901261,0.02301986833673098,550-600,0.0
13141,488.4491278035444,0.20839114405453288,450-500,0.0
13142,522.3256392890153,0.10742053308701384,500-550,0.0
13143,547.82378210618,0.06259110526494062,500-550,0.0
13144,579.4876802827087,0.03112609962612496,550-600,0.0
13145,509.0871309643917,0.14045817711940628,500-550,0.0
13146,574.0623026487497,0.03513688033294764,550-600,0.0
13147,566.7198857028279,0.041364452489454875,550-600,0.0
13148,503.7261968606935,0.15608832156021066,500-550,1.0
13149,472.32004696680303,0.27648000266958295,450-500,0.0
13150,505.07992736992196,0.15201243461758238,500-550,0.0
13151,571.4214969847626,0.03726515300434954,550-600,0.0
13152,500.10558050939414,0.16742722847126285,500-550,0.0
13153,436.2022086253223,0.46817049347432543,<450,1.0
13154,497.3271677251154,0.17656771437602867,450-500,0.0
13155,520.2904639148946,0.11201304991876267,500-550,0.0
13156,478.1829541317857,0.2502176905483825,450-500,0.0
13157,483.183563403421,0.22917239429105685,450-500,1.0
13158,500.58468484026236,0.16588984477535842,500-550,0.0
13159,498.9702065053395,0.1711159158888523,450-500,0.0
13160,511.13847095310075,0.13483298228240045,500-550,0.0
13161,477.8266670687689,0.25176525562108054,450-500,0.0
13162,528.7585758662917,0.09397853470217714,500-550,0.0
13163,556.9348611465189,0.051319220315223506,550-600,0.0
13164,492.92886134038906,0.19183131155166586,450-500,0.0
13165,532.2784233872741,0.08727884238833106,500-550,0.0
13166,491.9161260103351,0.19548511110809524,450-500,0.0
13167,495.48256051961005,0.18284987195382998,450-500,0.0
13168,535.416884018705,0.08167254144817228,500-550,0.0
13169,554.1398651591097,0.05455590000944263,550-600,0.0
13170,487.3961329538357,0.21243309401322719,450-500,0.0
13171,548.0176128174182,0.06232885384372635,500-550,0.0
13172,455.17883724406727,0.3621733321928798,450-500,1.0
13173,532.3650109649959,0.08711960380574907,500-550,0.0
13174,491.483422974919,0.1970622228923593,450-500,0.0
13175,512.0148299443808,0.13248838492150275,500-550,1.0
13176,536.4560707430236,0.07988970947865957,500-550,0.0
13177,490.54244900893525,0.20052496124267946,450-500,0.0
13178,555.815214538245,0.05259340151647497,550-600,0.0
13179,523.5487831898123,0.10474077491515232,500-550,0.0
13180,474.93992706233746,0.2645364807762707,450-500,1.0
13181,509.59884777891483,0.1390368283513088,500-550,0.0
13182,527.5136925379186,0.09645636417990737,500-550,0.0
13183,540.0444444590972,0.07400367379829749,500-550,0.0
13184,531.9366826377654,0.08790989184259833,500-550,0.0
13185,456.5155709946862,0.3550695586162574,450-500,0.0
13186,483.8607283330797,0.2264202382993727,450-500,0.0
13187,537.2711386676166,0.07851632041549596,500-550,0.0
13188,502.8141290627347,0.15888434936189855,500-550,1.0
13189,550.118186570141,0.059551892633094794,550-600,0.0
13190,586.0791363192625,0.02684711689430027,550-600,0.0
13191,484.02086522718287,0.2257728332670972,450-500,0.0
13192,513.4942576410966,0.12860877961354483,500-550,0.0
13193,542.0733498394848,0.07085474164402808,500-550,0.0
13194,560.3393727770423,0.04762196528915584,550-600,0.0
13195,529.5143041868905,0.09250229115384069,500-550,0.0
13196,528.0322425906273,0.09541722184742527,500-550,0.0
13197,491.4333430690944,0.19724537216093868,450-500,1.0
13198,482.45922366233566,0.23214220535350955,450-500,0.0
13199,503.56829536002294,0.15656949609741413,500-550,0.0
13200,574.8996044725116,0.034486880099972604,550-600,0.0
13201,513.2806210307294,0.12916297088464798,500-550,1.0
13202,479.1007002086795,0.24626065829947807,450-500,1.0
13203,542.8794417664411,0.06963835547314552,500-550,0.0
13204,475.8132621144254,0.26062934431323465,450-500,1.0
13205,520.043251005372,0.1125824439230958,500-550,0.0
13206,506.63401839996493,0.14744144548854896,500-550,0.0
13207,528.4922714261158,0.09450374679821888,500-550,0.0
13208,480.67329502519397,0.23957869202057358,450-500,0.0
13209,547.9675329115937,0.06239651311998127,500-550,0.0
13210,489.91078268812873,0.20287491801475305,450-500,0.0
13211,490.726570164256,0.1998438349338205,450-500,0.0
13212,565.5326233721723,0.04246599862035263,550-600,0.0
13213,510.0898791417754,0.1376842939191924,500-550,0.0
13214,522.4116391013994,0.10723016369716656,500-550,0.0
13215,528.332227676079,0.09482065231738962,500-550,0.0
13216,428.02036110392226,0.5153827410081914,<450,1.0
13217,492.4969146771006,0.1933833053554906,450-500,1.0
13218,485.64401317197405,0.21928486915964704,450-500,0.0
13219,504.9119658406339,0.15251335530482413,500-550,1.0
13220,449.9286893166254,0.39063603195014746,<450,0.0
13221,523.5312857096733,0.10477869014565085,500-550,0.0
13222,450.48321481178493,0.38759051686379975,450-500,0.0
13223,508.13006642382913,0.1431491436467345,500-550,0.0
13224,506.5306027939268,0.1477420530384053,500-550,0.0
13225,488.42637446906184,0.20847788132159473,450-500,1.0
13226,527.1811031012901,0.09712816321683831,500-550,0.0
13227,471.6490253617343,0.27959210504631193,450-500,1.0
13228,488.8904228476002,0.20671415568553705,450-500,0.0
13229,491.26685910089697,0.19785515021862457,450-500,0.0
13230,569.0223749134456,0.039305655313045876,550-600,0.0
13231,449.9286893166254,0.39063603195014746,<450,1.0
13232,448.15484035322163,0.4004345375132204,<450,0.0
13233,558.2872581300796,0.04981909612497491,550-600,0.0
13234,518.9513044257819,0.11512778990237524,500-550,1.0
13235,523.0893711401624,0.10574029843245951,500-550,0.0
13236,512.150499716033,0.13212851957888544,500-550,0.0
13237,571.4214969847626,0.03726515300434954,550-600,0.0
13238,529.1241891702173,0.09326172518504164,500-550,0.0
13239,519.0716065990933,0.1148449284461543,500-550,0.0
13240,522.4116391013994,0.10723016369716656,500-550,0.0
13241,462.5510527947109,0.3238185787379652,450-500,0.0
13242,480.67329502519397,0.23957869202057358,450-500,0.0
13243,458.2224055635335,0.3460913261984331,450-500,0.0
13244,546.0155780762802,0.06508764684145592,500-550,0.0
13245,517.643684509571,0.11824160320019614,500-550,1.0
13246,574.8996044725116,0.034486880099972604,550-600,0.0
13247,503.51821545419836,0.15672235711049726,500-550,0.0
13248,491.09976865089016,0.19846857644259686,450-500,0.0
13249,497.16770493290954,0.1771040295672511,450-500,0.0
13250,523.9733510171229,0.10382448742556383,500-550,0.0
13251,477.1523368826318,0.25471160728014114,450-500,1.0
13252,593.7429482138879,0.022588774026107816,550-600,0.0
13253,482.83661884062235,0.23059153479607655,450-500,0.0
13254,513.2806210307294,0.12916297088464798,500-550,0.0
13255,511.888478632019,0.13282427947281833,500-550,0.0
13256,501.6840077480382,0.16240503133527676,500-550,0.0
13257,546.822495063094,0.0639623092558489,500-550,0.0
13258,528.332227676079,0.09482065231738962,500-550,0.0
13259,550.9757550690242,0.05845183439870439,550-600,0.0
13260,443.66476637305846,0.4255789650854782,<450,1.0
13261,452.04161814644016,0.37907917300517385,450-500,0.0
13262,533.2662303601577,0.0854777625061448,500-550,0.0
13263,555.815214538245,0.05259340151647497,550-600,0.0
13264,469.0590005383465,0.291802972649447,450-500,1.0
13265,504.37584097845826,0.15412132814407914,500-550,1.0
13266,480.66062417209207,0.2396320311150835,450-500,0.0
13267,489.8047863183161,0.20327125623142,450-500,1.0
13268,493.8244255316789,0.18864383855596212,450-500,1.0
13269,498.84154732662284,0.17153795594073507,450-500,1.0
13270,517.4413941770714,0.11872977654233792,500-550,0.0
13271,526.3194035413042,0.09888817026750685,500-550,0.0
13272,500.95886107110545,0.16469704301921206,500-550,0.0
13273,491.24653540039895,0.1979296866791521,450-500,0.0
13274,530.7359809917655,0.09015987977327969,500-550,0.0
13275,513.2806210307294,0.12916297088464798,500-550,0.0
13276,500.4311611009913,0.16638124743681393,500-550,0.0
13277,470.13746370271167,0.2866804514270533,450-500,1.0
13278,552.1596540073588,0.0569644652744171,550-600,0.0
13279,525.7436955299676,0.10007981401541569,500-550,0.0
13280,521.2715922523956,0.10977801775717201,500-550,0.0
13281,548.5502977536855,0.06161340970885998,500-550,0.0
13282,560.2892928712176,0.04767447162762067,550-600,0.0
13283,555.815214538245,0.05259340151647497,550-600,0.0
13284,491.72872873601244,0.19616695908734758,450-500,0.0
13285,478.6639688925308,0.2481384372059564,450-500,0.0
13286,487.9286296670877,0.21038197206432105,450-500,0.0
13287,486.31029520084184,0.2166607575903046,450-500,0.0
13288,511.76185179528187,0.1331616297122345,500-550,0.0
13289,580.5142036195259,0.03041873735612247,550-600,0.0
13290,500.95917410078704,0.16469604802972215,500-550,0.0
13291,488.71648765946514,0.20737394180643515,450-500,1.0
13292,521.5515744342026,0.10914742080684972,500-550,0.0
13293,522.0125164742257,0.10811617612912233,500-550,0.0
13294,468.9752289374327,0.29220311981151764,450-500,0.0
13295,533.8733343938266,0.08438760373751561,500-550,0.0
13296,529.3725886784716,0.09277752325212257,500-550,1.0
13297,517.4244406640285,0.1187707683922307,500-550,0.0
13298,538.9457727419473,0.07576213612024756,500-550,1.0
13299,479.9692086337303,0.2425549241479924,450-500,0.0
13300,547.1302310878318,0.06353793031560877,500-550,0.0
13301,476.34464779401657,0.25827038930240376,450-500,0.0
13302,503.15408081919594,0.15783747624187594,500-550,0.0
13303,498.33430759049253,0.17320989470539216,450-500,0.0
13304,478.26954170950756,0.24984254838040595,450-500,0.0
13305,419.98439313965235,0.5614922959811943,<450,1.0
13306,474.39370842346665,0.26699913892866595,450-500,0.0
13307,455.74963875816246,0.359132352776717,450-500,0.0
13308,584.6562448094663,0.027719532952022955,550-600,0.0
13309,533.2662303601577,0.0854777625061448,500-550,1.0
13310,509.13312763089436,0.14032992083584098,500-550,0.0
13311,476.39817058534356,0.2580335611458198,450-500,0.0
13312,563.1440329212287,0.04476762772464365,550-600,0.0
13313,535.8216977198742,0.08097377193221947,500-550,1.0
13314,527.6972392993363,0.09608739702925853,500-550,0.0
13315,479.34419709960736,0.2452178771390782,450-500,1.0
13316,511.18855085892534,0.13469806105225843,500-550,0.0
13317,492.8082473161225,0.19226372220007415,450-500,0.0
13318,504.2393169650917,0.15453300627532005,500-550,0.0
13319,551.036656696329,0.05837444099103949,550-600,0.0
13320,503.024504141891,0.1582358418828174,500-550,0.0
13321,485.521516268008,0.21976979516629955,450-500,0.0
13322,529.9344869612711,0.09169054104452527,500-550,1.0
13323,501.16210290139963,0.16405203806604776,500-550,0.0
13324,494.8154794034872,0.18516406106090558,450-500,0.0
13325,501.051883657206,0.1644015757329373,500-550,0.0
13326,524.8869984117646,0.10187669473967062,500-550,0.0
13327,510.8418079235852,0.13563456883329536,500-550,1.0
13328,533.4554518732131,0.08513662058062914,500-550,0.0
13329,491.9161260103351,0.19548511110809524,450-500,1.0
13330,592.9805866998324,0.022980959377059507,550-600,0.0
13331,513.0081252402929,0.12987279810480137,500-550,0.0
13332,527.3054074456911,0.09687659296665017,500-550,0.0
13333,457.6049067497917,0.3493272289395683,450-500,0.0
13334,482.3111576561508,0.23275257397413734,450-500,0.0
13335,530.3975271598447,0.09080341740245979,500-550,0.0
13336,529.1241891702173,0.09326172518504164,500-550,0.0
13337,514.918521136865,0.1249657386631952,500-550,0.0
13338,505.07992736992196,0.15201243461758238,500-550,0.0
13339,489.8106890676021,0.20324916970471096,450-500,0.0
13340,548.0815303888182,0.06224259900507613,500-550,0.0
13341,481.87172097669793,0.23457062772584233,450-500,0.0
13342,525.3211324423133,0.10096257233573361,500-550,0.0
13343,538.4827325433737,0.07651467740675895,500-550,0.0
13344,458.75454775351454,0.34331408753193443,450-500,1.0
13345,542.1670506407346,0.07071234604417935,500-550,0.0
13346,539.7878141419102,0.07441102763599186,500-550,0.0
13347,511.9374747453992,0.13269394182248637,500-550,0.0
13348,517.1533142623379,0.11942798942915615,500-550,0.0
13349,520.2904639148946,0.11201304991876267,500-550,0.0
13350,532.8937471783281,0.0861529240494392,500-550,0.0
13351,560.2892928712176,0.04767447162762067,550-600,0.0
13352,489.96686693616687,0.2026654427738214,450-500,1.0
13353,502.520572986829,0.15979287337991668,500-550,0.0
13354,465.396765331349,0.30959189462350345,450-500,0.0
13355,485.7580106491985,0.21883428131667737,450-500,0.0
13356,588.8511526758912,0.025223553563634184,550-600,0.0
13357,473.0521303737279,0.27310922705326157,450-500,1.0
13358,529.1742690760418,0.09316392296586037,500-550,0.0
13359,540.4983865682965,0.07328814492390988,500-550,1.0
13360,499.4901717414824,0.1694186692956276,450-500,0.0
13361,521.9974245605724,0.10814980457738362,500-550,0.0
13362,484.2474004642505,0.22485923311424152,450-500,0.0
13363,513.3235637110054,0.12905141089463049,500-550,0.0
13364,474.0221809854437,0.2686824961120693,450-500,0.0
13365,546.5672504230951,0.06431630274067318,500-550,0.0
13366,540.7418627383776,0.07290699423095695,500-550,0.0
13367,501.3970402676936,0.16330897640282102,500-550,0.0
13368,528.27635197334,0.09493151667710015,500-550,0.0
13369,555.419207758539,0.05305117743511464,550-600,0.0
13370,488.24622956027,0.2091655447005432,450-500,0.0
13371,543.0577409513894,0.06937192495380051,500-550,1.0
13372,489.3121678825897,0.2051208053148092,450-500,0.0
13373,502.7583105986507,0.15905677822446182,500-550,0.0
13374,476.34464779401657,0.25827038930240376,450-500,0.0
13375,522.7387984284401,0.10650867348531053,500-550,1.0
13376,510.0397992359508,0.13782172990691008,500-550,0.0
13377,528.332227676079,0.09482065231738962,500-550,0.0
13378,541.4960290356659,0.07173794490750102,500-550,0.0
13379,520.0933309111965,0.1124668934550829,500-550,0.0
13380,505.5708040661989,0.15055620485851104,500-550,0.0
13381,539.7878141419102,0.07441102763599186,500-550,0.0
13382,530.0318946003017,0.09150327609165439,500-550,0.0
13383,508.7895371194399,0.14129035363132106,500-550,0.0
13384,469.89274696150255,0.287838090219174,450-500,0.0
13385,509.62683894320173,0.13895942884181534,500-550,0.0
13386,556.9202492408632,0.05133565937610914,550-600,0.0
13387,540.9111205647478,0.07264310592428964,500-550,0.0
13388,476.44825049116815,0.25781209541014455,450-500,0.0
13389,490.80890833612966,0.19953980042111316,450-500,1.0
13390,550.0850647583694,0.05959476673985755,550-600,0.0
13391,483.9707853213583,0.2259751564164749,450-500,1.0
13392,578.7335139854205,0.03165590335608545,550-600,0.0
13393,520.043251005372,0.1125824439230958,500-550,1.0
13394,477.72581668249813,0.2522044598573239,450-500,0.0
13395,498.9585624518151,0.17115407788050047,450-500,0.0
13396,485.2356325801078,0.22090451171998207,450-500,0.0
13397,512.1410367586433,0.13215359325476747,500-550,0.0
13398,531.4070025968342,0.08889613420521014,500-550,1.0
13399,503.3536546697036,0.15722550862335916,500-550,0.0
13400,475.331016715842,0.26278219138167863,450-500,1.0
13401,603.7406347437328,0.018013607273336125,600-650,0.0
13402,484.19002916690084,0.22509035897396545,450-500,0.0
13403,486.7727655160978,0.2148527459713864,450-500,0.0
13404,503.56829536002294,0.15656949609741413,500-550,1.0
13405,485.350886914613,0.22044654508537948,450-500,0.0
13406,501.28877123172606,0.16365107347216062,500-550,0.0
13407,512.8676607379804,0.13023999022139937,500-550,0.0
13408,563.9035933989418,0.04402311389339327,550-600,0.0
13409,482.7817993585968,0.23081633029792353,450-500,0.0
13410,482.4937194438632,0.23200016479602484,450-500,0.0
13411,469.1189776208005,0.2915166814467807,450-500,0.0
13412,496.96012400054866,0.1778040928531693,450-500,1.0
13413,448.06903641032835,0.40091060133433,<450,1.0
13414,533.3163102659823,0.08538735451447357,500-550,1.0
13415,528.2821477702545,0.09492001170235922,500-550,0.0
13416,563.6714292056105,0.044249416784788435,550-600,0.0
13417,523.3237068993582,0.10522941733917354,500-550,0.0
13418,488.87398868600144,0.2067764287221999,450-500,0.0
13419,517.4186975247591,0.11878465748839655,500-550,0.0
13420,504.24262554616007,0.15452301887567296,500-550,0.0
13421,543.493454578621,0.06872480779570402,500-550,0.0
13422,523.946024445781,0.10388324865195663,500-550,0.0
13423,488.87398868600144,0.2067764287221999,450-500,0.0
13424,507.43758742866487,0.14512284841232667,500-550,0.0
13425,520.7596129400642,0.11093939840813358,500-550,0.0
13426,483.9108082389043,0.22621763311847923,450-500,0.0
13427,543.0304143800474,0.06941269745253129,500-550,0.0
13428,579.4376003768841,0.031161013280091528,550-600,0.0
13429,520.9444704005338,0.11051883002250962,500-550,0.0
13430,518.4144226596,0.11639753445171948,500-550,0.0
13431,484.9978724214926,0.22185141110981582,450-500,0.0
13432,535.2549014007583,0.08195368377154337,500-550,0.0
13433,500.25813421075674,0.16693647203687678,500-550,0.0
13434,522.4116391013994,0.10723016369716656,500-550,0.0
13435,480.57768451510924,0.23998137386492582,450-500,0.0
13436,584.6620100490425,0.027715943139951047,550-600,0.0
13437,510.0397992359508,0.13782172990691008,500-550,0.0
13438,500.1781829518924,0.16719352701940723,500-550,0.0
13439,546.8667175656175,0.06390116276903611,500-550,0.0
13440,488.40817361059254,0.20854728338101555,450-500,0.0
13441,579.2299320000706,0.03130619602108203,550-600,0.0
13442,467.4669514594654,0.29946235775921626,450-500,1.0
13443,502.75746056134903,0.1590594052479401,500-550,1.0
13444,449.9286893166254,0.39063603195014746,<450,0.0
13445,510.7594697517115,0.13585775857142243,500-550,1.0
13446,535.4990062024609,0.0815303434039105,500-550,0.0
13447,479.5749363377256,0.24423248551449658,450-500,0.0
13448,512.2407842236175,0.1318894985424382,500-550,0.0
13449,509.1888988492509,0.14017454082929265,500-550,0.0
13450,492.24940965461303,0.19427688936392576,450-500,0.0
13451,504.150582316163,0.15480106065724228,500-550,0.0
13452,470.3599457784462,0.2856304146306884,450-500,0.0
13453,536.2677844054049,0.08021007628371311,500-550,0.0
13454,520.9945503063583,0.11040513406555384,500-550,0.0
13455,534.245490463471,0.08372558894348703,500-550,0.0
13456,542.3426735908519,0.07044616664819732,500-550,0.0
13457,460.9392609731628,0.3320256167989594,450-500,1.0
13458,541.5098667012412,0.07171665728787763,500-550,0.0
13459,521.5515744342026,0.10914742080684972,500-550,0.0
13460,491.4494336436733,0.19718651266821563,450-500,0.0
13461,491.07551560550485,0.19855773359112303,450-500,1.0
13462,490.4923691031107,0.20071052430413727,450-500,0.0
13463,551.6966138087851,0.05754191501749331,550-600,0.0
13464,488.2833188139314,0.20902382840963468,450-500,1.0
13465,518.4144226596,0.11639753445171948,500-550,0.0
13466,541.4960290356659,0.07173794490750102,500-550,0.0
13467,463.6659598267838,0.3182039970163809,450-500,0.0
13468,510.3465094589625,0.13698182099129358,500-550,0.0
13469,522.3615591955747,0.10734098456780895,500-550,0.0
13470,556.1967252334475,0.05215591326769111,550-600,0.0
13471,524.204024151714,0.10332963349403045,500-550,0.0
13472,573.9926198377734,0.03519150437624364,550-600,0.0
13473,523.7434346511781,0.10431980176456716,500-550,1.0
13474,512.5652384521406,0.13103355712138856,500-550,1.0
13475,505.07992736992196,0.15201243461758238,500-550,0.0
13476,466.39228883873136,0.3046971029430167,450-500,0.0
13477,491.8127238087401,0.1958611195778794,450-500,0.0
13478,527.1565094955753,0.09717800540670854,500-550,0.0
13479,471.5389683734557,0.2801045750372303,450-500,1.0
13480,497.8381455801474,0.1748577570865327,450-500,0.0
13481,488.2344610903521,0.2092105262363235,450-500,0.0
13482,513.7188002273176,0.12802848336611994,500-550,0.0
13483,477.1523368826318,0.25471160728014114,450-500,1.0
13484,531.0946412378026,0.08948240847960198,500-550,0.0
13485,462.50097288888634,0.3240719872513035,450-500,0.0
13486,534.4128600007955,0.08342940241310315,500-550,0.0
13487,478.8902796592474,0.2471641908515798,450-500,0.0
13488,497.87126739191893,0.17474736855775777,450-500,0.0
13489,569.1130076792805,0.039226658279139535,550-600,0.0
13490,566.4200051017588,0.041640074517516085,550-600,0.0
13491,558.0349022524148,0.05009582851637515,550-600,0.0
13492,520.4656886082995,0.11161098842593697,500-550,0.0
13493,495.521032890873,0.1827170936154064,450-500,0.0
13494,497.7280864698229,0.17522495729606094,450-500,0.0
13495,443.3233340722215,0.42750858641638206,<450,0.0
13496,501.4866182081564,0.16302637275722615,500-550,0.0
13497,482.2321715823013,0.2330786331375551,450-500,1.0
13498,540.5575645634955,0.07319533604596119,500-550,0.0
13499,510.5971188779057,0.13629874135085465,500-550,0.0
13500,509.2024974121889,0.1401366767357363,500-550,0.0
13501,524.6501108372446,0.10237857901462384,500-550,0.0
13502,494.59647374806707,0.18592873785099892,450-500,0.0
13503,510.0898791417754,0.1376842939191924,500-550,0.0
13504,494.23532326383395,0.18719504332564954,450-500,0.0
13505,474.8227328485103,0.26506363028166074,450-500,0.0
13506,519.8451474927579,0.11304054901353476,500-550,0.0
13507,521.665571911427,0.10889157891759585,500-550,1.0
13508,518.4144226596,0.11639753445171948,500-550,0.0
13509,501.1957486456255,0.16394545657502382,500-550,0.0
13510,503.4817077823011,0.1568338675767565,500-550,0.0
13511,545.685710988494,0.06555296767942209,500-550,0.0
13512,541.3996059634583,0.0718864423860361,500-550,0.0
13513,539.8378940477347,0.07433137331832312,500-550,0.0
13514,490.2437872230153,0.201633507714113,450-500,1.0
13515,490.7292566776307,0.19983390947406693,450-500,0.0
13516,496.39393559220747,0.1797245755222586,450-500,0.0
13517,512.5298142645562,0.13112677963079,500-550,0.0
13518,465.99786165570816,0.3066312258041041,450-500,0.0
13519,548.9854990794611,0.061034597608223246,500-550,1.0
13520,543.3163099841552,0.06898722382066043,500-550,1.0
13521,525.7509869214928,0.10006464225944546,500-550,0.0
13522,519.1314539155838,0.11470443736080235,500-550,0.0
13523,525.3211324423133,0.10096257233573361,500-550,0.0
13524,480.72337493101855,0.2393679557538907,450-500,0.0
13525,525.1028331198825,0.10142131466801581,500-550,0.0
13526,574.8996044725116,0.034486880099972604,550-600,0.0
13527,570.1447210338494,0.03833806914289271,550-600,0.0
13528,436.81496786286317,0.46464704742234886,<450,1.0
13529,513.371855664519,0.12892605218995423,500-550,0.0
13530,493.36680143433995,0.19026749928631487,450-500,0.0
13531,512.0413288658456,0.1324180310850266,500-550,0.0
13532,576.5868935987787,0.03321208341432242,550-600,0.0
13533,503.4779811144114,0.15684525408949798,500-550,0.0
13534,482.73178564389474,0.23102155279594142,450-500,0.0
13535,516.6556624610845,0.12064249797508966,500-550,0.0
13536,528.3961452474789,0.09469397403219845,500-550,0.0
13537,444.71234527607254,0.4196728938119631,<450,1.0
13538,455.84511927293505,0.3586247701854542,450-500,1.0
13539,480.6123322185785,0.23983539498812279,450-500,0.0
13540,453.26903484861305,0.37242725893559386,450-500,0.0
13541,479.31107528783576,0.24535954674636848,450-500,0.0
13542,548.4569786127381,0.06173818899707247,500-550,0.0
13543,490.7292566776307,0.19983390947406693,450-500,1.0
13544,521.2314378808783,0.10986871789860876,500-550,0.0
13545,517.822904872274,0.11781055597224707,500-550,1.0
13546,497.2575085715665,0.17680183928649565,450-500,1.0
13547,559.1606386524434,0.048872493363335316,550-600,0.0
13548,493.2158288207337,0.1908054934827356,450-500,0.0
13549,457.94149897513796,0.3475616278989653,450-500,0.0
13550,518.2834355770343,0.11670916321177889,500-550,0.0
13551,495.94560071818364,0.18125676766391355,450-500,0.0
13552,499.67697941017786,0.16881218098446413,450-500,0.0
13553,514.3224613754841,0.12647948130692394,500-550,0.0
13554,515.2805121430412,0.12405403151019578,500-550,0.0
13555,538.8865947467484,0.07585793321648743,500-550,0.0
13556,549.5292448273173,0.060318566971761876,500-550,0.0
13557,523.5312857096733,0.10477869014565085,500-550,0.0
13558,537.5765181720295,0.07800734095721801,500-550,0.0
13559,486.45170226058923,0.21610676596157513,450-500,0.0
13560,479.5749363377256,0.24423248551449658,450-500,0.0
13561,535.8717776256989,0.08088770636803556,500-550,0.0
13562,511.48630947765776,0.13389821615844383,500-550,0.0
13563,585.5632294442044,0.02716030511551875,550-600,0.0
13564,523.5312857096733,0.10477869014565085,500-550,0.0
13565,525.2162992455858,0.10118264239734641,500-550,0.0
13566,498.9728930187142,0.17110711212156496,450-500,0.0
13567,501.3970402676936,0.16330897640282102,500-550,0.0
13568,510.0898791417754,0.1376842939191924,500-550,0.0
13569,519.8495124578586,0.11303043773539168,500-550,0.0
13570,450.03560059484533,0.39004819176703864,450-500,1.0
13571,511.76185179528187,0.1331616297122345,500-550,0.0
13572,450.16557689114546,0.38933396116964014,450-500,1.0
13573,458.48522400214745,0.34471835692653846,450-500,0.0
13574,491.19645549457437,0.1981134432438836,450-500,0.0
13575,530.1270634244314,0.09132064747789063,500-550,0.0
13576,471.6991052675589,0.27935910270556086,450-500,0.0
13577,536.1618860354963,0.0803907758656047,500-550,1.0
13578,553.6712860172577,0.05511702546121333,550-600,0.0
13579,434.75998632078733,0.4764753766629602,<450,0.0
13580,509.24783774181253,0.14001049212674818,500-550,0.0
13581,529.1241891702173,0.09326172518504164,500-550,0.0
13582,509.71861049571555,0.138705920989876,500-550,0.0
13583,508.8947613874511,0.14099564003019777,500-550,1.0
13584,485.0284790575979,0.22172935511854985,450-500,0.0
13585,557.6576794943842,0.050512205779520265,550-600,0.0
13586,522.5660977165676,0.10688899903800364,500-550,0.0
13587,536.014806256306,0.08064236160308359,500-550,0.0
13588,506.2486430977549,0.14856422501664343,500-550,0.0
13589,540.8935281572202,0.07267049303603158,500-550,0.0
13590,483.1334834975964,0.2293768613453869,450-500,0.0
13591,496.41295767779036,0.17965979143125327,450-500,0.0
13592,546.5906629465373,0.06428375654645574,500-550,0.0
13593,478.7036757400563,0.24796731704827124,450-500,0.0
13594,574.6373875190067,0.034689183091047376,550-600,0.0
13595,590.037307777177,0.024558409558930183,550-600,0.0
13596,533.042491580464,0.08588273315465257,500-550,0.0
13597,516.8680932407149,0.12012276689803296,500-550,0.0
13598,521.5607387146995,0.10912683414375933,500-550,0.0
13599,553.7271311626585,0.05504986647364483,550-600,0.0
13600,490.4923691031107,0.20071052430413727,450-500,0.0
13601,463.73552681660783,0.3178553864709074,450-500,0.0
13602,509.42578642377094,0.13951617030221505,500-550,0.0
13603,510.78222308619405,0.135796051377646,500-550,1.0
13604,441.44191074614724,0.4381796244095651,<450,0.0
13605,539.7878141419102,0.07441102763599186,500-550,0.0
13606,508.13006642382913,0.1431491436467345,500-550,0.0
13607,542.3132533580999,0.07049069217166312,500-550,0.0
13608,523.9511076090017,0.10387231593321812,500-550,0.0
13609,487.7137394820815,0.21120795374744655,450-500,0.0
13610,437.7639205410459,0.4591975273335304,<450,0.0
13611,531.0367861376853,0.0895913792906152,500-550,0.0
13612,559.7544643061242,0.04823865312608256,550-600,0.0
13613,530.2684704841788,0.09104989336915129,500-550,1.0
13614,506.7558828338852,0.14708786052601008,500-550,0.0
13615,495.09470033148375,0.1841926650163353,450-500,0.0
13616,487.47685190756147,0.21212123637753824,450-500,0.0
13617,520.4680785668272,0.11160551328391057,500-550,0.0
13618,566.7198857028279,0.041364452489454875,550-600,1.0
13619,547.9675329115937,0.06239651311998127,500-550,0.0
13620,532.562143968694,0.08675804693599967,500-550,0.0
13621,515.3051468487288,0.12399219473225896,500-550,0.0
13622,530.6552754424829,0.09031295958229661,500-550,0.0
13623,494.57859182896715,0.18599128155955003,450-500,0.0
13624,591.5990196929006,0.023708695154040144,550-600,0.0
13625,445.2831467901677,0.4164643574054913,<450,1.0
13626,522.2712449499633,0.10754109395761291,500-550,0.0
13627,510.27668681047084,0.13717264706879925,500-550,0.0
13628,517.1308845881227,0.11948250038819928,500-550,0.0
13629,536.9718707968686,0.07901805922493804,500-550,0.0
13630,530.4515176529544,0.09070048317649639,500-550,0.0
13631,510.0397992359508,0.13782172990691008,500-550,0.0
13632,535.2752251012564,0.08191836099688737,500-550,0.0
13633,492.2144216624418,0.1944034613259281,450-500,0.0
13634,568.7276322388083,0.03956361419440975,550-600,0.0
13635,538.9796173328489,0.07570739856832075,500-550,0.0
13636,507.5598314008416,0.14477279381340635,500-550,0.0
13637,451.66677556342097,0.3811198375539003,450-500,1.0
13638,554.0982451421347,0.054605521530980604,550-600,0.0
13639,491.19645549457437,0.1981134432438836,450-500,0.0
13640,581.4191835146075,0.029808063316736178,550-600,0.0
13641,542.3035746541012,0.0705053459172238,500-550,0.0
13642,546.6434292274744,0.06421046136659647,500-550,0.0
13643,491.65980872282955,0.1964181774329964,450-500,0.0
13644,486.30550967377746,0.21667952385033215,450-500,0.0
13645,571.1939640358006,0.03745421963116294,550-600,0.0
13646,515.0800705582747,0.12455815421236531,500-550,0.0
13647,465.06746449752785,0.3112205156081198,450-500,0.0
13648,522.7430698907773,0.10649928189284039,500-550,0.0
13649,507.7939681417817,0.14410428458082886,500-550,0.0
13650,471.6424367661732,0.27962276807110875,450-500,1.0
13651,501.1120891866976,0.16421057219596946,500-550,0.0
13652,516.6126774592976,0.12074790039241912,500-550,1.0
13653,455.95517626121364,0.35804009055569774,450-500,0.0
13654,553.4911411084659,0.055334192693929744,550-600,1.0
13655,510.57932484291973,0.13634714732699102,500-550,0.0
13656,529.1742690760418,0.09316392296586037,500-550,0.0
13657,578.7581486911081,0.031638460393972084,550-600,0.0
13658,510.95186703390965,0.13533672024686455,500-550,0.0
13659,590.037307777177,0.024558409558930183,550-600,0.0
13660,521.9485989028258,0.1082586629747747,500-550,0.0
13661,471.6490253617343,0.27959210504631193,450-500,1.0
13662,502.73099353626105,0.15914121866835843,500-550,0.0
13663,505.7524789653639,0.1500201672759439,500-550,0.0
13664,479.1115831094704,0.24621398834404523,450-500,0.0
13665,469.6970705264208,0.2887657436939056,450-500,0.0
13666,545.6101858825324,0.06565994010759733,500-550,0.0
13667,463.55568901744897,0.3187569978903057,450-500,1.0
13668,499.2324234588443,0.1702583186680585,450-500,0.0
13669,500.472059210748,0.16625022599591852,500-550,0.0
13670,599.5246131420698,0.019820106123378523,550-600,0.0
13671,565.4366930630263,0.042556217215947566,550-600,0.0
13672,566.7198857028279,0.041364452489454875,550-600,0.0
13673,503.51821545419836,0.15672235711049726,500-550,0.0
13674,508.13751520175845,0.1431280351867253,500-550,0.0
13675,543.0577409513894,0.06937192495380051,500-550,0.0
13676,499.39500552655556,0.16972830145071144,450-500,0.0
13677,527.3192874327774,0.09684853843144493,500-550,0.0
13678,532.3650109649959,0.08711960380574907,500-550,0.0
13679,501.3970402676936,0.16330897640282102,500-550,1.0
13680,469.63311063351,0.2890693465012493,450-500,0.0
13681,522.4116391013994,0.10723016369716656,500-550,0.0
13682,517.2719307752502,0.11914007240141922,500-550,0.0
13683,522.0389834993136,0.1080572233582415,500-550,0.0
13684,588.9587334642273,0.025162510294546515,550-600,0.0
13685,508.6395167474521,0.14171142254879635,500-550,1.0
13686,491.19645549457437,0.1981134432438836,450-500,0.0
13687,512.1004198102085,0.13226126041502656,500-550,0.0
13688,482.502628892049,0.23196348892195504,450-500,0.0
13689,539.6410473924013,0.07464491898555214,500-550,0.0
13690,518.8229611840032,0.11543022594914785,500-550,0.0
13691,515.4021467220946,0.12374896778451243,500-550,1.0
13692,436.2022086253223,0.46817049347432543,<450,0.0
13693,518.6160497111961,0.11591925963636475,500-550,0.0
13694,536.7875083017813,0.07932861034161207,500-550,0.0
13695,514.8818134976807,0.12505851021341932,500-550,0.0
13696,561.6708598781495,0.046245954908798896,550-600,0.0
13697,543.0577409513894,0.06937192495380051,500-550,0.0
13698,525.1087071532248,0.10140894658279301,500-550,0.0
13699,494.7653994976626,0.18533870470066321,450-500,0.0
13700,503.9518997166354,0.1554026289011466,500-550,0.0
13701,529.5602253360829,0.09241326303210644,500-550,0.0
13702,569.0724548192701,0.03926198598682849,550-600,0.0
13703,545.0173069772894,0.0665053367023872,500-550,0.0
13704,481.4147904693803,0.23647147738866092,450-500,0.0
13705,513.330700936554,0.1290328771857014,500-550,0.0
13706,441.1841624635091,0.43964621294120665,<450,0.0
13707,556.5696892842049,0.051731551592257535,550-600,0.0
13708,508.8947613874511,0.14099564003019777,500-550,0.0
13709,484.2401090727254,0.22488859784740758,450-500,0.0
13710,527.9821672658128,0.09551713124837075,500-550,0.0
13711,514.2510734687556,0.12666182451381774,500-550,0.0
13712,535.3480335888547,0.08179193297774871,500-550,0.0
13713,501.63392784221367,0.16256249156538102,500-550,0.0
13714,501.4471201735182,0.16315093398420763,500-550,0.0
13715,492.92886134038906,0.19183131155166586,450-500,1.0
13716,497.53006596838975,0.1758871599034145,450-500,0.0
13717,497.95492685084685,0.1744687925360347,450-500,0.0
13718,556.2612491585018,0.052082262801267216,550-600,0.0
13719,454.52483075842815,0.3656711932644137,450-500,0.0
13720,539.2581221847713,0.07525834395684014,500-550,0.0
13721,482.4014175148468,0.23238036516023805,450-500,0.0
13722,539.6232533574154,0.07467332192315067,500-550,0.0
13723,498.13471334355074,0.17387131026924532,450-500,0.0
13724,509.6653113144647,0.13885310628468212,500-550,1.0
13725,541.3021983244276,0.07203674405276132,500-550,0.0
13726,523.0859692875365,0.10574773097411638,500-550,0.0
13727,513.7122116317565,0.12804547873310812,500-550,1.0
13728,528.2821477702545,0.09492001170235922,500-550,0.0
13729,470.857063867596,0.2832925551607013,450-500,0.0
13730,506.2183059345974,0.14865291044878257,500-550,0.0
13731,564.2471372169471,0.04369026800115641,550-600,1.0
13732,491.4333430690944,0.19724537216093868,450-500,0.0
13733,525.9745370599978,0.09960047559389816,500-550,0.0
13734,534.8878576761915,0.08259400055601929,500-550,1.0
13735,530.5712803697552,0.09047252743407715,500-550,0.0
13736,477.1022569768072,0.2549313244693895,450-500,0.0
13737,558.8722040761767,0.04918320734366197,550-600,0.0
13738,449.27468283098636,0.3942388750660197,<450,0.0
13739,532.3650109649959,0.08711960380574907,500-550,0.0
13740,563.6714292056105,0.044249416784788435,550-600,0.0
13741,522.1333010159774,0.10784736976641544,500-550,0.0
13742,518.799548660561,0.1154854711323486,500-550,0.0
13743,490.7292566776307,0.19983390947406693,450-500,0.0
13744,490.4923691031107,0.20071052430413727,450-500,0.0
13745,496.92607778218854,0.1779191199647671,450-500,0.0
13746,474.88984715651293,0.26476166227715026,450-500,0.0
13747,478.0827340408121,0.2506523641540528,450-500,0.0
13748,534.8037315520069,0.08274140056994757,500-550,0.0
13749,515.0299906524501,0.12468438225115965,500-550,0.0
13750,551.6396887712158,0.05761328352802146,550-600,0.0
13751,463.46239781353967,0.3192252461966638,450-500,1.0
13752,521.9485989028258,0.1082586629747747,500-550,0.0
13753,520.9174663678257,0.11058017957575683,500-550,0.0
13754,487.684520284375,0.211320447900228,450-500,0.0
13755,541.4960290356659,0.07173794490750102,500-550,0.0
13756,521.6154920056025,0.10900390719217636,500-550,0.0
13757,470.03064494462507,0.28718541775984247,450-500,0.0
13758,545.4374851706599,0.06590516047877149,500-550,0.0
13759,468.02131881196186,0.29678222970796575,450-500,0.0
13760,513.6527771003739,0.12819887788132017,500-550,1.0
13761,477.8767469745935,0.25154734590063177,450-500,1.0
13762,514.2723814696595,0.1266073748413732,500-550,0.0
13763,540.6086473060794,0.07311531001742086,500-550,0.0
13764,498.4377097920875,0.17286802326815157,450-500,0.0
13765,611.1692031602232,0.015215826589155025,600-650,0.0
13766,515.8166370052168,0.12271424666189731,500-550,0.0
13767,515.0800705582747,0.12455815421236531,500-550,0.0
13768,539.3114223082036,0.07517268350922962,500-550,0.0
13769,478.0827340408121,0.2506523641540528,450-500,0.0
13770,490.3544140946115,0.20122235938723365,450-500,0.0
13771,473.4476248519779,0.2712989391267383,450-500,0.0
13772,433.68105734630444,0.48269704555484344,<450,1.0
13773,530.3975271598447,0.09080341740245979,500-550,0.0
13774,497.01172453513055,0.17762986859398391,450-500,0.0
13775,504.24186878041587,0.15452530322894115,500-550,0.0
13776,521.5285453089848,0.10919916853464215,500-550,0.0
13777,554.4485140977001,0.05418923678955851,550-600,0.0
13778,513.4219355703435,0.12879616182430548,500-550,1.0
13779,497.437403396102,0.17619770929040185,450-500,0.0
13780,556.5018153433942,0.051808535401583,550-600,0.0
13781,479.64444595653566,0.24393616459488224,450-500,0.0
13782,529.0363710929194,0.09343344955785794,500-550,0.0
13783,529.8939395918026,0.09176859436625655,500-550,0.0
13784,456.7972176611765,0.3535808002767919,450-500,0.0
13785,538.110249361544,0.07712501293607062,500-550,0.0
13786,483.9707853213583,0.2259751564164749,450-500,0.0
13787,478.4074967180067,0.24924563132452007,450-500,0.0
13788,509.40767885297873,0.139566404232153,500-550,0.0
13789,548.0314504829937,0.06231017087189801,500-550,0.0
13790,548.0176128174182,0.06232885384372635,500-550,0.0
13791,519.0258594272775,0.11495242051909221,500-550,0.0
13792,486.5131780505911,0.2158662419479184,450-500,0.0
13793,527.5780613787907,0.09632682556059652,500-550,0.0
13794,496.3076381436669,0.1800187104587525,450-500,0.0
13795,542.7732776125785,0.06979744474568429,500-550,0.0
13796,471.07217852295327,0.28228450330980953,450-500,0.0
13797,524.8869984117646,0.10187669473967062,500-550,0.0
13798,492.3661820086728,0.19385490839757646,450-500,0.0
13799,449.97876922245,0.39036063331864573,<450,1.0
13800,500.95886107110545,0.16469704301921206,500-550,0.0
13801,606.2093312941944,0.017031893140041908,600-650,0.0
13802,488.88918837133764,0.20671883293469262,450-500,0.0
13803,533.2662303601577,0.0854777625061448,500-550,0.0
13804,544.828085464234,0.06677727240020874,500-550,0.0
13805,437.1397305400578,0.4627810266500323,<450,0.0
13806,535.6970673935641,0.08118831982684523,500-550,0.0
13807,479.05062030285495,0.2464754964519262,450-500,1.0
13808,518.4144226596,0.11639753445171948,500-550,0.0
13809,491.07551560550485,0.19855773359112303,450-500,0.0
13810,466.9508429569488,0.30196993065274214,450-500,0.0
13811,510.3267667162954,0.13703575546989577,500-550,0.0
13812,509.24783774181253,0.14001049212674818,500-550,0.0
13813,529.4226685842962,0.09268017690737375,500-550,0.0
13814,531.9867625435901,0.08781715845622692,500-550,0.0
13815,514.2723814696595,0.1266073748413732,500-550,0.0
13816,515.5691726723992,0.12333111085368767,500-550,0.0
13817,509.6907565146017,0.1387828232178532,500-550,0.0
13818,566.7198857028279,0.041364452489454875,550-600,0.0
13819,492.3407368085359,0.19394680051407295,450-500,1.0
13820,495.187991535393,0.18386899002738516,450-500,0.0
13821,501.33706318523963,0.163498414497586,500-550,0.0
13822,574.8001654562088,0.03456346403205045,550-600,0.0
13823,485.6940930777986,0.21908684057559105,450-500,1.0
13824,521.1381756270453,0.11007963088118138,500-550,0.0
13825,508.0175566154669,0.14346829110760834,500-550,0.0
13826,523.8080694372818,0.10418034691604082,500-550,0.0
13827,500.68004061724315,0.165585213365838,500-550,1.0
13828,482.35240490424906,0.23258242924944708,450-500,1.0
13829,511.60151115167434,0.13358983810192113,500-550,0.0
13830,480.87206654647514,0.23874301018464014,450-500,0.0
13831,487.30825785116116,0.21277297993549948,450-500,0.0
13832,492.10416092465886,0.1948027478855907,450-500,0.0
13833,480.6123322185785,0.23983539498812279,450-500,1.0
13834,515.0800705582747,0.12455815421236531,500-550,0.0
13835,541.3495260576337,0.07196368037499971,500-550,0.0
13836,501.6084826420767,0.16264254297536723,500-550,0.0
13837,490.2437872230153,0.201633507714113,450-500,0.0
13838,516.8680932407149,0.12012276689803296,500-550,0.0
13839,574.8502453620333,0.03452487402782275,550-600,0.0
13840,498.4877896979121,0.17270263953936557,450-500,1.0
13841,490.89851450400084,0.19920932348094306,450-500,0.0
13842,532.2685878927883,0.08729694695912733,500-550,0.0
13843,521.5515744342026,0.10914742080684972,500-550,1.0
13844,478.4575766238313,0.2490291765878278,450-500,0.0
13845,511.1594458442247,0.13477645954863535,500-550,1.0
13846,456.1894245759568,0.35679704903545356,450-500,0.0
13847,564.8616017671035,0.04310091885123508,550-600,0.0
13848,459.1666186655153,0.34117082770964274,450-500,0.0
13849,521.8985189970012,0.10837041775823127,500-550,0.0
13850,524.8353389092572,0.10198595735969129,500-550,0.0
13851,513.8896646748939,0.1275884080920782,500-550,0.0
13852,485.1922154341869,0.2210772077383559,450-500,0.0
13853,533.9768027865441,0.08420307214423119,500-550,0.0
13854,500.95886107110545,0.16469704301921206,500-550,0.0
13855,553.2328805243717,0.055646935038916656,550-600,0.0
13856,552.1596540073588,0.0569644652744171,550-600,0.0
13857,547.5265814545578,0.06299521596599035,500-550,0.0
13858,589.6648245953475,0.024765419096691898,550-600,0.0
13859,479.161663015295,0.24599930371799086,450-500,0.0
13860,533.3163102659823,0.08538735451447357,500-550,0.0
13861,592.0885737258766,0.023448287419988098,550-600,0.0
13862,498.3254388241063,0.17323924175667454,450-500,1.0
13863,549.8300499732372,0.05992583678477104,500-550,0.0
13864,503.51821545419836,0.15672235711049726,500-550,1.0
13865,527.1722343349038,0.09714613431250756,500-550,0.0
13866,547.6184901902446,0.06286998625596904,500-550,0.0
13867,582.2362561788569,0.02926692843119337,550-600,0.0
13868,510.27668681047084,0.13717264706879925,500-550,0.0
13869,491.1061412489629,0.1984451549935639,450-500,0.0
13870,529.3106637434755,0.09289802112471074,500-550,0.0
13871,445.84933519850887,0.4132887274758611,<450,0.0
13872,500.8096669008578,0.1651718178746782,500-550,0.0
13873,509.2525773180135,0.1399973071207829,500-550,0.0
13874,543.0577409513894,0.06937192495380051,500-550,0.0
13875,518.4645025654245,0.1162785813866495,500-550,0.0
13876,477.3285677435239,0.2539394155930716,450-500,1.0
13877,464.0764106257196,0.31615012185141117,450-500,0.0
13878,580.643064425701,0.030331048709459806,550-600,0.0
13879,529.6525272650993,0.09223454847591384,500-550,0.0
13880,510.62256407804267,0.1362295466859494,500-550,0.0
13881,492.15444457998774,0.19462057891791612,450-500,0.0
13882,452.6956246320793,0.3755289850717241,450-500,1.0
13883,498.23415235985345,0.17354154024544818,450-500,1.0
13884,501.96322867603476,0.16152936356506298,500-550,0.0
13885,490.54244900893525,0.20052496124267946,450-500,1.0
13886,527.0925919241754,0.09730764956104959,500-550,0.0
13887,536.1618860354963,0.0803907758656047,500-550,0.0
13888,481.50445352436594,0.23609763841230483,450-500,0.0
13889,533.3163102659823,0.08538735451447357,500-550,0.0
13890,481.4114309382653,0.23648549247532755,450-500,1.0
13891,492.0607437787379,0.19496014464521397,450-500,0.0
13892,503.0934241550738,0.15802385525325421,500-550,1.0
13893,573.1553180140116,0.03585429202024611,550-600,0.0
13894,480.06864765003303,0.24213306713496818,450-500,1.0
13895,472.2580690058988,0.2767665489074411,450-500,0.0
13896,562.5778445128875,0.0453303914772603,550-600,0.0
13897,489.8106890676021,0.20324916970471096,450-500,0.0
13898,451.6166956575964,0.38139279536179604,450-500,0.0
13899,572.0261443599236,0.03676717463790061,550-600,0.0
13900,470.5101193047974,0.28492295503006054,450-500,0.0
13901,479.83268462036375,0.2431349227666821,450-500,1.0
13902,552.405303355472,0.056660334713836365,550-600,0.0
13903,509.990668434248,0.13795667322011193,500-550,0.0
13904,468.18717005735954,0.2959831095651416,450-500,1.0
13905,569.6656167029811,0.03874828045520273,550-600,0.0
13906,521.3705794881091,0.10955470707975871,500-550,0.0
13907,477.7113006209717,0.2522677192081076,450-500,1.0
13908,516.6417824739983,0.12067652405341557,500-550,1.0
13909,511.18855085892534,0.13469806105225843,500-550,0.0
13910,469.842671636688,0.28807531582127505,450-500,0.0
13911,536.7138190256617,0.07945304863633566,500-550,0.0
13912,531.9366826377654,0.08790989184259833,500-550,0.0
13913,491.76264390291556,0.19604342509724512,450-500,0.0
13914,498.89162723244743,0.17137358104845093,450-500,0.0
13915,484.02086522718287,0.2257728332670972,450-500,0.0
13916,517.9942444662294,0.11739973666850888,500-550,0.0
13917,531.3330074812459,0.08903470230665059,500-550,0.0
13918,542.1169707349101,0.07078841874817798,500-550,0.0
13919,523.7587103268036,0.10428682836620937,500-550,0.0
13920,508.6656156460069,0.14163809439638209,500-550,1.0
13921,531.7378830273382,0.08827888412852065,500-550,0.0
13922,530.7359809917655,0.09015987977327969,500-550,0.0
13923,482.62617362235096,0.23145533242700791,450-500,0.0
13924,507.509751495017,0.14491611641067886,500-550,0.0
13925,473.49770475780247,0.27107024750860276,450-500,0.0
13926,495.99898920507655,0.18107377950187048,450-500,1.0
13927,530.7068759770648,0.0902150583037995,500-550,1.0
13928,510.6471987837303,0.13616258423885697,500-550,0.0
13929,501.8661892928633,0.16183325684331928,500-550,0.0
13930,518.5203231515543,0.11614611711176519,500-550,1.0
13931,485.5715961738326,0.2195714518246828,450-500,0.0
13932,504.37584097845826,0.15412132814407914,500-550,0.0
13933,486.44346468227667,0.21613901022855037,450-500,1.0
13934,559.0560738082024,0.048984919303013914,550-600,0.0
13935,470.4600393989728,0.2851587616709289,450-500,0.0
13936,522.6072085436881,0.10679835553070792,500-550,0.0
13937,529.1241891702173,0.09326172518504164,500-550,0.0
13938,545.9185263724512,0.06522423102243295,500-550,0.0
13939,532.1282527092778,0.08755563746857428,500-550,0.0
13940,539.8378940477347,0.07433137331832312,500-550,0.0
13941,487.35292165575106,0.21260017838192732,450-500,0.0
13942,479.1115831094704,0.24621398834404523,450-500,0.0
13943,439.84226016339375,0.4472981137060255,<450,0.0
13944,463.0654297563898,0.3212217864484714,450-500,0.0
13945,474.98649789153717,0.2643271877188008,450-500,0.0
13946,446.96654002538463,0.4070439069670581,<450,1.0
13947,542.8930403293791,0.06961800198714892,500-550,0.0
13948,522.1177628425437,0.10788191706003919,500-550,0.0
13949,533.7529961118552,0.08460268382280547,500-550,0.0
13950,460.03803945595513,0.3366597988758389,450-500,1.0
13951,483.9707853213583,0.2259751564164749,450-500,0.0
13952,524.1852921953124,0.10336974044154824,500-550,0.0
13953,495.187991535393,0.18386899002738516,450-500,0.0
13954,534.5977444857882,0.08310332783768963,500-550,0.0
13955,554.1516336290276,0.054541876742953244,550-600,0.0
13956,480.2653876557799,0.24129989558895973,450-500,0.0
13957,470.69692697349285,0.2840443867140171,450-500,0.0
13958,598.6367165581796,0.020222602823321573,550-600,0.0
13959,510.0898791417754,0.1376842939191924,500-550,0.0
13960,506.101521686713,0.14899471686048277,500-550,0.0
13961,541.6298188618671,0.07153236913935743,500-550,0.0
13962,532.3650109649959,0.08711960380574907,500-550,1.0
13963,520.2650187147576,0.11207154028559461,500-550,0.0
13964,507.7806690409469,0.1441421874183523,500-550,0.0
13965,540.8057803097776,0.07280723730615406,500-550,0.0
13966,506.52786402575146,0.14775002094710174,500-550,0.0
13967,490.54244900893525,0.20052496124267946,450-500,1.0
13968,586.3149565985557,0.026705131121073828,550-600,0.0
13969,515.0299906524501,0.12468438225115965,500-550,0.0
13970,541.4712119581371,0.07177613766551172,500-550,0.0
13971,540.9308156336242,0.07261245676521208,500-550,0.0
13972,458.77693105869304,0.3431975025669805,450-500,0.0
13973,551.6465339029605,0.057604697201198776,550-600,0.0
13974,560.9667734866857,0.046968805152866486,550-600,0.0
13975,450.16557689114546,0.38933396116964014,450-500,0.0
13976,460.0970158236956,0.33635556113581855,450-500,1.0
13977,519.5069437713552,0.11382638803364244,500-550,0.0
13978,455.74963875816246,0.359132352776717,450-500,0.0
13979,490.4923691031107,0.20071052430413727,450-500,0.0
13980,541.3021983244276,0.07203674405276132,500-550,0.0
13981,490.47960750230857,0.2007578309247994,450-500,0.0
13982,548.0176128174182,0.06232885384372635,500-550,0.0
13983,504.24262554616007,0.15452301887567296,500-550,0.0
13984,509.62683894320173,0.13895942884181534,500-550,0.0
13985,485.6940930777986,0.21908684057559105,450-500,1.0
13986,535.8687551971253,0.08089289824102296,500-550,0.0
13987,498.2753589182817,0.1734050316395878,450-500,0.0
13988,467.98481114006455,0.29695830179037214,450-500,1.0
13989,513.633225557907,0.128249374211928,500-550,0.0
13990,522.2286567929582,0.10763557038079866,500-550,0.0
13991,491.97619306883,0.1952669362156618,450-500,0.0
13992,519.3154029521244,0.11427355473926079,500-550,0.0
13993,516.010467716455,0.1222329321610108,500-550,0.0
13994,511.65825381740257,0.13343816720144508,500-550,0.0
13995,491.78636945603944,0.19595704114750837,450-500,1.0
13996,463.93845561722037,0.3168396468461481,450-500,0.0
13997,517.9608598807731,0.11747968502403543,500-550,0.0
13998,479.161663015295,0.24599930371799086,450-500,0.0
13999,521.0003155459345,0.11039205187217264,500-550,0.0
14000,481.4114309382653,0.23648549247532755,450-500,0.0
14001,531.8301823999024,0.08810739346309478,500-550,0.0
14002,525.815815973262,0.09992983736202103,500-550,0.0
14003,469.37663845898595,0.29028866073662385,450-500,0.0
14004,524.6501108372446,0.10237857901462384,500-550,0.0
14005,522.0996552717515,0.10792218937939703,500-550,0.0
14006,514.6504195677433,0.1256446738031613,500-550,0.0
14007,487.35292165575106,0.21260017838192732,450-500,0.0
14008,490.6461211511571,0.20014122926244846,450-500,0.0
14009,487.05936557984535,0.21373780553918656,450-500,0.0
14010,513.6933550271807,0.12809413022473937,500-550,0.0
14011,499.021905629312,0.17094655974162043,450-500,1.0
14012,467.60012094090024,0.29881727653826823,450-500,0.0
14013,541.4960290356659,0.07173794490750102,500-550,0.0
14014,531.3199898761387,0.08905910007621264,500-550,0.0
14015,530.6051955366582,0.09040806727976512,500-550,0.0
14016,485.350886914613,0.22044654508537948,450-500,0.0
14017,477.4744130464517,0.2533015333631677,450-500,0.0
14018,498.2753589182817,0.1734050316395878,450-500,0.0
14019,527.5149684488691,0.09645379497097384,500-550,0.0
14020,494.4007696174557,0.18661411496984798,450-500,1.0
14021,464.7804970171832,0.3126435901678856,450-500,0.0
14022,560.2892928712176,0.04767447162762067,550-600,0.0
14023,479.1115831094704,0.24621398834404523,450-500,1.0
14024,496.87599787636395,0.17808842376729717,450-500,0.0
14025,503.56829536002294,0.15656949609741413,500-550,0.0
14026,551.2512973866484,0.058102442668924004,550-600,0.0
14027,522.3615591955747,0.10734098456780895,500-550,0.0
14028,502.520572986829,0.15979287337991668,500-550,0.0
14029,569.9794394540081,0.03847911071202112,550-600,0.0
14030,516.8680932407149,0.12012276689803296,500-550,0.0
14031,465.500167532944,0.3090814698654418,450-500,0.0
14032,498.14556004247515,0.17383531529005686,450-500,1.0
14033,510.76420932791245,0.13584490286108333,500-550,0.0
14034,503.51821545419836,0.15672235711049726,500-550,0.0
14035,484.43413854961346,0.22410810764616346,450-500,0.0
14036,495.187991535393,0.18386899002738516,450-500,0.0
14037,519.003106092795,0.11500591659267008,500-550,0.0
14038,486.5452325671358,0.21574090563377524,450-500,0.0
14039,519.3391646139082,0.11421799830110267,500-550,0.0
14040,515.8684405431472,0.12258545030950999,500-550,0.0
14041,467.50059720369126,0.29929930042391945,450-500,0.0
14042,534.5924350262696,0.0831126757696562,500-550,0.0
14043,464.8305769230078,0.3123949879277646,450-500,0.0
14044,533.949476215202,0.08425177231494614,500-550,0.0
14045,511.0191106607141,0.1351550131345501,500-550,0.0
14046,465.9477817498836,0.30687728834376515,450-500,0.0
14047,438.62489552486886,0.4542616281930062,<450,1.0
14048,519.7978197595518,0.11315023261391374,500-550,1.0
14049,604.6476193784708,0.017646637734849792,600-650,0.0
14050,478.71404879835535,0.24792262647261432,450-500,0.0
14051,573.9425399319489,0.03523081231317875,550-600,0.0
14052,537.7263455428284,0.07775872791900713,500-550,0.0
14053,557.6389475379826,0.050532967223363694,550-600,0.0
14054,541.6298188618671,0.07153236913935743,500-550,0.0
14055,486.2494352053886,0.21689950532420402,450-500,0.0
14056,533.498394553489,0.08505937258118249,500-550,0.0
14057,507.5598314008416,0.14477279381340635,500-550,0.0
14058,563.621349299786,0.044298377625615844,550-600,0.0
14059,531.8055476942147,0.08815313486274125,500-550,0.0
14060,491.19645549457437,0.1981134432438836,450-500,0.0
14061,548.0606696807001,0.06227073764525992,500-550,0.0
14062,541.6364935379784,0.07152212736785411,500-550,0.0
14063,508.71283126592095,0.1415055166540355,500-550,0.0
14064,525.7436955299676,0.10007981401541569,500-550,0.0
14065,490.4923691031107,0.20071052430413727,450-500,0.0
14066,497.56405529963547,0.17577335601718216,450-500,0.0
14067,485.6751067072592,0.2191619023293526,450-500,1.0
14068,508.78479754323894,0.1413036404078211,500-550,0.0
14069,559.6631778418713,0.04833558077485079,550-600,0.0
14070,521.9485989028258,0.1082586629747747,500-550,0.0
14071,525.9285274090828,0.09969585061938047,500-550,0.0
14072,528.6031607955202,0.09428472940483983,500-550,0.0
14073,551.3223521835969,0.0580126624583227,550-600,0.0
14074,533.7985036015958,0.08452129005053774,500-550,0.0
14075,508.07237609749245,0.1433127151900931,500-550,1.0
14076,523.5103108185493,0.10482415653632998,500-550,0.0
14077,560.3393727770423,0.04762196528915584,550-600,0.0
14078,536.1618860354963,0.0803907758656047,500-550,0.0
14079,538.3997928863909,0.07665019436447779,500-550,0.0
14080,471.6490253617343,0.27959210504631193,450-500,0.0
14081,461.54636288478576,0.32892200046315134,450-500,0.0
14082,514.5242900545387,0.1259651728288391,500-550,0.0
14083,558.2460515716514,0.04986418390368528,550-600,0.0
14084,464.8305769230078,0.3123949879277646,450-500,1.0
14085,491.4333430690944,0.19724537216093868,450-500,0.0
14086,523.708630420979,0.10439496304146996,500-550,0.0
14087,543.0076610455649,0.06944666339051472,500-550,0.0
14088,593.8068657852879,0.0225561912347935,550-600,0.0
14089,486.40162235476464,0.21630284701277874,450-500,1.0
14090,507.9965579363845,0.14352792191301933,500-550,0.0
14091,484.02086522718287,0.2257728332670972,450-500,1.0
14092,548.5039696956184,0.06167532659950114,500-550,0.0
14093,522.7451635521873,0.10649467886106374,500-550,0.0
14094,506.57645319724827,0.1476087130296542,500-550,0.0
14095,521.6016543400272,0.10903496273980087,500-550,0.0
14096,495.5326404254346,0.18267704764429044,450-500,0.0
14097,488.2332389081068,0.20921519807840833,450-500,0.0
14098,462.10424791106027,0.3260830867365326,450-500,1.0
14099,502.5655471826393,0.15965341075431363,500-550,1.0
14100,567.1158404172602,0.04100320144953965,550-600,0.0
14101,559.8292686167392,0.04815936375103005,550-600,0.0
14102,504.37584097845826,0.15412132814407914,500-550,0.0
14103,464.0764106257196,0.31615012185141117,450-500,0.0
14104,543.493454578621,0.06872480779570402,500-550,0.0
14105,529.1241891702173,0.09326172518504164,500-550,0.0
14106,524.8869984117646,0.10187669473967062,500-550,0.0
14107,485.9537147798099,0.21806229393600474,450-500,0.0
14108,506.1461854913029,0.1488639174682742,500-550,0.0
14109,494.4873571951776,0.18631063601927347,450-500,0.0
14110,497.52806122873335,0.17589387402999407,450-500,1.0
14111,518.9012291009674,0.11524570844074258,500-550,1.0
14112,500.25813421075674,0.16693647203687678,500-550,0.0
14113,516.4267981966591,0.12120460503734597,500-550,0.0
14114,511.60151115167434,0.13358983810192113,500-550,1.0
14115,483.67392066438424,0.22717712643906285,450-500,1.0
14116,488.71648765946514,0.20737394180643515,450-500,1.0
14117,505.9490524876048,0.14944194214167333,500-550,0.0
14118,510.6471987837303,0.13616258423885697,500-550,0.0
14119,503.93943299692637,0.15544043898102744,500-550,0.0
14120,485.2508505705915,0.22084400352901576,450-500,1.0
14121,467.50059720369126,0.29929930042391945,450-500,0.0
14122,482.07427008163074,0.23373141248795976,450-500,0.0
14123,483.67722924545257,0.22716370554344878,450-500,0.0
14124,523.3237068993582,0.10522941733917354,500-550,0.0
14125,465.396765331349,0.30959189462350345,450-500,0.0
14126,538.6427762934105,0.07625379930647803,500-550,0.0
14127,523.7431262025066,0.10432046766310481,500-550,0.0
14128,481.9737542077202,0.2341476156870835,450-500,0.0
14129,483.21088046581065,0.2290609177413615,450-500,0.0
14130,560.3393727770423,0.04762196528915584,550-600,0.0
14131,562.3405588199173,0.04556824038296057,550-600,0.0
14132,544.0596429869622,0.06789226366836176,500-550,0.0
14133,488.66640775364056,0.20756419732603745,450-500,0.0
14134,530.6859010859408,0.09025484225807442,500-550,0.0
14135,508.39693735511264,0.14239449718024277,500-550,0.0
14136,464.84616104730486,0.31231764860581873,450-500,1.0
14137,476.34464779401657,0.25827038930240376,450-500,0.0
14138,424.0672563343938,0.5381473489975659,<450,0.0
14139,491.19645549457437,0.1981134432438836,450-500,0.0
14140,540.3039272254368,0.0735938792243039,500-550,0.0
14141,585.1220717786998,0.027430930403521285,550-600,0.0
14142,533.8733343938266,0.08438760373751561,500-550,0.0
14143,507.13526357353095,0.14599159328641995,500-550,0.0
14144,523.1132863499262,0.10568806025932145,500-550,0.0
14145,512.1410367586433,0.13215359325476747,500-550,0.0
14146,535.9966580037142,0.08067345463807363,500-550,0.0
14147,495.2380714412176,0.18369541901399744,450-500,1.0
14148,566.4200051017588,0.041640074517516085,550-600,0.0
14149,492.7581674102979,0.19244348063025468,450-500,0.0
14150,510.0397992359508,0.13782172990691008,500-550,0.0
14151,488.26292488063837,0.20910174392369132,450-500,0.0
14152,474.9810817903025,0.2643515226615684,450-500,0.0
14153,499.79861186718546,0.16841822080702787,450-500,0.0
14154,513.37364361683,0.1289214129248615,500-550,0.0
14155,534.0572041258524,0.08405993275511055,500-550,0.0
14156,545.0531617546882,0.06645392480715111,500-550,0.0
14157,483.93687015445516,0.2261122468039081,450-500,0.0
14158,516.1008523129428,0.12200904793064371,500-550,1.0
14159,534.8676491234069,0.08262938677325034,500-550,0.0
14160,490.1106177415805,0.20212926882801674,450-500,0.0
14161,487.125019538415,0.21348299039622498,450-500,0.0
14162,453.2284874791445,0.37264624894346077,450-500,0.0
14163,517.7349709738239,0.11802187753108903,500-550,0.0
14164,513.7910756958929,0.12784217419333815,500-550,1.0
14165,519.4484225149317,0.11396284835169587,500-550,0.0
14166,503.00883208924176,0.15828407875332093,500-550,0.0
14167,496.3177567878281,0.17998420278930852,450-500,0.0
14168,497.95492685084685,0.1744687925360347,450-500,0.0
14169,526.5941414292835,0.0983239613383115,500-550,0.0
14170,450.21565679697005,0.3890588944110455,450-500,1.0
14171,534.5977444857882,0.08310332783768963,500-550,0.0
14172,518.8997038912,0.11524930168808002,500-550,0.0
14173,561.5329618950269,0.04638668929303452,550-600,0.0
14174,501.8661892928633,0.16183325684331928,500-550,0.0
14175,499.2324234588443,0.1702583186680585,450-500,0.0
14176,513.9881239786847,0.1273354051047993,500-550,0.0
14177,504.414939915209,0.1540035935030852,500-550,0.0
14178,493.5005912605412,0.18979170686792268,450-500,0.0
14179,515.2805121430412,0.12405403151019578,500-550,0.0
14180,516.8564857061533,0.12015111577406506,500-550,0.0
14181,555.815214538245,0.05259340151647497,550-600,0.0
14182,498.0050067566714,0.17430220006974928,450-500,0.0
14183,516.7146111332953,0.12049808054101878,500-550,0.0
14184,509.24783774181253,0.14001049212674818,500-550,0.0
14185,471.5389683734557,0.2801045750372303,450-500,0.0
14186,512.0910651846503,0.13228606813076937,500-550,0.0
14187,493.84906023736653,0.18855673642544277,450-500,0.0
14188,450.96268917195727,0.3849642447658482,450-500,0.0
14189,484.74348736683356,0.22286772966576382,450-500,0.0
14190,481.7413410988859,0.23511193092595123,450-500,0.0
14191,484.84120539708454,0.22247693447960387,450-500,0.0
14192,524.3789974218239,0.10295566317203071,500-550,0.0
14193,523.4730823513056,0.10490489801791154,500-550,1.0
14194,528.260261398761,0.09496346389338045,500-550,0.0
14195,537.4179054171253,0.07827132453918116,500-550,0.0
14196,439.1982488542882,0.4509795594078822,<450,0.0
14197,479.44903029633497,0.2447698455595455,450-500,0.0
14198,471.6991052675589,0.27935910270556086,450-500,0.0
14199,551.6966138087851,0.05754191501749331,550-600,0.0
14200,480.7644921838047,0.23919502932508543,450-500,0.0
14201,487.5537872223307,0.21182430835396515,450-500,1.0
14202,467.5094936656071,0.29925619401292136,450-500,0.0
14203,497.53006596838975,0.1758871599034145,450-500,0.0
14204,530.6051955366582,0.09040806727976512,500-550,0.0
14205,503.9815686824536,0.1553126766354289,500-550,0.0
14206,497.95492685084685,0.1744687925360347,450-500,0.0
14207,491.09976865089016,0.19846857644259686,450-500,0.0
14208,462.25044927624947,0.3253412048220967,450-500,1.0
14209,523.5742283899492,0.10468565941607304,500-550,0.0
14210,502.1766261837646,0.1608626982702023,500-550,1.0
14211,497.0943523411582,0.1773511625294019,450-500,0.0
14212,498.1875408409838,0.17369605665677448,450-500,0.0
14213,526.1621947659951,0.09921231334738011,500-550,0.0
14214,524.6501108372446,0.10237857901462384,500-550,0.0
14215,530.3072545460848,0.09097575930112363,500-550,0.0
14216,547.820766162085,0.06259519393834524,500-550,0.0
14217,508.00820198990886,0.14349485327147884,500-550,0.0
14218,528.3961452474789,0.09469397403219845,500-550,1.0
14219,503.56829536002294,0.15656949609741413,500-550,0.0
14220,518.3335154828588,0.1165899336977694,500-550,0.0
14221,506.99364299250044,0.14640002884600112,500-550,0.0
14222,540.7919426442022,0.07282882324481306,500-550,0.0
14223,510.0898791417754,0.1376842939191924,500-550,0.0
14224,459.1165387596907,0.3414309587593568,450-500,0.0
14225,501.42167497338124,0.16323121868251714,500-550,1.0
14226,485.7180493875352,0.21899215678715003,450-500,0.0
14227,510.0397992359508,0.13782172990691008,500-550,0.0
14228,509.3690483390527,0.13967362345374168,500-550,0.0
14229,505.1026807044045,0.15194468007732403,500-550,0.0
14230,509.6489276847394,0.13889837587254875,500-550,0.0
14231,478.77800869126617,0.24764718534316008,450-500,0.0
14232,507.509751495017,0.14491611641067886,500-550,0.0
14233,462.61816710271347,0.32347913672086814,450-500,0.0
14234,495.99568062400823,0.18108511542567313,450-500,0.0
14235,504.37584097845826,0.15412132814407914,500-550,0.0
14236,498.0050067566714,0.17430220006974928,450-500,0.0
14237,479.1115831094704,0.24621398834404523,450-500,0.0
14238,463.6659598267838,0.3182039970163809,450-500,0.0
14239,508.59096683200073,0.1418479139870885,500-550,0.0
14240,553.2328805243717,0.055646935038916656,550-600,0.0
14241,536.2119613603109,0.0803052836286207,500-550,0.0
14242,568.7085521624185,0.03958036890897587,550-600,0.0
14243,514.842332946453,0.1251583556472889,500-550,0.0
14244,474.39370842346665,0.26699913892866595,450-500,0.0
14245,521.665571911427,0.10889157891759585,500-550,0.0
14246,465.01738459170326,0.31146860657848574,450-500,0.0
14247,501.54060870126614,0.1628562319207458,500-550,0.0
14248,510.4713898369779,0.13664107847013945,500-550,0.0
14249,532.5366987685571,0.08680463892062187,500-550,0.0
14250,529.3992560608539,0.09272567522898996,500-550,1.0
14251,488.924068591826,0.20658670703528637,450-500,0.0
14252,440.8477511517801,0.4415619770779897,<450,0.0
14253,446.2860210443818,0.4108443524186217,<450,1.0
14254,504.150582316163,0.15480106065724228,500-550,0.0
14255,465.6381225414431,0.30840120676376764,450-500,0.0
14256,457.55482684396713,0.3495902790301484,450-500,1.0
14257,466.9048462904462,0.3021939882962133,450-500,0.0
14258,478.71404879835535,0.24792262647261432,450-500,0.0
14259,497.06180444095514,0.17746090660337216,450-500,0.0
14260,503.56829536002294,0.15656949609741413,500-550,0.0
14261,516.6417824739983,0.12067652405341557,500-550,0.0
14262,506.94356308667585,0.14654468634167375,500-550,0.0
14263,476.4515590722365,0.25779746841533924,450-500,0.0
14264,516.4673761234659,0.1211047783374104,500-550,0.0
14265,502.8642089685593,0.15872977654832465,500-550,1.0
14266,514.0915261802797,0.12707016217156697,500-550,0.0
14267,529.9344869612711,0.09169054104452527,500-550,0.0
14268,454.3074164536274,0.3668371696174789,450-500,0.0
14269,490.8738797983132,0.19930013785649603,450-500,0.0
14270,527.1902011906644,0.09710973051883412,500-550,0.0
14271,482.115517329729,0.23356077004228804,450-500,0.0
14272,520.3183178960085,0.11194905312053526,500-550,0.0
14273,516.2518383309923,0.12163584050087853,500-550,0.0
14274,476.3915819897825,0.2580627067800027,450-500,1.0
14275,506.1461854913029,0.1488639174682742,500-550,0.0
14276,499.5166387665704,0.16933263631555137,450-500,0.0
14277,524.7923962289811,0.10207686248332687,500-550,0.0
14278,488.1231819198282,0.20963620999323584,450-500,1.0
14279,510.6471987837303,0.13616258423885697,500-550,0.0
14280,483.47707400905085,0.2279766205836358,450-500,1.0
14281,510.5722959492027,0.13636627235584142,500-550,0.0
14282,509.24783774181253,0.14001049212674818,500-550,0.0
14283,490.3544140946115,0.20122235938723365,450-500,0.0
14284,505.2415232106387,0.15153177395408698,500-550,0.0
14285,543.0577409513894,0.06937192495380051,500-550,0.0
14286,535.369919960348,0.08175396323065505,500-550,0.0
14287,470.4600393989728,0.2851587616709289,450-500,0.0
14288,510.3465094589625,0.13698182099129358,500-550,1.0
14289,513.1314268604818,0.12955119817816277,500-550,0.0
14290,558.8722040761767,0.04918320734366197,550-600,0.0
14291,515.2283764460024,0.12418498716555895,500-550,0.0
14292,556.1522029564887,0.0522067903403886,550-600,0.0
14293,544.360123037796,0.06745423391822439,500-550,0.0
14294,525.2162992455858,0.10118264239734641,500-550,0.0
14295,532.8937471783281,0.0861529240494392,500-550,0.0
14296,514.6504195677433,0.1256446738031613,500-550,0.0
14297,483.2493528370736,0.22890398281434748,450-500,0.0
14298,498.23415235985345,0.17354154024544818,450-500,1.0
14299,447.2269950103655,0.4055922751028601,<450,0.0
14300,549.7396653767494,0.06004359033345918,500-550,0.0
14301,529.4905425251067,0.09254838852975233,500-550,0.0
14302,592.3258594188469,0.023323074870646127,550-600,0.0
14303,481.50445352436594,0.23609763841230483,450-500,0.0
14304,483.88047107574675,0.2263403509830877,450-500,0.0
14305,492.390407609657,0.19376745144168311,450-500,0.0
14306,523.103983045818,0.10570837883167553,500-550,0.0
14307,502.09269657845,0.16112463315065118,500-550,0.0
14308,548.0176128174182,0.06232885384372635,500-550,0.0
14309,493.31398734135007,0.1904555713693181,450-500,0.0
14310,471.88591293625433,0.27849100906786617,450-500,1.0
14311,508.78479754323894,0.1413036404078211,500-550,0.0
14312,495.5518941922446,0.18261063721556808,450-500,0.0
14313,473.4595887045636,0.2712442947723143,450-500,0.0
14314,559.0659093026882,0.04897433394149742,550-600,0.0
14315,507.8194133419187,0.14403178809568182,500-550,0.0
14316,502.054224207187,0.16124481623814615,500-550,0.0
14317,559.8241471171003,0.04816478837396633,550-600,0.0
14318,463.98853552304496,0.3165892448396525,450-500,0.0
14319,557.6389475379826,0.050532967223363694,550-600,0.0
14320,491.65980872282955,0.1964181774329964,450-500,0.0
14321,511.13847095310075,0.13483298228240045,500-550,0.0
14322,457.2612707680614,0.3511340513998601,450-500,0.0
14323,519.0531859986196,0.1148882007844605,500-550,0.0
14324,511.14144942201705,0.13482495474274028,500-550,0.0
14325,481.7896330523995,0.23491133451872206,450-500,0.0
14326,505.1300072757465,0.15186334018550382,500-550,1.0
14327,472.2586388892164,0.27676391329847017,450-500,0.0
14328,529.1241891702173,0.09326172518504164,500-550,0.0
14329,554.9082299035069,0.05364741655581862,550-600,0.0
14330,531.6609245735323,0.08842210203867713,500-550,0.0
14331,540.2772598430545,0.07363589784664346,500-550,0.0
14332,531.1447211436272,0.08938817886311247,500-550,1.0
14333,506.5306027939268,0.1477420530384053,500-550,0.0
14334,482.73178564389474,0.23102155279594142,450-500,0.0
14335,522.3615591955747,0.10734098456780895,500-550,0.0
14336,553.2967980957717,0.05556937908668378,550-600,0.0
14337,490.11535731778145,0.20211160880404452,450-500,1.0
14338,436.3890162940178,0.4670959721457841,<450,0.0
14339,487.40529935637846,0.21239766277631683,450-500,0.0
14340,492.677774890697,0.19273231177698913,450-500,0.0
14341,467.3137895349958,0.30020526842692546,450-500,0.0
14342,471.5890482792803,0.2798713115360733,450-500,0.0
14343,573.2414694845804,0.03578554568909191,550-600,0.0
14344,482.78653893479776,0.23079688889946143,450-500,0.0
14345,514.3224613754841,0.12647948130692394,500-550,0.0
14346,484.00535145376216,0.22583549529220626,450-500,0.0
14347,506.42710692715775,0.14804340094080723,500-550,0.0
14348,561.9010846927658,0.04601189960710599,550-600,0.0
14349,527.9821672658128,0.09551713124837075,500-550,0.0
14350,491.76295693259715,0.19604228517916011,450-500,1.0
14351,469.7899992258693,0.2883249703627164,450-500,0.0
14352,523.9733510171229,0.10382448742556383,500-550,0.0
14353,496.92607778218854,0.1779191199647671,450-500,0.0
14354,483.62384075855965,0.22738033843944833,450-500,0.0
14355,452.4743211818563,0.3767288260364664,450-500,0.0
14356,568.5379228090235,0.03973050575168393,550-600,0.0
14357,501.5662606188849,0.16277544488211573,500-550,0.0
14358,486.10705337054765,0.21745879797862266,450-500,0.0
14359,518.4553382849276,0.11630034109005065,500-550,0.0
14360,490.4044940004361,0.2010364421390757,450-500,0.0
14361,461.16780470839024,0.3308555278525775,450-500,1.0
14362,545.9359356655517,0.06519971072089016,500-550,0.0
14363,502.8642089685593,0.15872977654832465,500-550,0.0
14364,445.4699544588632,0.4154158128216882,<450,1.0
14365,543.0577409513894,0.06937192495380051,500-550,0.0
14366,504.571169614237,0.15353388909289853,500-550,0.0
14367,552.1596540073588,0.0569644652744171,550-600,0.0
14368,566.7198857028279,0.041364452489454875,550-600,0.0
14369,515.0299906524501,0.12468438225115965,500-550,0.0
14370,541.2847127381133,0.07206375528209762,500-550,0.0
14371,486.40291731280814,0.2162977751590245,450-500,0.0
14372,582.9829001699875,0.02878077702776852,550-600,0.0
14373,558.0802425820384,0.05004600142249446,550-600,0.0
14374,571.4214969847626,0.03726515300434954,550-600,0.0
14375,509.24783774181253,0.14001049212674818,500-550,0.0
14376,497.4761450586126,0.17606781806163913,450-500,0.0
14377,507.50717545051475,0.1449234919223424,500-550,1.0
14378,488.84034294177565,0.20690396389420093,450-500,0.0
14379,514.6504195677433,0.1256446738031613,500-550,0.0
14380,521.6016543400272,0.10903496273980087,500-550,0.0
14381,520.9667172847344,0.11046831047033301,500-550,0.0
14382,521.8119314192793,0.10856387957796612,500-550,0.0
14383,499.4901717414824,0.1694186692956276,450-500,0.0
14384,560.2892928712176,0.04767447162762067,550-600,0.0
14385,490.4923691031107,0.20071052430413727,450-500,0.0
14386,548.5070585185626,0.061671196616827205,500-550,0.0
14387,503.56829536002294,0.15656949609741413,500-550,0.0
14388,503.56829536002294,0.15656949609741413,500-550,0.0
14389,477.39764264372525,0.2536371713231761,450-500,0.0
14390,539.3062847580675,0.07518093633892244,500-550,0.0
14391,535.2549014007583,0.08195368377154337,500-550,1.0
14392,486.8646625533383,0.2144947857928517,450-500,1.0
14393,524.5114386140417,0.10267339379602518,500-550,0.0
14394,465.01738459170326,0.31146860657848574,450-500,0.0
14395,470.74700687931744,0.2838091357223236,450-500,1.0
14396,507.4422322157396,0.14510953488972034,500-550,1.0
14397,538.5335827125922,0.07643170087482212,500-550,0.0
14398,505.9490524876048,0.14944194214167333,500-550,0.0
14399,475.6906413083775,0.26117566573481704,450-500,0.0
14400,491.8966962973496,0.19555572298073107,450-500,0.0
14401,543.493454578621,0.06872480779570402,500-550,0.0
14402,529.1241891702173,0.09326172518504164,500-550,0.0
14403,567.3746129838134,0.0407687430099375,550-600,0.0
14404,590.0873876830017,0.02453070633480213,550-600,0.0
14405,452.74570453790386,0.3752576781551325,450-500,0.0
14406,480.68083272487684,0.23954696525452088,450-500,1.0
14407,484.45755107305575,0.2240140603329391,450-500,0.0
14408,551.3462147874831,0.05798254043981117,550-600,0.0
14409,493.4835417225671,0.18985228889558664,450-500,0.0
14410,511.60151115167434,0.13358983810192113,500-550,0.0
14411,498.51224649280175,0.17262191900352722,450-500,1.0
14412,487.0143815923055,0.21391252452142867,450-500,0.0
14413,530.9938434574094,0.08967233971648005,500-550,0.0
14414,497.9968666668832,0.174329269804523,450-500,0.0
14415,431.90919482177566,0.4929252848951858,<450,1.0
14416,540.4983865682965,0.07328814492390988,500-550,0.0
14417,514.0824280909053,0.1270934812494796,500-550,0.0
14418,489.44017709434263,0.20463899360292934,450-500,0.0
14419,541.4960290356659,0.07173794490750102,500-550,0.0
14420,530.4712603956216,0.09066286938024229,500-550,0.0
14421,481.0322034405783,0.23807121409965196,450-500,0.0
14422,539.3277643060775,0.07514643767414136,500-550,0.0
14423,501.00894097693,0.16453792146251953,500-550,1.0
14424,522.5660977165676,0.10688899903800364,500-550,0.0
14425,480.8145720896293,0.2389845244715624,450-500,0.0
14426,456.71752502020524,0.3540017617264691,450-500,1.0
14427,542.3035746541012,0.0705053459172238,500-550,0.0
14428,509.24783774181253,0.14001049212674818,500-550,1.0
14429,506.7558828338852,0.14708786052601008,500-550,1.0
14430,525.4045855832044,0.10078768799924796,500-550,1.0
14431,592.8359635791498,0.02305610531567281,550-600,0.0
14432,545.4374851706599,0.06590516047877149,500-550,0.0
14433,522.7337152652192,0.10651985070143767,500-550,1.0
14434,510.27561951524405,0.13717556573267642,500-550,0.0
14435,536.014806256306,0.08064236160308359,500-550,0.0
14436,526.5941414292835,0.0983239613383115,500-550,0.0
14437,473.21073727745784,0.27238233422001373,450-500,0.0
14438,483.9707853213583,0.2259751564164749,450-500,0.0
14439,492.2645015682663,0.19422231242416707,450-500,0.0
14440,469.0089206325219,0.2920421478286981,450-500,0.0
14441,487.3028417499265,0.21279394146927993,450-500,0.0
14442,517.3686176189344,0.11890582931954685,500-550,0.0
14443,532.4150908708204,0.08702762452620968,500-550,0.0
14444,482.35240490424906,0.23258242924944708,450-500,0.0
14445,491.4333430690944,0.19724537216093868,450-500,0.0
14446,493.90244872425944,0.18836807410921555,450-500,0.0
14447,516.1353610807404,0.12192366228905685,500-550,0.0
14448,510.0898791417754,0.1376842939191924,500-550,1.0
14449,473.02413335826674,0.27323766258937,450-500,0.0
14450,469.0590005383465,0.291802972649447,450-500,1.0
14451,532.4150908708204,0.08702762452620968,500-550,0.0
14452,511.76185179528187,0.1331616297122345,500-550,0.0
14453,549.8413458171558,0.05991113570504952,500-550,0.0
14454,520.9945503063583,0.11040513406555384,500-550,0.0
14455,538.5073672490613,0.07647446855680111,500-550,0.0
14456,535.3068270304265,0.08186346410159821,500-550,0.0
14457,537.9592767479378,0.07737365875130527,500-550,1.0
14458,521.9870712740887,0.10817287952889591,500-550,0.0
14459,483.01704975457244,0.22985273399814654,450-500,0.0
14460,514.2510734687556,0.12666182451381774,500-550,0.0
14461,549.7912659113313,0.05997633836769858,500-550,0.0
14462,506.90035178859114,0.14666959876376862,500-550,0.0
14463,498.0816424710752,0.17404751181706443,450-500,0.0
14464,524.8424761348058,0.10197085556269503,500-550,0.0
14465,490.4923691031107,0.20071052430413727,450-500,1.0
14466,543.6547674408698,0.06848664893771214,500-550,0.0
14467,592.8359635791498,0.02305610531567281,550-600,0.0
14468,523.7935145570027,0.10421173588407727,500-550,0.0
14469,478.0326541349875,0.2508697584415822,450-500,0.0
14470,500.03275185009704,0.16766192021867682,500-550,1.0
14471,482.115517329729,0.23356077004228804,450-500,0.0
14472,521.8119314192793,0.10856387957796612,500-550,0.0
14473,547.3607419076064,0.06322176852842686,500-550,0.0
14474,543.0787158425134,0.06934064448996241,500-550,0.0
14475,511.5541834184683,0.13371645476740052,500-550,0.0
14476,535.0554752248432,0.0823010247575445,500-550,0.0
14477,458.2224055635335,0.3460913261984331,450-500,1.0
14478,509.80680148015244,0.1384626697270739,500-550,0.0
14479,443.52335931331106,0.42637786249334453,<450,0.0
14480,545.9242916120274,0.06521610996040697,500-550,0.0
14481,481.16284905816997,0.23752410145294736,450-500,0.0
14482,517.9039846075334,0.11761599683448426,500-550,0.0
14483,495.7810399336889,0.18182170285939434,450-500,0.0
14484,511.67555892775135,0.13339194032473808,500-550,0.0
14485,490.05141764607475,0.20234994999203293,450-500,0.0
14486,456.0052561670382,0.35777417980555315,450-500,0.0
14487,530.0318946003017,0.09150327609165439,500-550,0.0
14488,581.4211882542639,0.029806723812318733,550-600,0.0
14489,469.37663845898595,0.29028866073662385,450-500,0.0
14490,496.97914608613155,0.17773985102366527,450-500,0.0
14491,522.3615591955747,0.10734098456780895,500-550,0.0
14492,513.6588231448636,0.12818326602175842,500-550,0.0
14493,469.1189776208005,0.2915166814467807,450-500,0.0
14494,513.4695739259761,0.12867270752480223,500-550,0.0
14495,493.04513489064254,0.19141516433455863,450-500,0.0
14496,561.8737581214239,0.04603962176038349,550-600,0.0
14497,549.4819170941113,0.060380576779389836,500-550,0.0
14498,487.47685190756147,0.21212123637753824,450-500,1.0
14499,496.10005933335185,0.18072775739687771,450-500,0.0
14500,558.9222839820012,0.04912912507930897,550-600,0.0
14501,566.7198857028279,0.041364452489454875,550-600,0.0
14502,548.737283333179,0.06136409555932698,500-550,0.0
14503,565.620562795052,0.04238345573093513,550-600,0.0
14504,458.94857723040263,0.34230410104536885,450-500,0.0
14505,466.8317629658828,0.3025501834522816,450-500,1.0
14506,513.7434349330052,0.1279649548760421,500-550,0.0
14507,517.0812566011497,0.11960318798660886,500-550,0.0
14508,578.3318161317188,0.03194164721754789,550-600,0.0
14509,529.1742690760418,0.09316392296586037,500-550,0.0
14510,462.87821298299093,0.32216566725326656,450-500,0.0
14511,522.3615591955747,0.10734098456780895,500-550,0.0
14512,561.8510047869413,0.04606271660208005,550-600,0.0
14513,541.6298188618671,0.07153236913935743,500-550,0.0
14514,523.7431262025066,0.10432046766310481,500-550,0.0
14515,556.7272823362039,0.05155322368576098,550-600,0.0
14516,524.7483261885618,0.10217022877192718,500-550,0.0
14517,579.2772597332767,0.03127305131573136,550-600,0.0
14518,523.4602309127248,0.10493278309487007,500-550,0.0
14519,554.8581499976824,0.05370619171373844,550-600,0.0
14520,537.1401672158744,0.07873554152655997,500-550,0.0
14521,466.6931363061622,0.3032264777464516,450-500,0.0
14522,454.3074164536274,0.3668371696174789,450-500,0.0
14523,482.1655972355536,0.23335370279233233,450-500,0.0
14524,491.483422974919,0.1970622228923593,450-500,0.0
14525,534.8538114578314,0.08265362519529731,500-550,0.0
14526,532.4150908708204,0.08702762452620968,500-550,0.0
14527,546.5672504230951,0.06431630274067318,500-550,1.0
14528,478.7036757400563,0.24796731704827124,450-500,1.0
14529,529.1742690760418,0.09316392296586037,500-550,0.0
14530,545.777211832837,0.06542358459847172,500-550,0.0
14531,504.3200225143743,0.15428953613208551,500-550,0.0
14532,526.3026592683075,0.09892264976504904,500-550,0.0
14533,469.16905752662507,0.29127775955333945,450-500,0.0
14534,499.4901717414824,0.1694186692956276,450-500,0.0
14535,574.2594356524478,0.03498279080325164,550-600,0.0
14536,484.02086522718287,0.2257728332670972,450-500,0.0
14537,451.52000881391217,0.3819199936042801,450-500,0.0
14538,530.1270634244314,0.09132064747789063,500-550,0.0
14539,543.0577409513894,0.06937192495380051,500-550,0.0
14540,527.7878242531185,0.09590576769118926,500-550,0.0
14541,514.5331865164545,0.12594254372450198,500-550,0.0
14542,487.49980509605757,0.21203261786324598,450-500,0.0
14543,467.929991658039,0.2972228027999903,450-500,0.0
14544,528.4010742675051,0.09468421149960236,500-550,0.0
14545,503.1435040608984,0.15786996245873042,500-550,0.0
14546,534.3497624898638,0.08354095129961775,500-550,0.0
14547,504.26994260854974,0.15444057878307899,500-550,0.0
14548,491.4333430690944,0.19724537216093868,450-500,0.0
14549,572.7556759515242,0.03617486093914962,550-600,0.0
14550,496.92607778218854,0.1779191199647671,450-500,0.0
14551,484.79112549126,0.22267715353926693,450-500,1.0
14552,513.7688801331421,0.12789936450741216,500-550,0.0
14553,540.8843638767233,0.07268476336752476,500-550,1.0
14554,544.3984344737027,0.06739857359487886,500-550,0.0
14555,544.0596429869622,0.06789226366836176,500-550,0.0
14556,464.1264905315441,0.31590001279907975,450-500,0.0
14557,484.6573861265075,0.22321247238479552,450-500,0.0
14558,485.3645357077938,0.22039235630604115,450-500,0.0
14559,490.92534207915367,0.19911046058750223,450-500,0.0
14560,559.2443226706423,0.04878269442923102,550-600,0.0
14561,511.4199008292055,0.13407625571891452,500-550,0.0
14562,534.8279422758812,0.08269895569355104,500-550,0.0
14563,463.2343692257567,0.3203713052632099,450-500,0.0
14564,514.842332946453,0.1251583556472889,500-550,0.0
14565,489.5444293332393,0.2042472217723306,450-500,0.0
14566,516.6417824739983,0.12067652405341557,500-550,0.0
14567,604.6476193784708,0.017646637734849792,600-650,0.0
14568,503.56829536002294,0.15656949609741413,500-550,0.0
14569,483.9707853213583,0.2259751564164749,450-500,0.0
14570,516.9970947619215,0.11980809738167274,500-550,0.0
14571,469.37663845898595,0.29028866073662385,450-500,0.0
14572,494.3422345420538,0.1868194890129123,450-500,0.0
14573,474.98649789153717,0.2643271877188008,450-500,0.0
14574,533.2662303601577,0.0854777625061448,500-550,0.0
14575,503.7261968606935,0.15608832156021066,500-550,1.0
14576,478.0593215173698,0.25075398110289804,450-500,1.0
14577,501.23869132590147,0.16380950553541246,500-550,0.0
14578,530.08125371078,0.09140851518284113,500-550,1.0
14579,524.0347870461906,0.10369248680352877,500-550,0.0
14580,472.2652936759,0.27673313724073334,450-500,0.0
14581,529.1742690760418,0.09316392296586037,500-550,1.0
14582,465.6381225414431,0.30840120676376764,450-500,0.0
14583,536.1345689731068,0.08043744854773127,500-550,0.0
14584,488.65567863308013,0.20760497442708922,450-500,0.0
14585,486.1904865331777,0.21713093642204548,450-500,0.0
14586,558.3784927638692,0.04971940557658752,550-600,0.0
14587,523.946024445781,0.10388324865195663,500-550,0.0
14588,490.3544140946115,0.20122235938723365,450-500,0.0
14589,449.97876922245,0.39036063331864573,<450,1.0
14590,563.1017863387659,0.044809387859355516,550-600,0.0
14591,509.24783774181253,0.14001049212674818,500-550,0.0
14592,527.0315887601729,0.09743152631261277,500-550,0.0
14593,535.6140293430607,0.0813315552337921,500-550,0.0
14594,561.6708598781495,0.046245954908798896,550-600,0.0
14595,555.7249002926335,0.052697473449460804,550-600,0.0
14596,592.8359635791498,0.02305610531567281,550-600,0.0
14597,539.7878141419102,0.07441102763599186,500-550,1.0
14598,487.0216450323497,0.21388430609444478,450-500,0.0
14599,525.4124189065662,0.10077128630885952,500-550,1.0
14600,471.52808547266477,0.2801552814052239,450-500,0.0
14601,460.28382349239104,0.33539278423168595,450-500,0.0
14602,533.0861124758892,0.08580364247795719,500-550,0.0
14603,520.0933309111965,0.1124668934550829,500-550,0.0
14604,456.8472975670011,0.3533163786267786,450-500,0.0
14605,491.9161260103351,0.19548511110809524,450-500,0.0
14606,465.9477817498836,0.30687728834376515,450-500,0.0
14607,519.3391646139082,0.11421799830110267,500-550,0.0
14608,482.4436395380386,0.23220639476542698,450-500,0.0
14609,529.804375055783,0.09194121701151574,500-550,0.0
14610,512.7661319557585,0.1305059486999551,500-550,0.0
14611,519.7704986787517,0.1132135923912736,500-550,0.0
14612,476.39472769984116,0.2580487909950115,450-500,1.0
14613,496.87599787636395,0.17808842376729717,450-500,1.0
14614,521.7499602277549,0.10870252739601396,500-550,0.0
14615,540.7418627383776,0.07290699423095695,500-550,1.0
14616,496.1403037446907,0.18059012079440193,450-500,1.0
14617,470.0470791062238,0.28710769367429767,450-500,1.0
14618,503.0745840477156,0.15808178140363138,500-550,0.0
14619,497.27708781929084,0.17673600867671438,450-500,0.0
14620,555.9568217148324,0.052430613857300856,550-600,0.0
14621,494.1104301307546,0.18763449927044223,450-500,1.0
14622,501.00894097693,0.16453792146251953,500-550,0.0
14623,481.39866933746316,0.2365387357674597,450-500,1.0
14624,490.01358731087646,0.20249106489112428,450-500,0.0
14625,509.5767590373772,0.1390979323470269,500-550,0.0
14626,544.360123037796,0.06745423391822439,500-550,0.0
14627,493.3283386290959,0.1904044520725764,450-500,0.0
14628,553.728028682986,0.05504878775135385,550-600,0.0
14629,510.27668681047084,0.13717264706879925,500-550,0.0
14630,492.4969146771006,0.1933833053554906,450-500,0.0
14631,469.27983817845177,0.2907496557237915,450-500,1.0
14632,505.6254638830323,0.15039476379535616,500-550,0.0
14633,456.0052561670382,0.35777417980555315,450-500,0.0
14634,498.0543254086856,0.17413826260967394,450-500,0.0
14635,474.9364179857126,0.2645522551474578,450-500,1.0
14636,512.4706362693572,0.13128263841738544,500-550,0.0
14637,490.98181480425507,0.19890247218571325,450-500,0.0
14638,512.1004198102085,0.13226126041502656,500-550,0.0
14639,480.8209855365463,0.23895757550099,450-500,0.0
14640,490.4923691031107,0.20071052430413727,450-500,1.0
14641,505.07992736992196,0.15201243461758238,500-550,0.0
14642,443.63341630158965,0.4257560479846538,<450,0.0
14643,539.7878141419102,0.07441102763599186,500-550,0.0
14644,477.1523368826318,0.25471160728014114,450-500,0.0
14645,459.9104119045045,0.33731864673603446,450-500,0.0
14646,468.9551325266338,0.29229916112610416,450-500,0.0
14647,580.5142036195259,0.03041873735612247,550-600,0.0
14648,467.5918318374808,0.29885740619151696,450-500,1.0
14649,574.7535534133308,0.03459941917690523,550-600,0.0
14650,561.7405426891256,0.04617499341320155,550-600,0.0
14651,520.4640083119177,0.11161483794770163,500-550,1.0
14652,574.1955180810478,0.035032680659713974,550-600,0.0
14653,466.34220893290683,0.3049422960064169,450-500,1.0
14654,473.02413335826674,0.27323766258937,450-500,0.0
14655,536.6858278613747,0.0795003637405031,500-550,0.0
14656,487.47685190756147,0.21212123637753824,450-500,0.0
14657,542.5363900380585,0.07015363846197269,500-550,1.0
14658,459.09426764631195,0.3415466727235164,450-500,0.0
14659,521.665571911427,0.10889157891759585,500-550,0.0
14660,471.5389683734557,0.2801045750372303,450-500,0.0
14661,520.9042360607468,0.11061024794833346,500-550,0.0
14662,469.16905752662507,0.29127775955333945,450-500,0.0
14663,520.043251005372,0.1125824439230958,500-550,1.0
14664,510.0397992359508,0.13782172990691008,500-550,0.0
14665,493.90244872425944,0.18836807410921555,450-500,0.0
14666,438.2955946910477,0.4561484750173245,<450,1.0
14667,480.49168470272514,0.2403439738480717,450-500,0.0
14668,511.13573676593546,0.13484035179151746,500-550,0.0
14669,496.6880245684269,0.1787250259223325,450-500,0.0
14670,533.692339447733,0.08471128370077252,500-550,0.0
14671,549.8734552029506,0.05986936508966968,500-550,0.0
14672,538.936674652573,0.07577685684197154,500-550,0.0
14673,520.0933309111965,0.1124668934550829,500-550,0.0
14674,503.2457196637618,0.15755623748343286,500-550,0.0
14675,442.7530990492339,0.4307361931562821,<450,0.0
14676,424.68001557193463,0.5346266728441974,<450,1.0
14677,482.1655972355536,0.23335370279233233,450-500,0.0
14678,543.730342153141,0.06837533527131866,500-550,0.0
14679,505.308883667541,0.15133178179828863,500-550,0.0
14680,501.13524749245494,0.16413714939568028,500-550,1.0
14681,486.21593173331473,0.21703101728281238,450-500,0.0
14682,560.3393727770423,0.04762196528915584,550-600,0.0
14683,502.07347797399706,0.1611846607239295,500-550,0.0
14684,535.9465780978896,0.08075931226631058,500-550,0.0
14685,527.224159964572,0.09704095772896372,500-550,1.0
14686,491.483422974919,0.1970622228923593,450-500,1.0
14687,493.04513489064254,0.19141516433455863,450-500,0.0
14688,470.72039638404954,0.2839341242145483,450-500,1.0
14689,539.3494086490241,0.0751116890420835,500-550,1.0
14690,516.1509322187675,0.12188515120352163,500-550,0.0
14691,477.3786476493484,0.253720262178886,450-500,0.0
14692,529.3992560608539,0.09272567522898996,500-550,0.0
14693,502.520572986829,0.15979287337991668,500-550,0.0
14694,481.09379301762584,0.23781318375729651,450-500,1.0
14695,491.24653540039895,0.1979296866791521,450-500,0.0
14696,489.2445006592609,0.20537583667329318,450-500,1.0
14697,493.3167215285154,0.19044583138351592,450-500,0.0
14698,498.42881333017164,0.1728974160173955,450-500,0.0
14699,511.81193170110646,0.1330281237731068,500-550,0.0
14700,490.4044940004361,0.2010364421390757,450-500,1.0
14701,535.4851262153747,0.08155436133731031,500-550,0.0
14702,527.7530216626308,0.09597551305114277,500-550,1.0
14703,511.24251312462667,0.13455280789195403,500-550,0.0
14704,548.4940409134556,0.06168860385929209,500-550,0.0
14705,516.2611929565504,0.12161275011102121,500-550,0.0
14706,523.8584577917778,0.1040717442134064,500-550,0.0
14707,549.8413458171558,0.05991113570504952,500-550,0.0
14708,486.9147424591629,0.2142998955822239,450-500,0.0
14709,549.5292448273173,0.060318566971761876,500-550,0.0
14710,523.9232711112984,0.10393219832715038,500-550,0.0
14711,593.7429482138879,0.022588774026107816,550-600,0.0
14712,601.1356841682715,0.01910973163513298,600-650,0.0
14713,542.1259392391227,0.07077478979742571,500-550,0.0
14714,511.8383987261944,0.13295761220903662,500-550,0.0
14715,527.7530216626308,0.09597551305114277,500-550,0.0
14716,491.4044369010695,0.19735114451679467,450-500,0.0
14717,515.1125506137531,0.12447634578031738,500-550,0.0
14718,499.72705931600245,0.16864988632979552,450-500,0.0
14719,488.8391084655131,0.20690864431790998,450-500,0.0
14720,458.51189138452975,0.34457919018969857,450-500,1.0
14721,476.44825049116815,0.25781209541014455,450-500,0.0
14722,494.437277289353,0.18648611358952003,450-500,0.0
14723,475.50260639405377,0.26201486823579634,450-500,0.0
14724,466.6291764132514,0.3035387956795964,450-500,0.0
14725,511.13847095310075,0.13483298228240045,500-550,0.0
14726,523.1633662557507,0.10557874406255588,500-550,1.0
14727,582.0759155352495,0.029372362831337002,550-600,0.0
14728,482.1655972355536,0.23335370279233233,450-500,0.0
14729,514.3224613754841,0.12647948130692394,500-550,0.0
14730,520.7095330342397,0.11105357587066929,500-550,0.0
14731,502.5174224101615,0.15980264684984652,500-550,0.0
14732,530.501597558779,0.0906050985045314,500-550,0.0
14733,477.7113006209717,0.2522677192081076,450-500,0.0
14734,545.4875650764845,0.06583396376142461,500-550,0.0
14735,548.162198462922,0.06213389894351273,500-550,0.0
14736,540.4483066624719,0.0733667699119969,500-550,0.0
14737,537.2587793092877,0.07853698373011188,500-550,0.0
14738,551.3013772924729,0.058039151412385005,550-600,0.0
14739,548.9854990794611,0.061034597608223246,500-550,0.0
14740,444.3910254843803,0.4214820769578364,<450,0.0
14741,490.54244900893525,0.20052496124267946,450-500,0.0
14742,462.4767600429661,0.324194543290442,450-500,1.0
14743,479.5854695887952,0.24418756639261213,450-500,0.0
14744,543.493454578621,0.06872480779570402,500-550,0.0
14745,555.6627046494668,0.052769256486982274,550-600,0.0
14746,534.8538114578314,0.08265362519529731,500-550,0.0
14747,464.0764106257196,0.31615012185141117,450-500,0.0
14748,499.67697941017786,0.16881218098446413,450-500,0.0
14749,541.5098667012412,0.07171665728787763,500-550,1.0
14750,548.2959882891232,0.06195400813993198,500-550,0.0
14751,513.6933550271807,0.12809413022473937,500-550,0.0
14752,488.01341417631284,0.2100567351510062,450-500,1.0
14753,546.5660282408497,0.0643180021408275,500-550,0.0
14754,528.7182214112988,0.09405795422235712,500-550,0.0
14755,468.8856070961254,0.2926315680059923,450-500,0.0
14756,468.3474652306912,0.2952119466528235,450-500,0.0
14757,572.3402500894185,0.0365110141691965,550-600,0.0
14758,542.3035746541012,0.0705053459172238,500-550,0.0
14759,495.5326404254346,0.18267704764429044,450-500,0.0
14760,477.3786476493484,0.253720262178886,450-500,1.0
14761,539.5523068922985,0.07478666586749871,500-550,0.0
14762,464.6425990340607,0.3133286880016496,450-500,0.0
14763,492.2144216624418,0.1944034613259281,450-500,0.0
14764,511.9337545031752,0.13270383447173068,500-550,0.0
14765,511.60817391157804,0.13357202125561227,500-550,0.0
14766,529.6903775785585,0.09216135268761222,500-550,0.0
14767,539.9703503482683,0.07412107354828253,500-550,0.0
14768,547.9675329115937,0.06239651311998127,500-550,0.0
14769,496.97914608613155,0.17773985102366527,450-500,0.0
14770,494.0181307581904,0.18795977851472936,450-500,1.0
14771,530.6859010859408,0.09025484225807442,500-550,0.0
14772,515.9603878106304,0.1223571331490017,500-550,0.0
14773,534.8279422758812,0.08269895569355104,500-550,0.0
14774,474.1914180909671,0.26791486610455195,450-500,1.0
14775,541.565711846642,0.07163080532321033,500-550,0.0
14776,485.8657808813598,0.2184089205924232,450-500,1.0
14777,551.6210887028236,0.05763662096180226,550-600,0.0
14778,535.0554752248432,0.0823010247575445,500-550,0.0
14779,506.2486430977549,0.14856422501664343,500-550,0.0
14780,534.4125164137756,0.08343000946727129,500-550,0.0
14781,559.0997370251387,0.04893794372408548,550-600,0.0
14782,535.4851262153747,0.08155436133731031,500-550,0.0
14783,490.1514852939989,0.20197703106001702,450-500,1.0
14784,551.2512973866484,0.058102442668924004,550-600,0.0
14785,490.35915367081253,0.20120475861822615,450-500,0.0
14786,530.3072545460848,0.09097575930112363,500-550,0.0
14787,510.3267667162954,0.13703575546989577,500-550,0.0
14788,494.23057093256904,0.187211750635113,450-500,0.0
14789,476.44825049116815,0.25781209541014455,450-500,1.0
14790,510.0397992359508,0.13782172990691008,500-550,0.0
14791,450.21565679697005,0.3890588944110455,450-500,0.0
14792,532.2784233872741,0.08727884238833106,500-550,0.0
14793,472.1463679212352,0.2772834455856754,450-500,0.0
14794,500.904396250613,0.16487023721523805,500-550,0.0
14795,490.7176737023401,0.19987670600337767,450-500,0.0
14796,516.8680932407149,0.12012276689803296,500-550,0.0
14797,551.7408514196243,0.057486510417014275,550-600,1.0
14798,593.7429482138879,0.022588774026107816,550-600,0.0
14799,520.9444704005338,0.11051883002250962,500-550,0.0
14800,572.0261443599236,0.03676717463790061,550-600,0.0
14801,436.43909619984237,0.46680796301802147,<450,1.0
14802,458.772191482492,0.3432221873939671,450-500,0.0
14803,546.822495063094,0.0639623092558489,500-550,0.0
14804,576.6705776169777,0.033150056219753005,550-600,0.0
14805,549.8801298790618,0.059860685528225294,500-550,0.0
14806,514.6121081318366,0.1257419504490773,500-550,1.0
14807,468.3934748816063,0.2949908149396283,450-500,1.0
14808,522.3615591955747,0.10734098456780895,500-550,1.0
14809,500.95886107110545,0.16469704301921206,500-550,0.0
14810,464.31061168686483,0.3149813915833191,450-500,0.0
14811,491.24653540039895,0.1979296866791521,450-500,0.0
14812,449.97876922245,0.39036063331864573,<450,0.0
14813,560.2892928712176,0.04767447162762067,550-600,0.0
14814,483.21088046581065,0.2290609177413615,450-500,1.0
14815,502.8642089685593,0.15872977654832465,500-550,0.0
14816,572.8057558573488,0.03613453915288738,550-600,0.0
14817,535.4350463095501,0.08164107322408545,500-550,0.0
14818,509.40229635698074,0.1395813392462688,500-550,0.0
14819,526.3194035413042,0.09888817026750685,500-550,0.0
14820,544.6090798088139,0.06709330048196245,500-550,0.0
14821,528.4701826845782,0.09454742861985779,500-550,0.0
14822,534.6134099173936,0.08307575256281713,500-550,0.0
14823,506.681346133171,0.14730404247273013,500-550,0.0
14824,480.01928853955485,0.24234240427285164,450-500,0.0
14825,499.4693110333643,0.16948650305392574,450-500,0.0
14826,439.53182327249243,0.44907200859037527,<450,1.0
14827,459.65266362186634,0.33865113917571793,450-500,0.0
14828,455.04555236669876,0.36288501791624944,450-500,0.0
14829,500.95886107110545,0.16469704301921206,500-550,0.0
14830,528.5341002559782,0.09442107727940485,500-550,0.0
14831,478.4575766238313,0.2490291765878278,450-500,1.0
14832,529.1241891702173,0.09326172518504164,500-550,0.0
14833,585.1001892456308,0.02744442209992687,550-600,0.0
14834,495.0047009165425,0.18450533699904692,450-500,0.0
14835,510.0898791417754,0.1376842939191924,500-550,0.0
14836,518.3126547747407,0.11663958571614821,500-550,0.0
14837,515.5167564041476,0.12346211246829691,500-550,0.0
14838,502.8141290627347,0.15888434936189855,500-550,0.0
14839,518.1931213314227,0.1169244495551367,500-550,0.0
14840,537.3678255113008,0.0783548435652977,500-550,0.0
14841,489.294171460382,0.20518860918275988,450-500,0.0
14842,489.5945092390639,0.204059223703973,450-500,1.0
14843,505.2415232106387,0.15153177395408698,500-550,0.0
14844,522.2939982844458,0.10749064846928683,500-550,0.0
14845,474.05610073335686,0.2685285306115662,450-500,0.0
14846,511.9337545031752,0.13270383447173068,500-550,0.0
14847,488.2344610903521,0.2092105262363235,450-500,0.0
14848,514.6504195677433,0.1256446738031613,500-550,0.0
14849,503.51821545419836,0.15672235711049726,500-550,0.0
14850,543.0787158425134,0.06934064448996241,500-550,0.0
14851,439.2526592316103,0.4506683128940293,<450,1.0
14852,492.8493645689087,0.1921162302730848,450-500,0.0
14853,484.8365099529341,0.22249570136639366,450-500,1.0
14854,552.6538392847041,0.05635418405951675,550-600,0.0
14855,511.81193170110646,0.1330281237731068,500-550,0.0
14856,545.7584826224144,0.06545004853835007,500-550,1.0
14857,553.6712860172577,0.05511702546121333,550-600,0.0
14858,593.7429482138879,0.022588774026107816,550-600,0.0
14859,483.62384075855965,0.22738033843944833,450-500,0.0
14860,515.2805121430412,0.12405403151019578,500-550,0.0
14861,527.3054074456911,0.09687659296665017,500-550,0.0
14862,573.9425399319489,0.03523081231317875,550-600,0.0
14863,541.9290867326151,0.07107449387203653,500-550,0.0
14864,491.89547411510426,0.19556016530653542,450-500,0.0
14865,476.34464779401657,0.25827038930240376,450-500,0.0
14866,450.94665548449285,0.3850519603746776,450-500,0.0
14867,524.2353721011369,0.10326254527330028,500-550,0.0
14868,516.1509322187675,0.12188515120352163,500-550,1.0
14869,524.8869984117646,0.10187669473967062,500-550,0.0
14870,508.8487151146388,0.14112454379640388,500-550,0.0
14871,470.0807248504496,0.28694860794887794,450-500,0.0
14872,494.5440960474396,0.1861119796837261,450-500,0.0
14873,456.6255710958503,0.3544877723935135,450-500,1.0
14874,508.8947613874511,0.14099564003019777,500-550,0.0
14875,506.22420868388343,0.14863565136228046,500-550,1.0
14876,473.2608171832824,0.2721530704306045,450-500,1.0
14877,549.1611220295783,0.06080246418656917,500-550,0.0
14878,527.2553275398666,0.0969778758929823,500-550,0.0
14879,501.00894097693,0.16453792146251953,500-550,0.0
14880,521.3165889949994,0.10967645773497679,500-550,0.0
14881,561.6708598781495,0.046245954908798896,550-600,0.0
14882,484.7725923815342,0.22275128134867248,450-500,0.0
14883,489.79495082383033,0.2033080620216307,450-500,0.0
14884,465.5907948082371,0.30863448872776744,450-500,0.0
14885,500.58437314961935,0.16589084126370834,500-550,1.0
14886,473.21073727745784,0.27238233422001373,450-500,0.0
14887,504.26994260854974,0.15444057878307899,500-550,0.0
14888,495.2380714412176,0.18369541901399744,450-500,0.0
14889,469.32991808427636,0.2905111046991062,450-500,0.0
14890,592.8359635791498,0.02305610531567281,550-600,0.0
14891,497.11762502708496,0.1772727250025108,450-500,1.0
14892,556.0035008758637,0.05237705718540354,550-600,0.0
14893,515.9603878106304,0.1223571331490017,500-550,0.0
14894,521.8119314192793,0.10856387957796612,500-550,0.0
14895,490.3544140946115,0.20122235938723365,450-500,1.0
14896,540.6086473060794,0.07311531001742086,500-550,0.0
14897,496.92607778218854,0.1779191199647671,450-500,0.0
14898,536.2531724997492,0.08023498722813964,500-550,0.0
14899,479.161663015295,0.24599930371799086,450-500,0.0
14900,470.3633525552886,0.28561435380122346,450-500,0.0
14901,462.5081101144349,0.3240358659851478,450-500,1.0
14902,491.19645549457437,0.1981134432438836,450-500,0.0
14903,493.6773724338053,0.18916442373966194,450-500,1.0
14904,541.4459491298413,0.07181503568991837,500-550,0.0
14905,539.7878141419102,0.07441102763599186,500-550,0.0
14906,531.7110044793568,0.08832888066312412,500-550,0.0
14907,558.2936748189682,0.0498120785292479,550-600,0.0
14908,543.493454578621,0.06872480779570402,500-550,0.0
14909,528.0792189696418,0.09532358040057523,500-550,0.0
14910,465.9477817498836,0.30687728834376515,450-500,0.0
14911,490.056473104038,0.20233109765876442,450-500,0.0
14912,510.0397992359508,0.13782172990691008,500-550,0.0
14913,538.1375759328861,0.0770800855115824,500-550,0.0
14914,521.1813579750537,0.1099819297452015,500-550,0.0
14915,506.4777887009369,0.1478957679105469,500-550,0.0
14916,532.562143968694,0.08675804693599967,500-550,0.0
14917,518.0757672002208,0.11720470680127554,500-550,0.0
14918,503.51821545419836,0.15672235711049726,500-550,0.0
14919,475.8354681785643,0.26053048718862276,450-500,0.0
14920,591.226536511071,0.02390871777412623,550-600,0.0
14921,500.5889576416382,0.16587618492959533,500-550,0.0
14922,504.357680809659,0.15417603703755006,500-550,0.0
14923,437.18981044588236,0.46249336905425664,<450,0.0
14924,540.2563932837622,0.07366879176631828,500-550,0.0
14925,462.5510527947109,0.3238185787379652,450-500,0.0
14926,502.8141290627347,0.15888434936189855,500-550,0.0
14927,506.1962653971275,0.14871736953752834,500-550,0.0
14928,512.1410367586433,0.13215359325476747,500-550,0.0
14929,503.56829536002294,0.15656949609741413,500-550,0.0
14930,529.795210775286,0.0919588962809816,500-550,0.0
14931,450.21565679697005,0.3890588944110455,450-500,0.0
14932,551.3496692459864,0.05797818105650804,550-600,0.0
14933,583.2449212540015,0.028612035592695036,550-600,0.0
14934,517.1187026596581,0.11951211520554769,500-550,0.0
14935,567.3433733662221,0.04079697909739238,550-600,0.0
14936,541.0023177233585,0.07250128648524388,500-550,0.0
14937,501.3970402676936,0.16330897640282102,500-550,0.0
14938,554.3951097991088,0.05425251244000224,550-600,0.0
14939,522.3276440286717,0.10741609200814564,500-550,0.0
14940,463.93845561722037,0.3168396468461481,450-500,0.0
14941,492.7581674102979,0.19244348063025468,450-500,0.0
14942,536.014806256306,0.08064236160308359,500-550,0.0
14943,483.9707853213583,0.2259751564164749,450-500,0.0
14944,489.3901017695281,0.2048273711145111,450-500,0.0
14945,518.2834355770343,0.11670916321177889,500-550,1.0
14946,533.9898836863753,0.08417976900827082,500-550,0.0
14947,508.41198379849016,0.14235204843726143,500-550,1.0
14948,536.7359077671993,0.07941572890764066,500-550,0.0
14949,513.3235637110054,0.12905141089463049,500-550,0.0
14950,551.6465339029605,0.057604697201198776,550-600,0.0
14951,490.54244900893525,0.20052496124267946,450-500,0.0
14952,501.92100877488883,0.16166152481586182,500-550,0.0
14953,484.18433448727274,0.22511330973914162,450-500,0.0
14954,453.4767032254266,0.3713064966256415,450-500,0.0
14955,486.27629047607104,0.21679413131487993,450-500,0.0
14956,424.1173362402184,0.5378597472785372,<450,1.0
14957,609.94102520424,0.015646936985786196,600-650,0.0
14958,543.1526583522242,0.06923047597557601,500-550,0.0
14959,501.4372590976783,0.163182043878519,500-550,0.0
14960,460.18042129079606,0.33592553413279763,450-500,0.0
14961,506.90035178859114,0.14666959876376862,500-550,0.0
14962,571.4423635440548,0.037247860106958804,550-600,0.0
14963,472.6446823887658,0.2749820957181403,450-500,1.0
14964,511.65159105749893,0.13345596894341272,500-550,0.0
14965,540.7919426442022,0.07282882324481306,500-550,0.0
14966,485.16163746451946,0.22119889267117682,450-500,0.0
14967,477.1523368826318,0.25471160728014114,450-500,0.0
14968,516.010467716455,0.1222329321610108,500-550,0.0
14969,470.8409427356789,0.2833681882547951,450-500,1.0
14970,553.2583257245087,0.05561604828498395,550-600,0.0
14971,500.49582087253185,0.16617414093205923,500-550,1.0
14972,456.8472975670011,0.3533163786267786,450-500,0.0
14973,573.2384535404852,0.03578795017825237,550-600,1.0
14974,511.81193170110646,0.1330281237731068,500-550,1.0
14975,505.58638819049594,0.15051016168274503,500-550,1.0
14976,540.7418627383776,0.07290699423095695,500-550,0.0
14977,494.437277289353,0.18648611358952003,450-500,0.0
14978,534.1969405480196,0.08381168420510712,500-550,0.0
14979,543.0304143800474,0.06941269745253129,500-550,0.0
14980,486.40162235476464,0.21630284701277874,450-500,0.0
14981,517.8482342512588,0.11774974559877727,500-550,0.0
14982,437.8438169315215,0.45873913563764784,<450,0.0
14983,510.433273783739,0.13674500436225298,500-550,0.0
14984,474.1729991642471,0.2679983436780635,450-500,0.0
14985,522.4116391013994,0.10723016369716656,500-550,0.0
14986,518.3335154828588,0.1165899336977694,500-550,0.0
14987,529.4100893553351,0.09270462004175853,500-550,0.0
14988,568.3252608354876,0.03991839143451548,550-600,0.0
14989,448.9760210450664,0.3958880246647643,<450,1.0
14990,472.4187757833196,0.27602392287399863,450-500,0.0
14991,536.0648861621305,0.08055661741273135,500-550,0.0
14992,486.8646625533383,0.2144947857928517,450-500,1.0
14993,513.4868788051187,0.12862788709110926,500-550,0.0
14994,505.321924549947,0.15129308868786354,500-550,0.0
14995,492.0723057498172,0.19491822052918867,450-500,0.0
14996,595.3046601296114,0.021805685038007824,550-600,0.0
14997,531.8301823999024,0.08810739346309478,500-550,0.0
14998,471.9791631576913,0.278058296390662,450-500,0.0
14999,523.6555595485036,0.10450966403363668,500-550,0.0
15000,524.2353721011369,0.10326254527330028,500-550,0.0
15001,490.51605233472367,0.20062275386347075,450-500,0.0
15002,489.0582020050471,0.20607919313280576,450-500,0.0
15003,522.7658232252599,0.10644926680911726,500-550,0.0
15004,502.8642089685593,0.15872977654832465,500-550,0.0
15005,502.8642089685593,0.15872977654832465,500-550,0.0
15006,498.2753589182817,0.1734050316395878,450-500,0.0
15007,466.39228883873136,0.3046971029430167,450-500,0.0
15008,539.5940976947037,0.07471988183110027,500-550,0.0
15009,586.3177041901641,0.026703481126608898,550-600,0.0
15010,466.5790965074268,0.30378346388367017,450-500,0.0
15011,486.89255879023676,0.2143862093238372,450-500,0.0
15012,529.5438791815363,0.09244494477799396,500-550,0.0
15013,485.2422953400114,0.22087801848537358,450-500,0.0
15014,501.6840077480382,0.16240503133527676,500-550,0.0
15015,494.4873571951776,0.18631063601927347,450-500,0.0
15016,517.8704752842852,0.11769637210630463,500-550,0.0
15017,568.5830091181258,0.03969078130140195,550-600,0.0
15018,523.7431262025066,0.10432046766310481,500-550,0.0
15019,515.9974501113479,0.12226520611359783,500-550,0.0
15020,543.0286359366888,0.06941535174009776,500-550,0.0
15021,509.19775783598794,0.14014987272853774,500-550,0.0
15022,503.8903715238428,0.1555893094992267,500-550,0.0
15023,515.9761684537975,0.12231798454984551,500-550,0.0
15024,471.6490253617343,0.27959210504631193,450-500,0.0
15025,517.4244406640285,0.1187707683922307,500-550,0.0
15026,482.115517329729,0.23356077004228804,450-500,1.0
15027,549.5292448273173,0.060318566971761876,500-550,0.0
15028,510.0397992359508,0.13782172990691008,500-550,0.0
15029,498.23415235985345,0.17354154024544818,450-500,0.0
15030,561.9376756928237,0.045974803791541806,550-600,0.0
15031,540.0247017164302,0.07403493881231625,500-550,0.0
15032,455.74963875816246,0.359132352776717,450-500,0.0
15033,564.9528364008931,0.04301406314316803,550-600,0.0
15034,464.8305769230078,0.3123949879277646,450-500,1.0
15035,517.4325351903344,0.1187511951332995,500-550,0.0
15036,510.0898791417754,0.1376842939191924,500-550,0.0
15037,539.8378940477347,0.07433137331832312,500-550,0.0
15038,532.1237384758081,0.08756397039240385,500-550,0.0
15039,521.1720033494958,0.11000308836742487,500-550,0.0
15040,537.0861198356502,0.07882616953938823,500-550,0.0
15041,471.42448277551324,0.28063827492568416,450-500,1.0
15042,479.94274160864234,0.24266729118820146,450-500,0.0
15043,533.9234142996511,0.0842982424993879,500-550,0.0
15044,498.0816424710752,0.17404751181706443,450-500,1.0
15045,444.3910254843803,0.4214820769578364,<450,1.0
15046,522.0125164742257,0.10811617612912233,500-550,0.0
15047,520.1321149731025,0.11237747731074692,500-550,0.0
15048,482.35240490424906,0.23258242924944708,450-500,0.0
15049,518.0396392240032,0.11729110241029114,500-550,1.0
15050,523.0859692875365,0.10574773097411638,500-550,0.0
15051,475.6405614025529,0.2613990032053498,450-500,0.0
15052,496.87599787636395,0.17808842376729717,450-500,0.0
15053,517.0284338843225,0.1197317603942521,500-550,0.0
15054,470.03064494462507,0.28718541775984247,450-500,0.0
15055,507.0467112964434,0.14624686838641435,500-550,0.0
15056,439.581903178317,0.4487857537138077,<450,0.0
15057,507.62480420206373,0.14458702506812343,500-550,0.0
15058,510.1429474457184,0.13753878247007664,500-550,0.0
15059,596.168020007718,0.021384227724364314,550-600,0.0
15060,560.4339159919002,0.04752299105836904,550-600,0.0
15061,510.77087208781614,0.13582683240694968,500-550,0.0
15062,510.27668681047084,0.13717264706879925,500-550,0.0
15063,546.7342763733997,0.0640844521733131,500-550,0.0
15064,553.5560843432411,0.05525581000811917,550-600,0.0
15065,535.4111310997863,0.0816825113354554,500-550,0.0
15066,530.6552754424829,0.09031295958229661,500-550,0.0
15067,490.54244900893525,0.20052496124267946,450-500,1.0
15068,498.4788932359962,0.17273201004082445,450-500,1.0
15069,511.60151115167434,0.13358983810192113,500-550,0.0
15070,568.716798944327,0.03957312635930654,550-600,0.0
15071,456.7972176611765,0.3535808002767919,450-500,1.0
15072,485.3096757751747,0.22061022056094298,450-500,1.0
15073,489.3901017695281,0.2048273711145111,450-500,0.0
15074,514.6121081318366,0.1257419504490773,500-550,0.0
15075,533.9898836863753,0.08417976900827082,500-550,0.0
15076,493.88290993685655,0.18843710275100148,450-500,0.0
15077,515.9603878106304,0.1223571331490017,500-550,1.0
15078,541.4960290356659,0.07173794490750102,500-550,0.0
15079,590.0873876830017,0.02453070633480213,550-600,0.0
15080,543.3606397587193,0.06892146828504753,500-550,0.0
15081,566.1635382795143,0.0418771875625715,550-600,0.0
15082,481.8742448405411,0.23456015783485396,450-500,0.0
15083,574.8996044725116,0.034486880099972604,550-600,0.0
15084,496.57300142782714,0.17911544775663718,450-500,0.0
15085,471.93599284207886,0.2782585699120893,450-500,0.0
15086,531.977235497776,0.08783479295591742,500-550,0.0
15087,539.7878141419102,0.07441102763599186,500-550,0.0
15088,488.66640775364056,0.20756419732603745,450-500,1.0
15089,500.71758858191754,0.1654653826525259,500-550,0.0
15090,477.1022569768072,0.2549313244693895,450-500,0.0
15091,555.3691278527143,0.053109336023262316,550-600,0.0
15092,521.8985189970012,0.10837041775823127,500-550,0.0
15093,493.8244255316789,0.18864383855596212,450-500,0.0
15094,534.837777770367,0.08268171831836806,500-550,0.0
15095,482.0188304860448,0.23396090602358452,450-500,0.0
15096,513.5655608910305,0.12842426465144532,500-550,0.0
15097,500.472059210748,0.16625022599591852,500-550,0.0
15098,503.9164295781876,0.15551022532038353,500-550,0.0
15099,459.5925885395082,0.338962080852531,450-500,0.0
15100,501.24582855145,0.1637869187785907,500-550,1.0
15101,524.6501108372446,0.10237857901462384,500-550,0.0
15102,478.8902796592474,0.2471641908515798,450-500,0.0
15103,455.04555236669876,0.36288501791624944,450-500,1.0
15104,492.7581674102979,0.19244348063025468,450-500,1.0
15105,535.0176157077881,0.08236711592882874,500-550,0.0
15106,451.90372002505546,0.3798294051920487,450-500,0.0
15107,471.5389683734557,0.2801045750372303,450-500,0.0
15108,493.7801163886221,0.18880058227162488,450-500,0.0
15109,545.364251540088,0.06600940282418818,500-550,0.0
15110,497.3271677251154,0.17656771437602867,450-500,0.0
15111,466.34220893290683,0.3049422960064169,450-500,1.0
15112,513.4753240572365,0.12865781294358972,500-550,0.0
15113,492.33006753010505,0.1939853411029135,450-500,1.0
15114,547.5766613603823,0.06292695106080612,500-550,0.0
15115,518.2834355770343,0.11670916321177889,500-550,0.0
15116,492.97894124621365,0.1916519892333716,450-500,0.0
15117,488.42637446906184,0.20847788132159473,450-500,0.0
15118,528.332227676079,0.09482065231738962,500-550,0.0
15119,532.4150908708204,0.08702762452620968,500-550,0.0
15120,488.967011272102,0.2064241264247798,450-500,0.0
15121,554.0982451421347,0.054605521530980604,550-600,0.0
15122,509.62683894320173,0.13895942884181534,500-550,0.0
15123,517.5132032644381,0.11855628527442046,500-550,0.0
15124,502.520572986829,0.15979287337991668,500-550,0.0
15125,502.76228718838615,0.1590444891197518,500-550,0.0
15126,540.9111205647478,0.07264310592428964,500-550,0.0
15127,505.99089481511675,0.1493190994531058,500-550,0.0
15128,479.161663015295,0.24599930371799086,450-500,0.0
15129,501.00894097693,0.16453792146251953,500-550,0.0
15130,459.9368789295924,0.33718196476938067,450-500,0.0
15131,560.4339159919002,0.04752299105836904,550-600,0.0
15132,513.7188002273176,0.12802848336611994,500-550,0.0
15133,548.0176128174182,0.06232885384372635,500-550,0.0
15134,498.33430759049253,0.17320989470539216,450-500,0.0
15135,473.21073727745784,0.27238233422001373,450-500,0.0
15136,552.7870547170022,0.056190728025297655,550-600,0.0
15137,492.2909685933543,0.19412662772864622,450-500,1.0
15138,456.5571843765978,0.3548494165752351,450-500,1.0
15139,506.90035178859114,0.14666959876376862,500-550,0.0
15140,531.9366826377654,0.08790989184259833,500-550,1.0
15141,535.4111310997863,0.0816825113354554,500-550,0.0
15142,551.3529778270548,0.05797400605285317,550-600,0.0
15143,489.8450307296549,0.20312070774247376,450-500,0.0
15144,526.9338680914607,0.09763025704836983,500-550,0.0
15145,529.0971851375093,0.09331450020882154,500-550,0.0
15146,497.95492685084685,0.1744687925360347,450-500,0.0
15147,525.7436955299676,0.10007981401541569,500-550,0.0
15148,523.9440197061244,0.10388756066706993,500-550,0.0
15149,510.27668681047084,0.13717264706879925,500-550,0.0
15150,528.4226122725669,0.09464156339393735,500-550,0.0
15151,524.1829120203009,0.10337483761471034,500-550,0.0
15152,482.11113241506115,0.23357890659322306,450-500,0.0
15153,485.521516268008,0.21976979516629955,450-500,0.0
15154,552.3032793280456,0.05678646163757532,550-600,0.0
15155,463.6057689232735,0.31850578705070187,450-500,0.0
15156,545.0055385073715,0.06652221947359667,500-550,0.0
15157,476.3915819897825,0.2580627067800027,450-500,0.0
15158,543.4914498389646,0.06872777237063227,500-550,0.0
15159,498.0050067566714,0.17430220006974928,450-500,0.0
15160,540.722834227129,0.07293671657556393,500-550,1.0
15161,480.1619854541849,0.24173754824262833,450-500,0.0
15162,527.8827282495101,0.09571580762589249,500-550,0.0
15163,457.2612707680614,0.3511340513998601,450-500,1.0
15164,455.1451914998414,0.36235292957431087,450-500,0.0
15165,453.4767032254266,0.3713064966256415,450-500,1.0
15166,443.57343921913565,0.42609488544124324,<450,1.0
15167,552.1596540073588,0.0569644652744171,550-600,0.0
15168,586.2179567251899,0.026763445446521896,550-600,0.0
15169,470.857063867596,0.2832925551607013,450-500,0.0
15170,529.1742690760418,0.09316392296586037,500-550,0.0
15171,530.501597558779,0.0906050985045314,500-550,0.0
15172,585.1001892456308,0.02744442209992687,550-600,0.0
15173,544.360123037796,0.06745423391822439,500-550,0.0
15174,503.4776375273916,0.15684630392392146,500-550,0.0
15175,510.62256407804267,0.1362295466859494,500-550,0.0
15176,517.5132032644381,0.11855628527442046,500-550,1.0
15177,439.9112040121381,0.44690433593710127,<450,0.0
15178,487.3028417499265,0.21279394146927993,450-500,0.0
15179,573.9926198377734,0.03519150437624364,550-600,0.0
15180,488.967011272102,0.2064241264247798,450-500,0.0
15181,486.14927997474945,0.21729281833607642,450-500,0.0
15182,484.79112549126,0.22267715353926693,450-500,0.0
15183,502.8141290627347,0.15888434936189855,500-550,0.0
15184,485.68446133281725,0.21912491693032696,450-500,0.0
15185,539.4143518837993,0.07500751534795055,500-550,0.0
15186,476.34464779401657,0.25827038930240376,450-500,0.0
15187,485.1855526742832,0.22110371808459303,450-500,0.0
15188,476.8043159862337,0.25624106581875566,450-500,0.0
15189,504.42592088428285,0.15397054086540637,500-550,0.0
15190,492.5529896773683,0.19318128872456777,450-500,0.0
15191,483.67722924545257,0.22716370554344878,450-500,0.0
15192,474.5707988306128,0.2661991220654249,450-500,0.0
15193,445.84211052850765,0.41332920430640796,<450,0.0
15194,471.6991052675589,0.27935910270556086,450-500,1.0
15195,511.60151115167434,0.13358983810192113,500-550,0.0
15196,491.19645549457437,0.1981134432438836,450-500,1.0
15197,545.820154513113,0.06536294514869917,500-550,0.0
15198,540.7418627383776,0.07290699423095695,500-550,0.0
15199,557.1930567219428,0.05102955868501987,550-600,0.0
15200,491.15622115478743,0.1982611668257482,450-500,1.0
15201,485.4475737582972,0.22006288248011435,450-500,1.0
15202,494.52851192314256,0.1861665271619209,450-500,0.0
15203,523.9010277031772,0.10398007069655538,500-550,0.0
15204,501.57512938527117,0.16274752148459246,500-550,0.0
15205,492.0067532856282,0.19515600654083992,450-500,0.0
15206,541.4960290356659,0.07173794490750102,500-550,0.0
15207,509.43938498670894,0.13947845519973484,500-550,0.0
15208,478.71404879835535,0.24792262647261432,450-500,0.0
15209,488.59888847436315,0.20782090959367724,450-500,0.0
15210,515.0800705582747,0.12455815421236531,500-550,0.0
15211,469.74674132754194,0.2885300986057149,450-500,1.0
15212,510.0898791417754,0.1376842939191924,500-550,0.0
15213,464.7804970171832,0.3126435901678856,450-500,0.0
15214,528.176828236131,0.09512927158193434,500-550,0.0
15215,543.0286359366888,0.06941535174009776,500-550,0.0
15216,519.8952273985824,0.11292458819440754,500-550,0.0
15217,459.943533716276,0.3371476021607236,450-500,0.0
15218,534.1739357902422,0.08385250742536898,500-550,0.0
15219,491.19645549457437,0.1981134432438836,450-500,1.0
15220,580.4641237137014,0.030452882511701727,550-600,0.0
15221,472.07183122052095,0.27762869489340924,450-500,0.0
15222,519.5199771881606,0.11379601600825073,500-550,0.0
15223,482.4024848100736,0.23237596638864091,450-500,0.0
15224,542.5363900380585,0.07015363846197269,500-550,0.0
15225,511.76185179528187,0.1331616297122345,500-550,0.0
15226,505.2879087764171,0.1513940326628135,500-550,0.0
15227,514.8990756121813,0.12501487616437845,500-550,0.0
15228,572.5713724243624,0.03632362600016649,550-600,0.0
15229,535.4577996440327,0.08160166608582985,500-550,0.0
15230,495.99898920507655,0.18107377950187048,450-500,0.0
15231,475.7253870117508,0.26102078552291846,450-500,1.0
15232,514.2427687345129,0.12668305154415951,500-550,0.0
15233,536.2531724997492,0.08023498722813964,500-550,0.0
15234,490.726570164256,0.1998438349338205,450-500,0.0
15235,525.1392023207832,0.10134475891106834,500-550,1.0
15236,483.79090653972713,0.22670292616726265,450-500,0.0
15237,497.112885450884,0.1772886969134749,450-500,0.0
15238,508.20559152979064,0.14293523956311083,500-550,1.0
15239,517.6170171271888,0.11830585816070341,500-550,0.0
15240,503.56829536002294,0.15656949609741413,500-550,1.0
15241,544.6997070841071,0.06696235610940422,500-550,0.0
15242,520.5019062892777,0.11152804273544502,500-550,0.0
15243,466.1616659056648,0.3058271596254991,450-500,1.0
15244,491.24653540039895,0.1979296866791521,450-500,0.0
15245,530.0039034360149,0.09155705350561245,500-550,0.0
15246,525.7436955299676,0.10007981401541569,500-550,0.0
15247,499.3947743326501,0.16972905420953244,450-500,0.0
15248,505.43865621433685,0.1509471005636626,500-550,0.0
15249,555.1526004891638,0.05336148594789316,550-600,0.0
15250,474.93992706233746,0.2645364807762707,450-500,0.0
15251,507.5598314008416,0.14477279381340635,500-550,1.0
15252,494.23532326383395,0.18719504332564954,450-500,0.0
15253,513.330700936554,0.1290328771857014,500-550,0.0
15254,521.5106588088748,0.10923937534867845,500-550,0.0
15255,511.65159105749893,0.13345596894341272,500-550,0.0
15256,495.99568062400823,0.18108511542567313,450-500,0.0
15257,552.1596540073588,0.0569644652744171,550-600,0.0
15258,497.8381455801474,0.1748577570865327,450-500,0.0
15259,533.3163102659823,0.08538735451447357,500-550,0.0
15260,516.010467716455,0.1222329321610108,500-550,0.0
15261,536.4155233735551,0.07995860144025488,500-550,0.0
15262,583.7550254143046,0.028286278860441962,550-600,0.0
15263,473.49770475780247,0.27107024750860276,450-500,1.0
15264,530.6552754424829,0.09031295958229661,500-550,0.0
15265,496.4630375836149,0.17948932000122253,450-500,0.0
15266,497.3481358468596,0.1764972880766629,450-500,0.0
15267,549.245954064442,0.0606906315977768,500-550,0.0
15268,498.77367338581234,0.171760934853006,450-500,0.0
15269,476.39817058534356,0.2580335611458198,450-500,1.0
15270,478.8902796592474,0.2471641908515798,450-500,0.0
15271,474.0284135187434,0.268654201764147,450-500,0.0
15272,541.4960290356659,0.07173794490750102,500-550,0.0
15273,463.55568901744897,0.3187569978903057,450-500,1.0
15274,481.9218008825225,0.23436293893761898,450-500,0.0
15275,584.1431247050681,0.02804085025332987,550-600,0.0
15276,501.4866182081564,0.16302637275722615,500-550,0.0
15277,533.7985036015958,0.08452129005053774,500-550,0.0
15278,516.6627573651222,0.12062510837804859,500-550,0.0
15279,573.4783570591004,0.0355971700904783,550-600,0.0
15280,538.5335827125922,0.07643170087482212,500-550,0.0
15281,494.81350361390696,0.18517094882099794,450-500,0.0
15282,554.1608400502337,0.05453090877252505,550-600,1.0
15283,529.740457484383,0.09206458724872205,500-550,1.0
15284,507.5335177378109,0.14484808562896198,500-550,0.0
15285,517.6044378982277,0.11833617825952131,500-550,0.0
15286,496.39393559220747,0.1797245755222586,450-500,0.0
15287,500.4219793049234,0.16641067365410234,500-550,0.0
15288,489.40174582305247,0.2047835560632964,450-500,0.0
15289,452.4269934486502,0.37698561970199235,450-500,0.0
15290,571.4214969847626,0.03726515300434954,550-600,0.0
15291,478.26954170950756,0.24984254838040595,450-500,1.0
15292,445.2831467901677,0.4164643574054913,<450,1.0
15293,501.28698327941504,0.163656727689966,500-550,0.0
15294,501.63392784221367,0.16256249156538102,500-550,0.0
15295,470.3602588081278,0.2856289388682282,450-500,0.0
15296,530.9343005941951,0.0897847058201043,500-550,0.0
15297,543.0715786169648,0.06935128697606935,500-550,0.0
15298,459.943533716276,0.3371476021607236,450-500,0.0
15299,564.7267197280762,0.04322963394418581,550-600,0.0
15300,529.1742690760418,0.09316392296586037,500-550,0.0
15301,540.0247017164302,0.07403493881231625,500-550,0.0
15302,511.48630947765776,0.13389821615844383,500-550,0.0
15303,530.4155235820524,0.09076909509523258,500-550,0.0
15304,538.4136305519662,0.07662756940673215,500-550,1.0
15305,499.4901717414824,0.1694186692956276,450-500,0.0
15306,505.9210161346498,0.1495242991967075,500-550,1.0
15307,541.4459491298413,0.07181503568991837,500-550,0.0
15308,510.55591231947744,0.1364108596044787,500-550,0.0
15309,535.7903585974734,0.08102767271644422,500-550,0.0
15310,482.9731428539889,0.23003236423347603,450-500,0.0
15311,486.5953124729604,0.2155451938837073,450-500,0.0
15312,583.143240813595,0.028677403430710523,550-600,0.0
15313,549.0634178580838,0.060931504691670184,500-550,0.0
15314,481.4615108440899,0.2362766316173662,450-500,1.0
15315,479.8926617028178,0.2428800046382283,450-500,0.0
15316,485.8657808813598,0.2184089205924232,450-500,0.0
15317,526.3210163337865,0.09888484979997705,500-550,0.0
15318,438.8277368810288,0.45310002612580375,<450,1.0
15319,471.6991052675589,0.27935910270556086,450-500,0.0
15320,553.6779487771614,0.05510900882046147,550-600,0.0
15321,490.7793365834553,0.19964895443150374,450-500,0.0
15322,541.3593615521194,0.07194850510241518,500-550,1.0
15323,478.0326541349875,0.2508697584415822,450-500,0.0
15324,532.6499508252971,0.08659744005041717,500-550,0.0
15325,571.1939640358006,0.03745421963116294,550-600,0.0
15326,541.4960290356659,0.07173794490750102,500-550,0.0
15327,472.368695877495,0.2762552098445127,450-500,0.0
15328,541.4960290356659,0.07173794490750102,500-550,0.0
15329,495.99568062400823,0.18108511542567313,450-500,0.0
15330,564.1395564286111,0.04379423963188096,550-600,0.0
15331,568.2815976185515,0.03995707288090078,550-600,0.0
15332,554.398125743204,0.05424893716827019,550-600,0.0
15333,482.3187591600232,0.2327212112863437,450-500,0.0
15334,526.708138906508,0.0980906961868875,500-550,0.0
15335,505.55881212446707,0.15059164284769716,500-550,0.0
15336,541.4459491298413,0.07181503568991837,500-550,0.0
15337,488.84034294177565,0.20690396389420093,450-500,0.0
15338,502.95875218341723,0.15843829928242936,500-550,0.0
15339,510.6488428801153,0.1361581162171478,500-550,0.0
15340,490.2437872230153,0.201633507714113,450-500,0.0
15341,528.2821477702545,0.09492001170235922,500-550,0.0
15342,456.7972176611765,0.3535808002767919,450-500,1.0
15343,528.4201027787536,0.09464653163891058,500-550,0.0
15344,502.6253815147173,0.1594680204863705,500-550,0.0
15345,517.6545178040523,0.11821550904930644,500-550,0.0
15346,471.5389683734557,0.2801045750372303,450-500,1.0
15347,520.1071685767719,0.11243498377221096,500-550,0.0
15348,540.598111932964,0.0731318080930549,500-550,0.0
15349,474.16367509602725,0.2680406081578226,450-500,0.0
15350,598.3310240240851,0.020363021822660657,550-600,0.0
15351,524.4790910423505,0.10274227223860219,500-550,0.0
15352,515.328470066529,0.12393367437112784,500-550,0.0
15353,491.3911210459026,0.19739988377851125,450-500,0.0
15354,505.9442156540855,0.14945614771695878,500-550,0.0
15355,550.8222729616047,0.058647305584772845,550-600,0.0
15356,498.89162723244743,0.17137358104845093,450-500,0.0
15357,504.24262554616007,0.15452301887567296,500-550,0.0
15358,525.7706819903692,0.1000236714415049,500-550,0.0
15359,469.9893976965268,0.28738054872949603,450-500,1.0
15360,489.00980239560425,0.20626221379225831,450-500,0.0
15361,553.728028682986,0.05504878775135385,550-600,0.0
15362,482.4024848100736,0.23237596638864091,450-500,0.0
15363,537.7263455428284,0.07775872791900713,500-550,0.0
15364,517.6545178040523,0.11821550904930644,500-550,0.0
15365,480.6624121244031,0.2396245040763931,450-500,0.0
15366,530.7068759770648,0.0902150583037995,500-550,0.0
15367,529.4750742219618,0.09257840796105621,500-550,0.0
15368,443.3233340722215,0.42750858641638206,<450,0.0
15369,470.41943680332673,0.2853500294568294,450-500,0.0
15370,527.4169233805833,0.09665139939191689,500-550,0.0
15371,495.59757982178553,0.18245313257331217,450-500,0.0
15372,518.6384377535595,0.11586625894068431,500-550,1.0
15373,506.1461854913029,0.1488639174682742,500-550,1.0
15374,522.1678427483683,0.10777060514430645,500-550,0.0
15375,501.379043845486,0.16336579968880627,500-550,0.0
15376,458.535303907972,0.34445703127042926,450-500,1.0
15377,516.1705114664918,0.12183674198834056,500-550,0.0
15378,511.5366978321539,0.13376325991186497,500-550,0.0
15379,452.6956246320793,0.3755289850717241,450-500,0.0
15380,562.5778445128875,0.0453303914772603,550-600,0.0
15381,545.3171875783586,0.06607647555001693,500-550,0.0
15382,482.72863122880295,0.23103450066289608,450-500,0.0
15383,480.67329502519397,0.23957869202057358,450-500,0.0
15384,517.1806443109974,0.11936159811887717,500-550,0.0
15385,515.6121154909374,0.12322387483609647,500-550,0.0
15386,523.3990450524685,0.10506563404654387,500-550,0.0
15387,521.3705794881091,0.10955470707975871,500-550,0.0
15388,521.2314378808783,0.10986871789860876,500-550,0.0
15389,501.5719749701794,0.1627574527490824,500-550,0.0
15390,492.04854408803334,0.19500438856405913,450-500,0.0
15391,504.9926237161259,0.15227263626001225,500-550,0.0
15392,521.4206593939336,0.10944188092575939,500-550,0.0
15393,582.3379366192635,0.029200257215339684,550-600,0.0
15394,520.24038400907,0.11212819300917037,500-550,0.0
15395,459.8603319986799,0.33757734559860453,450-500,1.0
15396,530.5665407935542,0.09048153890607272,500-550,0.0
15397,474.93992706233746,0.2645364807762707,450-500,1.0
15398,533.3163102659823,0.08538735451447357,500-550,0.0
15399,500.81209432159665,0.16516408440906225,500-550,0.0
15400,504.37584097845826,0.15412132814407914,500-550,0.0
15401,467.9800715638636,0.2969811646172435,450-500,1.0
15402,459.8603319986799,0.33757734559860453,450-500,1.0
15403,566.5809743769877,0.04149190900867879,550-600,0.0
15404,505.1300072757465,0.15186334018550382,500-550,0.0
15405,455.74963875816246,0.359132352776717,450-500,1.0
15406,461.524091771407,0.32903559312673125,450-500,0.0
15407,520.7095330342397,0.11105357587066929,500-550,0.0
15408,473.2610209327868,0.2721521379203977,450-500,0.0
15409,483.15395542824126,0.2292932627342921,450-500,0.0
15410,473.9371788849538,0.26906857531825595,450-500,0.0
15411,536.7416578984597,0.07940601648048584,500-550,0.0
15412,497.0943523411582,0.1773511625294019,450-500,0.0
15413,492.10416092465886,0.1948027478855907,450-500,0.0
15414,502.7583105986507,0.15905677822446182,500-550,0.0
15415,504.75373140194944,0.1529865038984439,500-550,1.0
15416,497.5139753938109,0.1759410549565922,450-500,1.0
15417,485.20630126910936,0.22102116933434993,450-500,0.0
15418,509.24783774181253,0.14001049212674818,500-550,1.0
15419,504.9153665854272,0.15250319966876255,500-550,0.0
15420,483.32589976798613,0.22859196060560324,450-500,1.0
15421,547.0623985817092,0.06363124766980277,500-550,1.0
15422,538.8865947467484,0.07585793321648743,500-550,0.0
15423,542.3741549854047,0.0703985504859996,500-550,0.0
15424,527.6281412846154,0.09622615013033037,500-550,0.0
15425,520.0933309111965,0.1124668934550829,500-550,0.0
15426,484.02086522718287,0.2257728332670972,450-500,0.0
15427,535.043060907925,0.08232269104778141,500-550,0.0
15428,522.9980846759095,0.10593990550033533,500-550,0.0
15429,574.9635220439114,0.03443773977595815,550-600,0.0
15430,520.9444704005338,0.11051883002250962,500-550,0.0
15431,484.2401090727254,0.22488859784740758,450-500,1.0
15432,561.8510047869413,0.04606271660208005,550-600,0.0
15433,515.0800705582747,0.12455815421236531,500-550,1.0
15434,531.3569226910096,0.0889898958165934,500-550,0.0
15435,470.857063867596,0.2832925551607013,450-500,0.0
15436,455.74963875816246,0.359132352776717,450-500,1.0
15437,491.19645549457437,0.1981134432438836,450-500,0.0
15438,536.1618860354963,0.0803907758656047,500-550,0.0
15439,537.934013919642,0.07741533727188608,500-550,0.0
15440,513.7688801331421,0.12789936450741216,500-550,0.0
15441,479.5854695887952,0.24418756639261213,450-500,0.0
15442,545.4875650764845,0.06583396376142461,500-550,0.0
15443,624.1456904008328,0.011318799562112715,600-650,0.0
15444,554.1398651591097,0.05455590000944263,550-600,0.0
15445,497.437403396102,0.17619770929040185,450-500,1.0
15446,482.115517329729,0.23356077004228804,450-500,0.0
15447,578.4852982391383,0.03183217596269872,550-600,0.0
15448,471.93599284207886,0.2782585699120893,450-500,1.0
15449,538.936674652573,0.07577685684197154,500-550,0.0
15450,529.8485992621789,0.09185594482763372,500-550,0.0
15451,479.1115831094704,0.24621398834404523,450-500,0.0
15452,529.8883475443924,0.09177936369297676,500-550,1.0
15453,495.187991535393,0.18386899002738516,450-500,0.0
15454,518.6720834977854,0.11578664674457469,500-550,0.0
15455,533.9267228807195,0.08429234178283042,500-550,0.0
15456,502.8141290627347,0.15888434936189855,500-550,1.0
15457,543.0304143800474,0.06941269745253129,500-550,0.0
15458,541.6943486380956,0.07143340990837571,500-550,0.0
15459,539.2993287431996,0.0751921116305118,500-550,0.0
15460,518.6419556085618,0.1158579328040954,500-550,0.0
15461,521.2314378808783,0.10986871789860876,500-550,0.0
15462,511.60151115167434,0.13358983810192113,500-550,0.0
15463,533.3163102659823,0.08538735451447357,500-550,0.0
15464,551.2584346121969,0.058093418649075905,550-600,0.0
15465,558.0802425820384,0.05004600142249446,550-600,0.0
15466,543.0286359366888,0.06941535174009776,500-550,0.0
15467,504.28984116607415,0.15438054961081227,500-550,0.0
15468,517.4056701400027,0.11881616787114047,500-550,0.0
15469,520.1525089063955,0.1123304842784642,500-550,0.0
15470,516.1353610807404,0.12192366228905685,500-550,1.0
15471,471.88591293625433,0.27849100906786617,450-500,0.0
15472,506.94356308667585,0.14654468634167375,500-550,0.0
15473,561.9010846927658,0.04601189960710599,550-600,0.0
15474,457.55482684396713,0.3495902790301484,450-500,1.0
15475,474.59298249953883,0.2660990136983959,450-500,0.0
15476,487.85642299226834,0.21065925102697308,450-500,0.0
15477,503.56829536002294,0.15656949609741413,500-550,0.0
15478,541.5098667012412,0.07171665728787763,500-550,0.0
15479,498.3254388241063,0.17323924175667454,450-500,1.0
15480,524.1829120203009,0.10337483761471034,500-550,0.0
15481,447.77545961357595,0.40254085596690364,<450,1.0
15482,492.05408101883427,0.19498430715168466,450-500,0.0
15483,533.8733343938266,0.08438760373751561,500-550,0.0
15484,514.0141858942357,0.1272685076474868,500-550,0.0
15485,452.4269934486502,0.37698561970199235,450-500,0.0
15486,568.2815976185515,0.03995707288090078,550-600,0.0
15487,517.1308845881227,0.11948250038819928,500-550,0.0
15488,468.44273222418076,0.294754180969961,450-500,0.0
15489,545.5540751528786,0.06573951941051477,500-550,1.0
15490,469.37663845898595,0.29028866073662385,450-500,1.0
15491,551.6465339029605,0.057604697201198776,550-600,0.0
15492,580.4641237137014,0.030452882511701727,550-600,0.0
15493,502.8141290627347,0.15888434936189855,500-550,0.0
15494,504.1456161638419,0.15481607389352145,500-550,0.0
15495,525.9890012910611,0.09957050894960959,500-550,0.0
15496,494.7653994976626,0.18533870470066321,450-500,1.0
15497,517.9691109567354,0.11745992121695677,500-550,0.0
15498,475.07065973076527,0.26394922684259636,450-500,1.0
15499,497.84327622763203,0.17484065404431076,450-500,0.0
15500,483.1334834975964,0.2293768613453869,450-500,0.0
15501,573.3524510177098,0.03569717274639758,550-600,0.0
15502,510.0397992359508,0.13782172990691008,500-550,1.0
15503,509.392460862495,0.1396086336214881,500-550,0.0
15504,474.5707988306128,0.2661991220654249,450-500,1.0
15505,504.9501708156263,0.15239929575740055,500-550,0.0
15506,534.8538114578314,0.08265362519529731,500-550,0.0
15507,500.5459007783564,0.1660138759120871,500-550,0.0
15508,526.5941414292835,0.0983239613383115,500-550,0.0
15509,513.330700936554,0.1290328771857014,500-550,0.0
15510,505.11963421744747,0.1518942122764003,500-550,0.0
15511,470.80698396177144,0.28352754747144293,450-500,0.0
15512,531.1463652400123,0.08938508687311811,500-550,0.0
15513,502.0912655833174,0.16112910211213957,500-550,0.0
15514,566.436388731484,0.04162497096460985,550-600,0.0
15515,472.0128548527805,0.2779020571903426,450-500,0.0
15516,561.8737581214239,0.04603962176038349,550-600,0.0
15517,536.0648861621305,0.08055661741273135,500-550,1.0
15518,503.51821545419836,0.15672235711049726,500-550,0.0
15519,476.7542360804091,0.2564616483416851,450-500,0.0
15520,479.5943660507111,0.24414963172599574,450-500,0.0
15521,482.4024848100736,0.23237596638864091,450-500,0.0
15522,490.4044940004361,0.2010364421390757,450-500,1.0
15523,477.3285677435239,0.2539394155930716,450-500,1.0
15524,495.94560071818364,0.18125676766391355,450-500,1.0
15525,533.9267228807195,0.08429234178283042,500-550,0.0
15526,523.9440197061244,0.10388756066706993,500-550,0.0
15527,448.5296829362408,0.3983570222733846,<450,1.0
15528,479.6767042225848,0.2437987297095585,450-500,1.0
15529,445.5200343646877,0.4151348458659417,<450,0.0
15530,568.6346096527077,0.03964536405188542,550-600,0.0
15531,549.6895854709248,0.060108927932402606,500-550,0.0
15532,535.1546166037514,0.08212818282022653,500-550,0.0
15533,530.7359809917655,0.09015987977327969,500-550,0.0
15534,585.5632294442044,0.02716030511551875,550-600,0.0
15535,511.7231970521778,0.13326475531690135,500-550,1.0
15536,409.215448633836,0.6215273543827273,<450,0.0
15537,453.5059224231331,0.3711489147495225,450-500,0.0
15538,560.3532104426176,0.04760746686140311,550-600,0.0
15539,518.8401015205714,0.11538979545499571,500-550,0.0
15540,566.436388731484,0.04162497096460985,550-600,0.0
15541,436.06080156557493,0.46898406650895413,<450,0.0
15542,473.21073727745784,0.27238233422001373,450-500,0.0
15543,491.4333430690944,0.19724537216093868,450-500,0.0
15544,523.6930462966819,0.10442863315222857,500-550,0.0
15545,521.1813579750537,0.1099819297452015,500-550,1.0
15546,418.2963867986814,0.5710709411442534,<450,0.0
15547,548.4836459951204,0.06170250732081564,500-550,0.0
15548,547.1254915116309,0.06354444641544048,500-550,0.0
15549,589.8727469926823,0.024649656292156263,550-600,0.0
15550,474.5429025937143,0.26632504362969467,450-500,0.0
15551,507.7806690409469,0.1441421874183523,500-550,0.0
15552,473.2608171832824,0.2721530704306045,450-500,0.0
15553,563.2488661179563,0.044664161803773576,550-600,0.0
15554,570.6835828708485,0.03788167548408663,550-600,0.0
15555,468.02131881196186,0.29678222970796575,450-500,0.0
15556,506.32955027449594,0.14832792048880888,500-550,0.0
15557,513.4219355703435,0.12879616182430548,500-550,0.0
15558,483.9707853213583,0.2259751564164749,450-500,0.0
15559,508.216183396404,0.14290526231849932,500-550,0.0
15560,512.8175808321558,0.13037111878468968,500-550,1.0
15561,532.1669074523818,0.08748431316690494,500-550,0.0
15562,526.1856072894373,0.09916398006477523,500-550,0.0
15563,461.86736033654023,0.32728699565225255,450-500,1.0
15564,501.6074153468499,0.16264590141413673,500-550,0.0
15565,570.0946411280247,0.03838075189137816,550-600,0.0
15566,552.7186177456987,0.05627464477904766,550-600,0.0
15567,484.23288440272415,0.22491769655677632,450-500,0.0
15568,497.7903660663521,0.17501709367914686,450-500,1.0
15569,454.1922101986007,0.3674556454314672,450-500,0.0
15570,521.0947703973319,0.11017791292991086,500-550,0.0
15571,477.90285525918097,0.25143379214074024,450-500,0.0
15572,477.9359672913033,0.2512898256882049,450-500,0.0
15573,511.91361214151294,0.13275740670223718,500-550,0.0
15574,506.1427426058005,0.14887399669843782,500-550,0.0
15575,465.6882024472677,0.3081544655562953,450-500,0.0
15576,556.2111692526772,0.05213941767912884,550-600,0.0
15577,547.9675329115937,0.06239651311998127,500-550,0.0
15578,464.19881260229715,0.31553900997269196,450-500,0.0
15579,501.00894097693,0.16453792146251953,500-550,0.0
15580,464.7804970171832,0.3126435901678856,450-500,1.0
15581,572.5713724243624,0.03632362600016649,550-600,0.0
15582,556.8185688004567,0.051450192513483727,550-600,0.0
15583,512.5636588554578,0.13103771279857243,500-550,0.0
15584,539.4190914600003,0.07499991792178445,500-550,0.0
15585,539.7878141419102,0.07441102763599186,500-550,0.0
15586,503.9549013000713,0.15539352657622799,500-550,0.0
15587,524.7923962289811,0.10207686248332687,500-550,0.0
15588,571.1939640358006,0.03745421963116294,550-600,0.0
15589,458.6955990813037,0.34362121607673224,450-500,0.0
15590,459.56415297663034,0.33910930853016974,450-500,1.0
15591,547.8271828509734,0.06258649522155492,500-550,0.0
15592,464.8305769230078,0.3123949879277646,450-500,0.0
15593,538.8865947467484,0.07585793321648743,500-550,0.0
15594,513.330700936554,0.1290328771857014,500-550,0.0
15595,552.6420708147862,0.05636864550759541,550-600,0.0
15596,477.5701948942449,0.25288318961841844,450-500,0.0
15597,544.9213766681434,0.06664307213883637,500-550,0.0
15598,495.48256051961005,0.18284987195382998,450-500,0.0
15599,520.9444704005338,0.11051883002250962,500-550,1.0
15600,518.1789154099883,0.11695834422555806,500-550,0.0
15601,477.1523368826318,0.25471160728014114,450-500,0.0
15602,542.6514131786581,0.06998047560935135,500-550,0.0
15603,549.6895854709248,0.060108927932402606,500-550,0.0
15604,454.0428041893151,0.3682583699036155,450-500,0.0
15605,507.096791202268,0.1461024545467195,500-550,0.0
15606,475.3919795224575,0.26250940935718853,450-500,0.0
15607,525.693615624143,0.10018407436055912,500-550,0.0
15608,477.1022569768072,0.2549313244693895,450-500,0.0
15609,490.7292566776307,0.19983390947406693,450-500,1.0
15610,503.51821545419836,0.15672235711049726,500-550,0.0
15611,503.04833012387996,0.15816253097528812,500-550,1.0
15612,497.3775560796115,0.17639851061247694,450-500,0.0
15613,550.0779768554922,0.05960394533995754,550-600,0.0
15614,458.56097357846005,0.34432311891697515,450-500,0.0
15615,522.5061823162573,0.10702122522008904,500-550,0.0
15616,445.23306688434315,0.4167455830161284,<450,1.0
15617,479.2726029165728,0.2455241712541589,450-500,1.0
15618,497.1629653567086,0.17711998955122618,450-500,0.0
15619,477.1523368826318,0.25471160728014114,450-500,0.0
15620,478.53421233823514,0.24869818599616336,450-500,0.0
15621,491.19645549457437,0.1981134432438836,450-500,0.0
15622,538.6361876978494,0.07626452287232179,500-550,0.0
15623,548.5070585185626,0.061671196616827205,500-550,0.0
15624,483.0735064151424,0.22962190531724005,450-500,0.0
15625,558.9222839820012,0.04912912507930897,550-600,0.0
15626,534.4125164137756,0.08343000946727129,500-550,0.0
15627,449.75709963841376,0.39158016284612224,<450,0.0
15628,453.83522325695424,0.3693748666217506,450-500,1.0
15629,530.6859010859408,0.09025484225807442,500-550,0.0
15630,490.54244900893525,0.20052496124267946,450-500,1.0
15631,491.1061412489629,0.1984451549935639,450-500,0.0
15632,479.1115831094704,0.24621398834404523,450-500,0.0
15633,459.1666186655153,0.34117082770964274,450-500,0.0
15634,482.02419017580615,0.23393871262676205,450-500,1.0
15635,537.4609622804072,0.0781995830855386,500-550,0.0
15636,524.8869984117646,0.10187669473967062,500-550,0.0
15637,547.0623985817092,0.06363124766980277,500-550,0.0
15638,524.5506718209418,0.10258990848745304,500-550,0.0
15639,498.23415235985345,0.17354154024544818,450-500,0.0
15640,571.2440439416253,0.037412527179575904,550-600,0.0
15641,478.0326541349875,0.2508697584415822,450-500,0.0
15642,484.02086522718287,0.2257728332670972,450-500,0.0
15643,487.0644614981301,0.2137180194134826,450-500,0.0
15644,534.245490463471,0.08372558894348703,500-550,0.0
15645,522.7430698907773,0.10649928189284039,500-550,0.0
15646,516.010467716455,0.1222329321610108,500-550,0.0
15647,464.8305769230078,0.3123949879277646,450-500,1.0
15648,471.5890482792803,0.2798713115360733,450-500,0.0
15649,536.525784111338,0.07977138975956462,500-550,0.0
15650,540.7919426442022,0.07282882324481306,500-550,0.0
15651,494.4873571951776,0.18631063601927347,450-500,0.0
15652,453.5532501563392,0.37089373001570247,450-500,0.0
15653,471.5890482792803,0.2798713115360733,450-500,0.0
15654,481.0667695729822,0.23792637513863435,450-500,0.0
15655,541.8360641465146,0.07121652634989122,500-550,0.0
15656,510.35124903516345,0.13696887577441014,500-550,0.0
15657,476.17305811580485,0.2590305955553497,450-500,0.0
15658,541.4960290356659,0.07173794490750102,500-550,0.0
15659,464.1264905315441,0.31590001279907975,450-500,1.0
15660,522.4116391013994,0.10723016369716656,500-550,0.0
15661,479.1115831094704,0.24621398834404523,450-500,1.0
15662,491.9388793448177,0.19540244499855625,450-500,0.0
15663,481.14387292345043,0.2376035152095089,450-500,0.0
15664,524.1852921953124,0.10336974044154824,500-550,0.0
15665,603.6905548379083,0.01803408661992593,600-650,0.0
15666,505.07992736992196,0.15201243461758238,500-550,0.0
15667,551.2584346121969,0.058093418649075905,550-600,0.0
15668,504.37584097845826,0.15412132814407914,500-550,0.0
15669,484.8677612056638,0.22237081672545664,450-500,0.0
15670,492.63722752122845,0.1928781139491196,450-500,0.0
15671,537.9840938254665,0.077332735645695,500-550,0.0
15672,547.9675329115937,0.06239651311998127,500-550,0.0
15673,492.36150144163213,0.19387180919011068,450-500,0.0
15674,593.8068657852879,0.0225561912347935,550-600,0.0
15675,510.4713898369779,0.13664107847013945,500-550,1.0
15676,517.5721796321786,0.11841396208954177,500-550,1.0
15677,494.08594781188657,0.1877207370672576,450-500,0.0
15678,502.09269657845,0.16112463315065118,500-550,0.0
15679,510.7594697517115,0.13585775857142243,500-550,0.0
15680,523.9800137770266,0.10381016473030741,500-550,0.0
15681,479.6777715178116,0.2437941834432638,450-500,0.0
15682,483.9707853213583,0.2259751564164749,450-500,0.0
15683,528.2269081419556,0.09502971614911096,500-550,0.0
15684,515.5080450920032,0.12348389583949985,500-550,1.0
15685,496.67341266277117,0.1787745860170482,450-500,0.0
15686,556.2612491585018,0.052082262801267216,550-600,0.0
15687,493.08484173816805,0.19127321002416042,450-500,1.0
15688,530.2823081497542,0.09102343703057539,500-550,0.0
15689,477.6918273512524,0.25235259802140875,450-500,1.0
15690,539.8378940477347,0.07433137331832312,500-550,0.0
15691,536.1618860354963,0.0803907758656047,500-550,0.0
15692,493.3283386290959,0.1904044520725764,450-500,0.0
15693,504.63786206247227,0.15333373576796236,500-550,0.0
15694,473.3826533897943,0.27159581396400784,450-500,0.0
15695,470.4600393989728,0.2851587616709289,450-500,0.0
15696,503.51821545419836,0.15672235711049726,500-550,0.0
15697,498.23415235985345,0.17354154024544818,450-500,0.0
15698,452.74570453790386,0.3752576781551325,450-500,1.0
15699,540.8057803097776,0.07280723730615406,500-550,0.0
15700,459.89345381045143,0.33740623663460706,450-500,1.0
15701,471.6991052675589,0.27935910270556086,450-500,1.0
15702,456.7972176611765,0.3535808002767919,450-500,0.0
15703,530.3160044258534,0.09095904179336795,500-550,0.0
15704,522.4116391013994,0.10723016369716656,500-550,0.0
15705,563.621349299786,0.044298377625615844,550-600,0.0
15706,468.30899285942826,0.2953969266036876,450-500,0.0
15707,454.0428916337678,0.36825789987047725,450-500,0.0
15708,486.8646625533383,0.2144947857928517,450-500,0.0
15709,548.0176128174182,0.06232885384372635,500-550,0.0
15710,548.0815303888182,0.06224259900507613,500-550,0.0
15711,510.9968637765134,0.13521510632683958,500-550,0.0
15712,476.6316152743612,0.2570022702525505,450-500,0.0
15713,553.2328805243717,0.055646935038916656,550-600,0.0
15714,529.4526445477468,0.09262195290002043,500-550,0.0
15715,556.3421563352429,0.05199005065480812,550-600,0.0
15716,479.1115831094704,0.24621398834404523,450-500,0.0
15717,531.8392804892767,0.08809050567192045,500-550,0.0
15718,602.7312238064455,0.018430830077244352,600-650,0.0
15719,542.6514131786581,0.06998047560935135,500-550,0.0
15720,478.0326541349875,0.2508697584415822,450-500,0.0
15721,510.0397992359508,0.13782172990691008,500-550,0.0
15722,541.4062687233619,0.07187617221075522,500-550,0.0
15723,481.45437361854135,0.2363063900028034,450-500,0.0
15724,479.5943660507111,0.24414963172599574,450-500,0.0
15725,491.19645549457437,0.1981134432438836,450-500,0.0
15726,528.5341002559782,0.09442107727940485,500-550,0.0
15727,432.11934543058084,0.4917116944774182,<450,0.0
15728,476.4515590722365,0.25779746841533924,450-500,0.0
15729,503.56829536002294,0.15656949609741413,500-550,0.0
15730,539.8378940477347,0.07433137331832312,500-550,0.0
15731,542.3035746541012,0.0705053459172238,500-550,0.0
15732,566.0157993113643,0.042014363271853726,550-600,0.0
15733,448.5239685849463,0.398388666049183,<450,1.0
15734,513.9792552122984,0.12735817689197573,500-550,0.0
15735,577.8994175495789,0.03225201688652869,550-600,0.0
15736,482.4937194438632,0.23200016479602484,450-500,0.0
15737,520.24038400907,0.11212819300917037,500-550,0.0
15738,501.4866182081564,0.16302637275722615,500-550,0.0
15739,520.9444704005338,0.11051883002250962,500-550,0.0
15740,471.52808547266477,0.2801552814052239,450-500,0.0
15741,494.437277289353,0.18648611358952003,450-500,0.0
15742,516.010467716455,0.1222329321610108,500-550,0.0
15743,517.491474082896,0.11860875996798217,500-550,0.0
15744,545.9601463894262,0.0651656251274443,500-550,0.0
15745,553.6712860172577,0.05511702546121333,550-600,0.0
15746,534.0727897515985,0.08403221107829548,500-550,0.0
15747,555.0052297768727,0.053533747370803,550-600,0.0
15748,516.4673761234659,0.1211047783374104,500-550,0.0
15749,471.67270859334724,0.2794819013530063,450-500,0.0
15750,553.731201417568,0.0550449746273467,550-600,0.0
15751,539.7878141419102,0.07441102763599186,500-550,0.0
15752,519.9519238514491,0.11279343196150068,500-550,0.0
15753,507.5598314008416,0.14477279381340635,500-550,0.0
15754,525.1906511971805,0.10123654858739338,500-550,0.0
15755,516.9970947619215,0.11980809738167274,500-550,0.0
15756,552.1596540073588,0.0569644652744171,550-600,0.0
15757,511.91361214151294,0.13275740670223718,500-550,0.0
15758,537.3678255113008,0.0783548435652977,500-550,0.0
15759,490.4923691031107,0.20071052430413727,450-500,0.0
15760,514.5391403972194,0.12592740133425612,500-550,0.0
15761,489.1532141950081,0.2057202591643524,450-500,0.0
15762,512.0572374621999,0.1323758094513177,500-550,0.0
15763,515.0800705582747,0.12455815421236531,500-550,0.0
15764,489.81958552951795,0.20321588487468892,450-500,1.0
15765,518.0851218257787,0.11718234536245223,500-550,0.0
15766,491.8127238087401,0.1958611195778794,450-500,0.0
15767,489.5945092390639,0.204059223703973,450-500,1.0
15768,570.7503326293178,0.03782550578815876,550-600,0.0
15769,511.81193170110646,0.1330281237731068,500-550,0.0
15770,507.2763809703419,0.14558554902311963,500-550,0.0
15771,556.8185688004567,0.051450192513483727,550-600,1.0
15772,528.4421915202912,0.0946028088145588,500-550,0.0
15773,536.6637391198371,0.07953771980523652,500-550,0.0
15774,469.9969992003992,0.2873445818672995,450-500,1.0
15775,535.4851262153747,0.08155436133731031,500-550,0.0
15776,522.0135382991766,0.10811389958718226,500-550,0.0
15777,511.18855085892534,0.13469806105225843,500-550,0.0
15778,574.8996044725116,0.034486880099972604,550-600,0.0
15779,574.8996044725116,0.034486880099972604,550-600,0.0
15780,489.5444293332393,0.2042472217723306,450-500,0.0
15781,491.24653540039895,0.1979296866791521,450-500,0.0
15782,479.5051145443731,0.2445303824206007,450-500,0.0
15783,511.2534940937005,0.1345232660244981,500-550,0.0
15784,502.7583105986507,0.15905677822446182,500-550,0.0
15785,560.2892928712176,0.04767447162762067,550-600,0.0
15786,451.6166956575964,0.38139279536179604,450-500,0.0
15787,527.0432328136972,0.09740787032800692,500-550,0.0
15788,461.46322735831217,0.3293461308480805,450-500,1.0
15789,490.3544140946115,0.20122235938723365,450-500,0.0
15790,484.19002916690084,0.22509035897396545,450-500,1.0
15791,511.81193170110646,0.1330281237731068,500-550,0.0
15792,493.34338891089766,0.1903508542321452,450-500,0.0
15793,522.3615591955747,0.10734098456780895,500-550,0.0
15794,518.3335154828588,0.1165899336977694,500-550,0.0
15795,490.35915367081253,0.20120475861822615,450-500,0.0
15796,557.4953341111202,0.050692408857645546,550-600,0.0
15797,489.70040760897245,0.20366210907067148,450-500,0.0
15798,506.4777887009369,0.1478957679105469,500-550,0.0
15799,501.42167497338124,0.16323121868251714,500-550,0.0
15800,516.7706856016842,0.12036084305644006,500-550,0.0
15801,464.8305769230078,0.3123949879277646,450-500,1.0
15802,575.1855000766193,0.03426760526408548,550-600,0.0
15803,551.6966138087851,0.05754191501749331,550-600,0.0
15804,534.8780221817059,0.0826112212908229,500-550,0.0
15805,471.90948034671516,0.27838160924786387,450-500,0.0
15806,445.2954917784667,0.4163950420004906,<450,0.0
15807,456.6871606728979,0.35416221529545766,450-500,0.0
15808,467.36380324969787,0.29996256160010104,450-500,1.0
15809,538.5073672490613,0.07647446855680111,500-550,0.0
15810,476.5173485058891,0.25750673062272095,450-500,0.0
15811,522.3615591955747,0.10734098456780895,500-550,0.0
15812,513.9850204518747,0.12734337344456556,500-550,0.0
15813,501.3970402676936,0.16330897640282102,500-550,0.0
15814,530.3296532190342,0.09093296994830555,500-550,0.0
15815,500.1580405902301,0.16725833752509733,500-550,0.0
15816,483.93427764946097,0.22612272853448348,450-500,0.0
15817,561.7227855078175,0.04619306659621492,550-600,0.0
15818,468.5488963780434,0.29424454063190725,450-500,1.0
15819,507.509751495017,0.14491611641067886,500-550,0.0
15820,580.1930102982806,0.030638376728831244,550-600,0.0
15821,474.5207189247882,0.26642520616122006,450-500,1.0
15822,516.5917025681737,0.12079936121726274,500-550,0.0
15823,512.2486175469794,0.1318687777407895,500-550,0.0
15824,549.7396653767494,0.06004359033345918,500-550,0.0
15825,503.49186110149765,0.15680284839844863,500-550,0.0
15826,553.4357787676461,0.05540109444095777,550-600,0.0
15827,464.3098553147372,0.31498516233899826,450-500,1.0
15828,537.4179054171253,0.07827132453918116,500-550,0.0
15829,479.161663015295,0.24599930371799086,450-500,0.0
15830,478.775484827423,0.2476580503865629,450-500,0.0
15831,534.0984106842807,0.08398665795136331,500-550,0.0
15832,537.5583699194378,0.0780375042539675,500-550,0.0
15833,514.2345311562003,0.1267041099273953,500-550,0.0
15834,453.26903484861305,0.37242725893559386,450-500,0.0
15835,516.5174560292904,0.12098167333989529,500-550,0.0
15836,525.8900550378198,0.09977566369200319,500-550,0.0
15837,516.6417824739983,0.12067652405341557,500-550,0.0
15838,434.70990641496275,0.47676401702337234,<450,1.0
15839,573.9926198377734,0.03519150437624364,550-600,0.0
15840,466.39228883873136,0.3046971029430167,450-500,1.0
15841,508.8487151146388,0.14112454379640388,500-550,0.0
15842,519.6399697598282,0.11351672671499052,500-550,0.0
15843,453.26181304042046,0.37246625896476604,450-500,1.0
15844,519.3892445197329,0.11410098499814958,500-550,0.0
15845,514.0824280909053,0.1270934812494796,500-550,0.0
15846,523.5241484841247,0.10479415925498174,500-550,0.0
15847,514.6504195677433,0.1256446738031613,500-550,0.0
15848,513.4219355703435,0.12879616182430548,500-550,0.0
15849,457.03410523569653,0.352330827871306,450-500,0.0
15850,502.73099353626105,0.15914121866835843,500-550,0.0
15851,472.1123785899895,0.27744084920523027,450-500,0.0
15852,513.7188002273176,0.12802848336611994,500-550,0.0
15853,488.77730184231723,0.207143079512336,450-500,0.0
15854,505.1026807044045,0.15194468007732403,500-550,1.0
15855,483.9707853213583,0.2259751564164749,450-500,0.0
15856,466.39228883873136,0.3046971029430167,450-500,0.0
15857,518.799548660561,0.1154854711323486,500-550,0.0
15858,505.5086826123328,0.15073985739443213,500-550,1.0
15859,453.0249254659004,0.3737464437932288,450-500,0.0
15860,619.4128395013067,0.012610250398389219,600-650,0.0
15861,501.37159506755665,0.1633893236877345,500-550,1.0
15862,490.7793365834553,0.19964895443150374,450-500,0.0
15863,477.9598825010671,0.25118587979152035,450-500,0.0
15864,489.60834690463923,0.20400730032730616,450-500,0.0
15865,549.5793247331419,0.06025301610622336,500-550,0.0
15866,480.01928853955485,0.24234240427285164,450-500,0.0
15867,450.21565679697005,0.3890588944110455,450-500,0.0
15868,516.010467716455,0.1222329321610108,500-550,0.0
15869,579.8662014761003,0.030863432107607884,550-600,0.0
15870,529.1241891702173,0.09326172518504164,500-550,0.0
15871,502.6115438491419,0.1595108794992269,500-550,0.0
15872,482.1655972355536,0.23335370279233233,450-500,0.0
15873,524.8869984117646,0.10187669473967062,500-550,0.0
15874,550.2160934727866,0.059425327160859694,550-600,0.0
15875,509.5562651124516,0.13915464474195866,500-550,0.0
15876,510.8095496575361,0.13572197275996883,500-550,0.0
15877,478.94056331457637,0.24694807368537816,450-500,0.0
15878,508.1075394695139,0.1432129966509769,500-550,0.0
15879,432.11934543058084,0.4917116944774182,<450,0.0
15880,504.414939915209,0.1540035935030852,500-550,0.0
15881,561.9650022641658,0.04594711878772255,550-600,0.0
15882,498.4877896979121,0.17270263953936557,450-500,0.0
15883,503.56829536002294,0.15656949609741413,500-550,1.0
15884,524.204024151714,0.10332963349403045,500-550,0.0
15885,509.99751634392305,0.13793785800624753,500-550,0.0
15886,510.8500970270046,0.13561211713287122,500-550,0.0
15887,513.0780358171367,0.1296903714174571,500-550,0.0
15888,474.16367509602725,0.2680406081578226,450-500,0.0
15889,491.19645549457437,0.1981134432438836,450-500,0.0
15890,482.7817993585968,0.23081633029792353,450-500,1.0
15891,481.09379301762584,0.23781318375729651,450-500,0.0
15892,503.95127315114763,0.15540452902070856,500-550,1.0
15893,561.8737581214239,0.04603962176038349,550-600,0.0
15894,461.1258648923539,0.33107009349014965,450-500,0.0
15895,509.00092554131385,0.1406988148987941,500-550,0.0
15896,490.9239597041378,0.1991155539074051,450-500,1.0
15897,511.65159105749893,0.13345596894341272,500-550,0.0
15898,452.6956246320793,0.3755289850717241,450-500,1.0
15899,529.843859685978,0.09186508017656328,500-550,0.0
15900,561.7358031129247,0.046179816675119695,550-600,0.0
15901,546.7342763733997,0.0640844521733131,500-550,0.0
15902,555.3521743396714,0.05312903803812656,550-600,0.0
15903,458.9914353280346,0.34208120288475496,450-500,1.0
15904,542.0733498394848,0.07085474164402808,500-550,0.0
15905,487.9623213621769,0.2102526851048862,450-500,0.0
15906,514.6121081318366,0.1257419504490773,500-550,0.0
15907,525.7436955299676,0.10007981401541569,500-550,0.0
15908,508.3877730746157,0.1424203564483698,500-550,0.0
15909,443.84730045737086,0.4245482901024922,<450,0.0
15910,482.115517329729,0.23356077004228804,450-500,1.0
15911,541.4459491298413,0.07181503568991837,500-550,0.0
15912,503.51821545419836,0.15672235711049726,500-550,1.0
15913,498.0816424710752,0.17404751181706443,450-500,1.0
15914,513.4886024372246,0.12862342353343387,500-550,0.0
15915,528.4922714261158,0.09450374679821888,500-550,0.0
15916,455.74963875816246,0.359132352776717,450-500,0.0
15917,456.969918373049,0.3526693205389578,450-500,0.0
15918,482.18081522603734,0.2332908057051449,450-500,1.0
15919,584.7259276204425,0.02767617416332243,550-600,0.0
15920,494.4873571951776,0.18631063601927347,450-500,1.0
15921,488.4701264826268,0.20831111924717507,450-500,0.0
15922,508.90967792125434,0.14095390320229714,500-550,0.0
15923,528.4201027787536,0.09464653163891058,500-550,0.0
15924,561.1565970994764,0.04677287182346221,550-600,0.0
15925,571.1939640358006,0.03745421963116294,550-600,0.0
15926,517.1533142623379,0.11942798942915615,500-550,0.0
15927,496.33227284935447,0.1799347075988732,450-500,0.0
15928,585.1721516845244,0.027400077840821182,550-600,0.0
15929,509.9991966403047,0.13793324157847833,500-550,0.0
15930,543.0286359366888,0.06941535174009776,500-550,0.0
15931,503.32449900699186,0.15731479018761424,500-550,1.0
15932,518.5203231515543,0.11614611711176519,500-550,0.0
15933,479.5749363377256,0.24423248551449658,450-500,0.0
15934,477.4889291079781,0.25323810256906054,450-500,0.0
15935,551.3529778270548,0.05797400605285317,550-600,1.0
15936,507.64507343363726,0.14452911229552343,500-550,0.0
15937,493.93298984268114,0.18826021419947686,450-500,0.0
15938,483.62384075855965,0.22738033843944833,450-500,0.0
15939,532.50632550461,0.08686028418810088,500-550,0.0
15940,575.5252267387964,0.03400879147103496,550-600,0.0
15941,499.4400918356579,0.1695815528537288,450-500,0.0
15942,572.3402500894185,0.0365110141691965,550-600,0.0
15943,489.5726228675705,0.20414136847928088,450-500,0.0
15944,532.562143968694,0.08675804693599967,500-550,0.0
15945,503.00883208924176,0.15828407875332093,500-550,0.0
15946,536.1618860354963,0.0803907758656047,500-550,0.0
15947,535.49896388095,0.08153041662726694,500-550,0.0
15948,541.3495260576337,0.07196368037499971,500-550,0.0
15949,557.8272338756012,0.05032464833026569,550-600,0.0
15950,483.3858768504401,0.2283476899628314,450-500,1.0
15951,517.6848910679993,0.11814237557215934,500-550,0.0
15952,488.49033436197266,0.2082341295176582,450-500,0.0
15953,520.5019062892777,0.11152804273544502,500-550,1.0
15954,486.06384207246293,0.21762874290580247,450-500,0.0
15955,511.13847095310075,0.13483298228240045,500-550,0.0
15956,572.3831927696946,0.03647612711522463,550-600,0.0
15957,487.53037469888847,0.21191463563979018,450-500,0.0
15958,505.1300072757465,0.15186334018550382,500-550,0.0
15959,524.8854188150817,0.10188003413274437,500-550,0.0
15960,503.51821545419836,0.15672235711049726,500-550,0.0
15961,483.16080055998606,0.22926531491845628,450-500,0.0
15962,505.6000186828953,0.1504698999965095,500-550,0.0
15963,522.082388729027,0.10796060350997143,500-550,0.0
15964,543.730342153141,0.06837533527131866,500-550,0.0
15965,554.8581499976824,0.05370619171373844,550-600,0.0
15966,543.4985377418418,0.06871729143121755,500-550,0.0
15967,489.4477424895551,0.20461054466283526,450-500,0.0
15968,530.7359809917655,0.09015987977327969,500-550,0.0
15969,420.55532112419445,0.5582417771288091,<450,1.0
15970,491.19645549457437,0.1981134432438836,450-500,1.0
15971,469.9969992003992,0.2873445818672995,450-500,1.0
15972,529.1241891702173,0.09326172518504164,500-550,0.0
15973,502.7583105986507,0.15905677822446182,500-550,0.0
15974,533.3163102659823,0.08538735451447357,500-550,0.0
15975,495.48256051961005,0.18284987195382998,450-500,1.0
15976,544.4055223765798,0.06738828068956933,500-550,0.0
15977,586.2237219647661,0.026759976044526415,550-600,0.0
15978,460.2188520302075,0.33572748203389025,450-500,0.0
15979,523.5642730842507,0.10470722002540254,500-550,0.0
15980,539.7878141419102,0.07441102763599186,500-550,0.0
15981,502.90661648637837,0.15859898016050805,500-550,0.0
15982,543.0286359366888,0.06941535174009776,500-550,0.0
15983,496.0217425395591,0.18099583656222687,450-500,1.0
15984,493.5359653740579,0.1896660594503758,450-500,0.0
15985,476.3150350588699,0.2584014808770807,450-500,0.0
15986,526.6740926881479,0.09816031090589096,500-550,0.0
15987,516.6417824739983,0.12067652405341557,500-550,0.0
15988,528.0734537300657,0.09533506824625983,500-550,1.0
15989,509.89303248644205,0.13822517082672042,500-550,0.0
15990,492.0067532856282,0.19515600654083992,450-500,0.0
15991,475.64972780509567,0.26135811528697184,450-500,0.0
15992,470.857063867596,0.2832925551607013,450-500,0.0
15993,528.6805577637344,0.09413213236342775,500-550,0.0
15994,517.5721796321786,0.11841396208954177,500-550,0.0
15995,525.1392023207832,0.10134475891106834,500-550,0.0
15996,507.3635501298278,0.14533520116418572,500-550,0.0
15997,497.1892697419929,0.1770314267742946,450-500,0.0
15998,470.0470791062238,0.28710769367429767,450-500,1.0
15999,593.7429482138879,0.022588774026107816,550-600,0.0
16000,491.00273904736787,0.1988254499157699,450-500,1.0
16001,543.0076610455649,0.06944666339051472,500-550,1.0
16002,522.3615591955747,0.10734098456780895,500-550,0.0
16003,502.32865960811927,0.16038909559201645,500-550,1.0
16004,483.9707853213583,0.2259751564164749,450-500,0.0
16005,509.5767590373772,0.1390979323470269,500-550,0.0
16006,470.35449356855156,0.28565611952998593,450-500,0.0
16007,478.0827340408121,0.2506523641540528,450-500,0.0
16008,503.7762767665181,0.15593596460625192,500-550,1.0
16009,582.2362561788569,0.02926692843119337,550-600,0.0
16010,503.66851545099655,0.15626395472013377,500-550,0.0
16011,516.2121314834668,0.12173389251736959,500-550,1.0
16012,545.777211832837,0.06542358459847172,500-550,0.0
16013,542.3132533580999,0.07049069217166312,500-550,0.0
16014,533.4937633091197,0.08506770049599559,500-550,0.0
16015,477.6921709382723,0.25235110025284935,450-500,0.0
16016,541.4960290356659,0.07173794490750102,500-550,0.0
16017,500.1597623514186,0.16725279676380309,500-550,0.0
16018,523.7431262025066,0.10432046766310481,500-550,0.0
16019,483.21088046581065,0.2290609177413615,450-500,0.0
16020,490.35915367081253,0.20120475861822615,450-500,0.0
16021,466.74979043751796,0.30294998570127396,450-500,0.0
16022,489.60834690463923,0.20400730032730616,450-500,0.0
16023,476.15469441526244,0.2591120397525612,450-500,1.0
16024,499.79861186718546,0.16841822080702787,450-500,0.0
16025,510.234464787279,0.13728814877027526,500-550,0.0
16026,503.56829536002294,0.15656949609741413,500-550,0.0
16027,502.7583105986507,0.15905677822446182,500-550,0.0
16028,503.56829536002294,0.15656949609741413,500-550,0.0
16029,534.4125164137756,0.08343000946727129,500-550,0.0
16030,565.8129010680899,0.04220345473292964,550-600,0.0
16031,498.3008041184187,0.17332077946145172,450-500,1.0
16032,503.56829536002294,0.15656949609741413,500-550,0.0
16033,549.6895854709248,0.060108927932402606,500-550,0.0
16034,545.4875650764845,0.06583396376142461,500-550,0.0
16035,483.8607283330797,0.2264202382993727,450-500,0.0
16036,547.1302310878318,0.06353793031560877,500-550,0.0
16037,491.00273904736787,0.1988254499157699,450-500,0.0
16038,514.9335675802425,0.12492772869937799,500-550,0.0
16039,510.0397992359508,0.13782172990691008,500-550,0.0
16040,527.7530216626308,0.09597551305114277,500-550,0.0
16041,504.4907164444654,0.1537756248288332,500-550,0.0
16042,508.7895371194399,0.14129035363132106,500-550,0.0
16043,533.0725139129512,0.08582829145789835,500-550,1.0
16044,487.1475510737403,0.2133955923737645,450-500,0.0
16045,551.2584346121969,0.058093418649075905,550-600,0.0
16046,485.57220408460734,0.2195690449617545,450-500,0.0
16047,452.04161814644016,0.37907917300517385,450-500,0.0
16048,573.2414694845804,0.03578554568909191,550-600,0.0
16049,514.439901738211,0.12617999665958293,500-550,0.0
16050,544.0840748443815,0.06785654944912321,500-550,0.0
16051,549.0634178580838,0.060931504691670184,500-550,0.0
16052,506.57794393157604,0.14760437941608118,500-550,0.0
16053,500.4219793049234,0.16641067365410234,500-550,0.0
16054,498.2753589182817,0.1734050316395878,450-500,0.0
16055,529.1241891702173,0.09326172518504164,500-550,0.0
16056,479.8813335310557,0.24292813839240104,450-500,0.0
16057,495.99568062400823,0.18108511542567313,450-500,1.0
16058,547.1755714174554,0.0634756266544611,500-550,0.0
16059,577.7656277233776,0.03234863854888368,550-600,0.0
16060,521.3750632015652,0.10954460146416188,500-550,0.0
16061,520.9945503063583,0.11040513406555384,500-550,0.0
16062,547.82378210618,0.06259110526494062,500-550,0.0
16063,436.43909619984237,0.46680796301802147,<450,1.0
16064,499.09553838403315,0.17070558307860903,450-500,0.0
16065,488.1961496544455,0.20935700977459246,450-500,0.0
16066,540.4483066624719,0.0733667699119969,500-550,0.0
16067,493.82621348398993,0.18863751576658885,450-500,0.0
16068,524.0347870461906,0.10369248680352877,500-550,0.0
16069,573.8461168597413,0.03530661436984561,550-600,0.0
16070,476.39817058534356,0.2580335611458198,450-500,1.0
16071,555.3521743396714,0.05312903803812656,550-600,0.0
16072,485.4976536641218,0.2198643491638932,450-500,0.0
16073,542.6425541919211,0.06999379840725183,500-550,0.0
16074,523.6930462966819,0.10442863315222857,500-550,0.0
16075,485.5324972370818,0.21972629361361914,450-500,0.0
16076,481.65167804390035,0.23548469025856722,450-500,0.0
16077,490.7292566776307,0.19983390947406693,450-500,0.0
16078,463.1808464344297,0.3206406228451123,450-500,0.0
16079,508.78479754323894,0.1413036404078211,500-550,0.0
16080,494.01664930160905,0.18796500296065144,450-500,0.0
16081,483.93427764946097,0.22612272853448348,450-500,0.0
16082,478.31962161533215,0.2496257476207937,450-500,0.0
16083,549.4819170941113,0.060380576779389836,500-550,0.0
16084,477.1022569768072,0.2549313244693895,450-500,0.0
16085,511.91361214151294,0.13275740670223718,500-550,0.0
16086,522.3615591955747,0.10734098456780895,500-550,0.0
16087,466.96574791775095,0.30189734625892506,450-500,0.0
16088,509.34238095667047,0.13974767918062014,500-550,0.0
16089,483.52715391487544,0.22777303278326472,450-500,0.0
16090,517.8539047017088,0.11773613579743221,500-550,0.0
16091,500.9544761564376,0.16471098132301812,500-550,0.0
16092,502.09269657845,0.16112463315065118,500-550,0.0
16093,517.8704752842852,0.11769637210630463,500-550,0.0
16094,507.90062762723846,0.14380060157870528,500-550,0.0
16095,452.0449267275085,0.3790611798169209,450-500,0.0
16096,465.01738459170326,0.31146860657848574,450-500,0.0
16097,534.8279422758812,0.08269895569355104,500-550,0.0
16098,540.6086473060794,0.07311531001742086,500-550,0.0
16099,455.98652633268244,0.35787361992192374,450-500,0.0
16100,476.34464779401657,0.25827038930240376,450-500,0.0
16101,530.6051955366582,0.09040806727976512,500-550,0.0
16102,482.3111576561508,0.23275257397413734,450-500,0.0
16103,462.56808719688894,0.32373240677619014,450-500,1.0
16104,508.8998168454144,0.14098149357757114,500-550,0.0
16105,481.72155672436736,0.2351941460408298,450-500,0.0
16106,490.7292566776307,0.19983390947406693,450-500,0.0
16107,490.28978388951793,0.20146248340589717,450-500,0.0
16108,508.90967792125434,0.14095390320229714,500-550,1.0
16109,485.47252015462783,0.21996397062889786,450-500,0.0
16110,540.9750381361476,0.07254368181827539,500-550,0.0
16111,511.4818655950644,0.13391012382958264,500-550,0.0
16112,531.7248421449322,0.08830313815848755,500-550,1.0
16113,503.7611848528648,0.15598186562324223,500-550,0.0
16114,529.3992560608539,0.09272567522898996,500-550,0.0
16115,539.7878141419102,0.07441102763599186,500-550,0.0
16116,520.9600545248308,0.11048343854114451,500-550,0.0
16117,540.2719774080592,0.07364422376736551,500-550,0.0
16118,541.2139304503241,0.07217319319009889,500-550,0.0
16119,500.29218042911685,0.1668271044457989,500-550,0.0
16120,524.5511237397933,0.10258894718853498,500-550,0.0
16121,529.1742690760418,0.09316392296586037,500-550,0.0
16122,524.4976009484664,0.10270285365534863,500-550,0.0
16123,503.56585621708604,0.1565769383828189,500-550,0.0
16124,560.3393727770423,0.04762196528915584,550-600,0.0
16125,558.390674692334,0.0497061089032618,550-600,0.0
16126,514.1554860731906,0.1269063313913985,500-550,0.0
16127,494.437277289353,0.18648611358952003,450-500,0.0
16128,432.11934543058084,0.4917116944774182,<450,0.0
16129,462.300529182074,0.3250872811686714,450-500,0.0
16130,516.2121314834668,0.12173389251736959,500-550,0.0
16131,573.2414694845804,0.03578554568909191,550-600,0.0
16132,528.4701826845782,0.09454742861985779,500-550,0.0
16133,452.6956246320793,0.3755289850717241,450-500,1.0
16134,509.5767590373772,0.1390979323470269,500-550,0.0
16135,502.73099353626105,0.15914121866835843,500-550,0.0
16136,473.41278127901785,0.2714581249292393,450-500,0.0
16137,543.9647255861274,0.06803117830900746,500-550,0.0
16138,503.51821545419836,0.15672235711049726,500-550,0.0
16139,463.93845561722037,0.3168396468461481,450-500,1.0
16140,513.9380440728602,0.1274640378396802,500-550,0.0
16141,510.27668681047084,0.13717264706879925,500-550,0.0
16142,471.93599284207886,0.2782585699120893,450-500,1.0
16143,541.4459491298413,0.07181503568991837,500-550,0.0
16144,547.9675329115937,0.06239651311998127,500-550,0.0
16145,512.3419302622613,0.13162215809704708,500-550,0.0
16146,510.5971188779057,0.13629874135085465,500-550,0.0
16147,517.6272007416626,0.11828131721144802,500-550,0.0
16148,505.2879087764171,0.1513940326628135,500-550,0.0
16149,510.1429474457184,0.13753878247007664,500-550,0.0
16150,504.9926237161259,0.15227263626001225,500-550,0.0
16151,561.7358031129247,0.046179816675119695,550-600,0.0
16152,486.9076052336143,0.21432766283146854,450-500,0.0
16153,533.2662303601577,0.0854777625061448,500-550,0.0
16154,478.0827340408121,0.2506523641540528,450-500,1.0
16155,545.533415479806,0.06576884266573442,500-550,0.0
16156,512.4706362693572,0.13128263841738544,500-550,0.0
16157,516.6095230442058,0.12075563838046253,500-550,0.0
16158,550.5863099319354,0.05894901842279208,550-600,0.0
16159,513.9291753064739,0.1274868292700448,500-550,0.0
16160,522.9010848025437,0.10615236942691586,500-550,1.0
16161,529.1241891702173,0.09326172518504164,500-550,0.0
16162,470.69692697349285,0.2840443867140171,450-500,0.0
16163,542.9506810494062,0.06953179002345461,500-550,1.0
16164,529.843859685978,0.09186508017656328,500-550,0.0
16165,523.8873512047388,0.10400951499775507,500-550,0.0
16166,513.2806210307294,0.12916297088464798,500-550,0.0
16167,472.2152137700755,0.2769647911353501,450-500,1.0
16168,515.0800705582747,0.12455815421236531,500-550,0.0
16169,485.73454123864184,0.21892699228789125,450-500,1.0
16170,499.7786598505844,0.16848279387569495,450-500,1.0
16171,528.6379618420251,0.09421608772850978,500-550,0.0
16172,556.3922362410674,0.05193305054106315,550-600,0.0
16173,529.1742690760418,0.09316392296586037,500-550,0.0
16174,535.4350463095501,0.08164107322408545,500-550,0.0
16175,460.03803945595513,0.3366597988758389,450-500,0.0
16176,468.07139871778645,0.2965407985691842,450-500,1.0
16177,471.47800556684024,0.2803886894325618,450-500,0.0
16178,531.2229890605914,0.08924109031004897,500-550,0.0
16179,527.080947870651,0.09733128383115994,500-550,0.0
16180,492.20783306688065,0.19442730311512352,450-500,1.0
16181,478.26954170950756,0.24984254838040595,450-500,0.0
16182,561.620779972325,0.04629701785693508,550-600,0.0
16183,479.72785142363614,0.2435809269391205,450-500,0.0
16184,584.6061649036417,0.02775073495869365,550-600,0.0
16185,545.4875650764845,0.06583396376142461,500-550,1.0
16186,510.0397992359508,0.13782172990691008,500-550,1.0
16187,496.04906911090114,0.18090226226647585,450-500,0.0
16188,513.330700936554,0.1290328771857014,500-550,0.0
16189,461.1258648923539,0.33107009349014965,450-500,0.0
16190,508.0676365212915,0.14332616040427812,500-550,0.0
16191,515.2695311739674,0.12408160390569074,500-550,0.0
16192,529.795210775286,0.0919588962809816,500-550,0.0
16193,476.05728677623176,0.259544327258022,450-500,0.0
16194,499.4400918356579,0.1695815528537288,450-500,0.0
16195,518.3335154828588,0.1165899336977694,500-550,0.0
16196,540.2818384838992,0.0736286819135192,500-550,0.0
16197,508.4620637043147,0.14221083996658002,500-550,0.0
16198,537.7095441605026,0.07778657079597008,500-550,0.0
16199,510.52924493709514,0.13648345983547275,500-550,0.0
16200,464.895520157783,0.3120727631781999,450-500,0.0
16201,506.57794393157604,0.14760437941608118,500-550,0.0
16202,552.1596540073588,0.0569644652744171,550-600,0.0
16203,490.63695474861436,0.20017513557693342,450-500,0.0
16204,505.3589635733656,0.15118323593275063,500-550,0.0
16205,540.8558602156021,0.07272916488870465,500-550,0.0
16206,479.5943660507111,0.24414963172599574,450-500,1.0
16207,532.1669074523818,0.08748431316690494,500-550,1.0
16208,495.99568062400823,0.18108511542567313,450-500,0.0
16209,521.8985189970012,0.10837041775823127,500-550,0.0
16210,520.4640083119177,0.11161483794770163,500-550,1.0
16211,466.7020050725485,0.3031831856448308,450-500,1.0
16212,564.9528364008931,0.04301406314316803,550-600,0.0
16213,524.1829120203009,0.10337483761471034,500-550,0.0
16214,502.8642089685593,0.15872977654832465,500-550,0.0
16215,456.8472975670011,0.3533163786267786,450-500,0.0
16216,497.5573925397318,0.17579565986228382,450-500,0.0
16217,489.70040760897245,0.20366210907067148,450-500,0.0
16218,490.54244900893525,0.20052496124267946,450-500,0.0
16219,541.8414284172859,0.07120832874308536,500-550,0.0
16220,529.1241891702173,0.09326172518504164,500-550,0.0
16221,515.5167564041476,0.12346211246829691,500-550,0.0
16222,509.5767590373772,0.1390979323470269,500-550,1.0
16223,561.8737581214239,0.04603962176038349,550-600,0.0
16224,502.10761269408,0.16107805646202747,500-550,0.0
16225,514.2723814696595,0.1266073748413732,500-550,0.0
16226,498.5623263986263,0.17245672163288167,450-500,1.0
16227,494.57859182896715,0.18599128155955003,450-500,1.0
16228,541.5864136321537,0.07159900411778487,500-550,0.0
16229,529.3992560608539,0.09272567522898996,500-550,0.0
16230,515.8637009669462,0.12259722922820779,500-550,0.0
16231,491.24653540039895,0.1979296866791521,450-500,0.0
16232,560.778738572362,0.04716366137166637,550-600,0.0
16233,497.16770493290954,0.1771040295672511,450-500,0.0
16234,543.563480976617,0.06862132824609588,500-550,0.0
16235,558.0349022524148,0.05009582851637515,550-600,0.0
16236,554.8581499976824,0.05370619171373844,550-600,0.0
16237,468.34065216477904,0.29524469981675033,450-500,0.0
16238,475.50296105558687,0.26201328374035143,450-500,0.0
16239,468.7896767869793,0.2930905824790882,450-500,1.0
16240,493.7651526090915,0.18885353924938533,450-500,1.0
16241,501.1586600158972,0.1640629474258529,500-550,0.0
16242,530.7068759770648,0.0902150583037995,500-550,0.0
16243,511.8094925581695,0.13303462355696083,500-550,0.0
16244,503.66529523338875,0.15627376465102535,500-550,0.0
16245,491.96620591615965,0.1953031986529288,450-500,0.0
16246,505.9490524876048,0.14944194214167333,500-550,0.0
16247,498.8003407681946,0.17167330000001435,450-500,0.0
16248,446.7947788000667,0.40800209954005423,<450,1.0
16249,524.6067056075312,0.10247077706763523,500-550,0.0
16250,572.9064384977597,0.03605360549623808,550-600,0.0
16251,602.9033329199709,0.018359027103271655,600-650,0.0
16252,505.1026807044045,0.15194468007732403,500-550,0.0
16253,483.8607283330797,0.2264202382993727,450-500,0.0
16254,597.4438317383239,0.020775979023491313,550-600,0.0
16255,456.76409584940495,0.35375573251687176,450-500,0.0
16256,541.4960290356659,0.07173794490750102,500-550,0.0
16257,506.0926626999759,0.14902067195323307,500-550,0.0
16258,509.5767590373772,0.1390979323470269,500-550,0.0
16259,548.5248525535486,0.061647409719047926,500-550,0.0
16260,550.0453579108439,0.059646202865964074,550-600,0.0
16261,516.9065656119778,0.1200288477994596,500-550,0.0
16262,539.3748538491611,0.07507085725270975,500-550,0.0
16263,562.186968380666,0.04572282846136034,550-600,0.0
16264,539.3748538491611,0.07507085725270975,500-550,0.0
16265,461.6842608679083,0.32821910454870673,450-500,1.0
16266,555.5714181852139,0.05287478189685272,550-600,0.0
16267,556.913886255395,0.051342819581910955,550-600,0.0
16268,501.00894097693,0.16453792146251953,500-550,1.0
16269,467.36731232632275,0.2999455369445099,450-500,0.0
16270,564.7267197280762,0.04322963394418581,550-600,0.0
16271,536.7692810022658,0.07935937399935405,500-550,0.0
16272,577.7656277233776,0.03234863854888368,550-600,0.0
16273,530.6859010859408,0.09025484225807442,500-550,0.0
16274,489.44739890253527,0.20461183662505458,450-500,0.0
16275,582.980895430331,0.028782071794260282,550-600,0.0
16276,476.39817058534356,0.2580335611458198,450-500,0.0
16277,509.89303248644205,0.13822517082672042,500-550,0.0
16278,487.40529935637846,0.21239766277631683,450-500,1.0
16279,558.1589246679501,0.049959644569547546,550-600,0.0
16280,477.5654553180439,0.2529038797826298,450-500,0.0
16281,506.1427426058005,0.14887399669843782,500-550,0.0
16282,508.41198379849016,0.14235204843726143,500-550,0.0
16283,482.115517329729,0.23356077004228804,450-500,0.0
16284,530.8958416273754,0.0898573509690264,500-550,1.0
16285,480.6123322185785,0.23983539498812279,450-500,0.0
16286,585.1220717786998,0.027430930403521285,550-600,0.0
16287,517.8482342512588,0.11774974559877727,500-550,0.0
16288,511.67555892775135,0.13339194032473808,500-550,1.0
16289,482.32177510411833,0.23270876876009394,450-500,0.0
16290,521.9485989028258,0.1082586629747747,500-550,0.0
16291,521.8087586846973,0.1085709741465688,500-550,1.0
16292,471.5923568603486,0.2798559049230566,450-500,0.0
16293,521.3824942498042,0.10952785479953299,500-550,0.0
16294,526.6442213351081,0.09822142548386142,500-550,0.0
16295,492.153520035137,0.19462392721752408,450-500,0.0
16296,448.10476044739704,0.400712371796145,<450,1.0
16297,522.5061823162573,0.10702122522008904,500-550,0.0
16298,516.311272862375,0.12148920012823579,500-550,0.0
16299,543.493454578621,0.06872480779570402,500-550,0.0
16300,508.41198379849016,0.14235204843726143,500-550,0.0
16301,568.5830091181258,0.03969078130140195,550-600,0.0
16302,487.0305137987359,0.21384985465721168,450-500,0.0
16303,510.3267667162954,0.13703575546989577,500-550,0.0
16304,553.4410612026413,0.05539470768114623,550-600,0.0
16305,531.9366826377654,0.08790989184259833,500-550,0.0
16306,471.60879102194735,0.27977938591498336,450-500,1.0
16307,517.9942444662294,0.11739973666850888,500-550,0.0
16308,476.34464779401657,0.25827038930240376,450-500,0.0
16309,491.9388793448177,0.19540244499855625,450-500,1.0
16310,467.3172324204982,0.30018855717978815,450-500,0.0
16311,491.24653540039895,0.1979296866791521,450-500,0.0
16312,484.7725923815342,0.22275128134867248,450-500,0.0
16313,514.9402303401462,0.12491090056155159,500-550,0.0
16314,536.2620412661355,0.08021986656845655,500-550,0.0
16315,458.77693105869304,0.3431975025669805,450-500,0.0
16316,504.63786206247227,0.15333373576796236,500-550,0.0
16317,497.7693337179212,0.17508726925337165,450-500,0.0
16318,507.33810492969087,0.14540824225702428,500-550,0.0
16319,530.3296532190342,0.09093296994830555,500-550,0.0
16320,557.021467043731,0.05122188690608184,550-600,0.0
16321,474.93992706233746,0.2645364807762707,450-500,0.0
16322,494.57859182896715,0.18599128155955003,450-500,0.0
16323,564.0588508793285,0.043872392591421436,550-600,0.0
16324,482.1655972355536,0.23335370279233233,450-500,0.0
16325,514.2723814696595,0.1266073748413732,500-550,0.0
16326,478.2742812857085,0.2498220249171722,450-500,0.0
16327,518.2834355770343,0.11670916321177889,500-550,0.0
16328,516.2121314834668,0.12173389251736959,500-550,0.0
16329,482.5788705579842,0.23164980449306893,450-500,0.0
16330,497.89335613345656,0.17467378163400363,450-500,0.0
16331,459.6060927926667,0.3388921722787078,450-500,0.0
16332,474.5429025937143,0.26632504362969467,450-500,0.0
16333,504.37584097845826,0.15412132814407914,500-550,0.0
16334,512.5207161751817,0.13115073130566593,500-550,0.0
16335,495.2949028136129,0.183498602059439,450-500,0.0
16336,489.44739890253527,0.20461183662505458,450-500,0.0
16337,465.79846318505065,0.30761160252341463,450-500,0.0
16338,511.65825381740257,0.13343816720144508,500-550,0.0
16339,539.9703503482683,0.07412107354828253,500-550,0.0
16340,486.27629047607104,0.21679413131487993,450-500,0.0
16341,525.7970840168605,0.09996877181598054,500-550,0.0
16342,542.3132533580999,0.07049069217166312,500-550,0.0
16343,541.4459491298413,0.07181503568991837,500-550,0.0
16344,524.0848669520151,0.10358499561073424,500-550,0.0
16345,543.0715786169648,0.06935128697606935,500-550,0.0
16346,537.6840989603656,0.07782875539723563,500-550,0.0
16347,498.4710399343735,0.1727579399693876,450-500,0.0
16348,496.0217425395591,0.18099583656222687,450-500,0.0
16349,502.8642089685593,0.15872977654832465,500-550,0.0
16350,491.19645549457437,0.1981134432438836,450-500,0.0
16351,493.04513489064254,0.19141516433455863,450-500,1.0
16352,560.2892928712176,0.04767447162762067,550-600,0.0
16353,494.34595013543014,0.18680644744367914,450-500,0.0
16354,540.4483066624719,0.0733667699119969,500-550,0.0
16355,548.1121185570973,0.06220136063067232,500-550,0.0
16356,560.3393727770423,0.04762196528915584,550-600,0.0
16357,494.06131310619895,0.1878075423966858,450-500,0.0
16358,526.9338680914607,0.09763025704836983,500-550,0.0
16359,523.4812058038486,0.10488727510906255,500-550,0.0
16360,566.0100561720948,0.04201970444591608,550-600,0.0
16361,461.86736033654023,0.32728699565225255,450-500,0.0
16362,473.537411605328,0.2708890109069757,450-500,0.0
16363,456.19680341193464,0.3567579243606232,450-500,0.0
16364,467.3172324204982,0.30018855717978815,450-500,0.0
16365,483.16080055998606,0.22926531491845628,450-500,0.0
16366,470.857063867596,0.2832925551607013,450-500,0.0
16367,486.2494352053886,0.21689950532420402,450-500,0.0
16368,531.8022391131464,0.08815927982656191,500-550,0.0
16369,523.6555595485036,0.10450966403363668,500-550,0.0
16370,470.857063867596,0.2832925551607013,450-500,1.0
16371,559.516098062681,0.048492138546168385,550-600,0.0
16372,502.8642089685593,0.15872977654832465,500-550,0.0
16373,521.5743372776375,0.10909629257646496,500-550,0.0
16374,503.56829536002294,0.15656949609741413,500-550,1.0
16375,493.85236881843485,0.1885450404658608,450-500,0.0
16376,543.0304143800474,0.06941269745253129,500-550,0.0
16377,522.4116391013994,0.10723016369716656,500-550,0.0
16378,439.53182327249243,0.44907200859037527,<450,0.0
16379,515.3305920488658,0.12392835127540001,500-550,0.0
16380,532.9343000383385,0.08607918443860103,500-550,0.0
16381,502.01330858185935,0.16137271120328414,500-550,0.0
16382,507.509751495017,0.14491611641067886,500-550,0.0
16383,519.8995001999583,0.11291469926282147,500-550,0.0
16384,513.6087432390391,0.12831262932006887,500-550,0.0
16385,534.4125164137756,0.08343000946727129,500-550,0.0
16386,571.4261282291319,0.03726131425283979,550-600,0.0
16387,541.7355695571831,0.07137026198832502,500-550,0.0
16388,486.32637038189563,0.21659772799565236,450-500,1.0
16389,521.9624365684011,0.10822780167588518,500-550,0.0
16390,550.5822396770259,0.05895423557561799,550-600,0.0
16391,478.0827340408121,0.2506523641540528,450-500,0.0
16392,471.35108437116077,0.28098076385710546,450-500,0.0
16393,491.09976865089016,0.19846857644259686,450-500,0.0
16394,463.2309263402543,0.32038862567883986,450-500,0.0
16395,536.8890437190665,0.07915744033253827,500-550,1.0
16396,459.56415297663034,0.33910930853016974,450-500,0.0
16397,489.65032770314787,0.20384983498127657,450-500,0.0
16398,563.9935053694303,0.04393576879759302,550-600,0.0
16399,527.8918946520528,0.09569747795980918,500-550,0.0
16400,488.59742306068614,0.20782648377843663,450-500,0.0
16401,528.7709878304981,0.09395411944468639,500-550,0.0
16402,531.8022391131464,0.08815927982656191,500-550,0.0
16403,448.01895650450376,0.401188544905641,<450,0.0
16404,544.1481818596066,0.06776292132728853,500-550,0.0
16405,453.2284874791445,0.37264624894346077,450-500,1.0
16406,563.7785516494295,0.04414486126434772,550-600,0.0
16407,490.10149755189934,0.20216325459496065,450-500,0.0
16408,571.9363878860439,0.036840690114135044,550-600,0.0
16409,452.3119703080505,0.3776100069593552,450-500,0.0
16410,493.4291890153667,0.19004551889907145,450-500,0.0
16411,483.67722924545257,0.22716370554344878,450-500,0.0
16412,499.4901717414824,0.1694186692956276,450-500,0.0
16413,513.7688801331421,0.12789936450741216,500-550,0.0
16414,492.8082473161225,0.19226372220007415,450-500,1.0
16415,491.9175570054677,0.19547991131860815,450-500,0.0
16416,533.8733343938266,0.08438760373751561,500-550,0.0
16417,512.8175808321558,0.13037111878468968,500-550,1.0
16418,524.8869984117646,0.10187669473967062,500-550,0.0
16419,545.0030818488635,0.06652574424047221,500-550,1.0
16420,522.9094923585312,0.10613393906203551,500-550,0.0
16421,490.4044940004361,0.2010364421390757,450-500,1.0
16422,468.07139871778645,0.2965407985691842,450-500,1.0
16423,487.1523366008047,0.21337703305458566,450-500,0.0
16424,540.0247017164302,0.07403493881231625,500-550,0.0
16425,536.7138190256617,0.07945304863633566,500-550,0.0
16426,533.6617096476024,0.084766171444692,500-550,0.0
16427,509.392460862495,0.1396086336214881,500-550,0.0
16428,509.5767590373772,0.1390979323470269,500-550,0.0
16429,531.9747706018583,0.08783935598325757,500-550,0.0
16430,486.5632579564156,0.21567044776507127,450-500,0.0
16431,502.8141290627347,0.15888434936189855,500-550,0.0
16432,540.2719774080592,0.07364422376736551,500-550,1.0
16433,554.9643141515451,0.05358166656272236,550-600,0.0
16434,488.88918837133764,0.20671883293469262,450-500,0.0
16435,508.73471763741435,0.14144409661048737,500-550,0.0
16436,561.8510047869413,0.04606271660208005,550-600,0.0
16437,532.4289285363959,0.08700222506751012,500-550,0.0
16438,475.3919795224575,0.26250940935718853,450-500,0.0
16439,462.300529182074,0.3250872811686714,450-500,0.0
16440,506.0369919104845,0.14918386181046406,500-550,0.0
16441,518.9012291009674,0.11524570844074258,500-550,0.0
16442,520.7095330342397,0.11105357587066929,500-550,0.0
16443,521.9485989028258,0.1082586629747747,500-550,0.0
16444,499.4901717414824,0.1694186692956276,450-500,0.0
16445,539.0005922239728,0.07567349367191173,500-550,0.0
16446,489.05377517870534,0.20609592795402076,450-500,0.0
16447,521.0816891038842,0.11020754785173802,500-550,0.0
16448,531.384933110914,0.08893744259135969,500-550,0.0
16449,468.82211296382644,0.29293533228981616,450-500,1.0
16450,470.80698396177144,0.28352754747144293,450-500,0.0
16451,483.62384075855965,0.22738033843944833,450-500,0.0
16452,567.1158404172602,0.04100320144953965,550-600,0.0
16453,460.3339033982156,0.33513491251104693,450-500,0.0
16454,530.1922352439093,0.09119577220907671,500-550,1.0
16455,516.5917025681737,0.12079936121726274,500-550,0.0
16456,524.9360064413523,0.10177313606689527,500-550,1.0
16457,461.54636288478576,0.32892200046315134,450-500,0.0
16458,486.2405664390023,0.21693431249099435,450-500,0.0
16459,512.5652384521406,0.13103355712138856,500-550,0.0
16460,474.7427015385061,0.26542400357527784,450-500,1.0
16461,463.93845561722037,0.3168396468461481,450-500,0.0
16462,467.780046322774,0.2979469747921641,450-500,0.0
16463,553.6811215117434,0.055105191768312974,550-600,0.0
16464,532.6122238745186,0.08666641314161401,500-550,0.0
16465,532.0766745140786,0.08765088951548279,500-550,1.0
16466,518.2834355770343,0.11670916321177889,500-550,0.0
16467,469.32655855316136,0.2905271038994288,450-500,1.0
16468,498.3001094451215,0.1733230791802935,450-500,0.0
16469,463.98853552304496,0.3165892448396525,450-500,0.0
16470,573.2414694845804,0.03578554568909191,550-600,1.0
16471,498.78608535001877,0.17172014201272418,450-500,0.0
16472,445.95273740010384,0.41270953645823893,<450,0.0
16473,569.0547924270883,0.039277382154325344,550-600,0.0
16474,536.7014070614553,0.07947402613046789,500-550,0.0
16475,452.74570453790386,0.3752576781551325,450-500,0.0
16476,530.5576818068172,0.09049838488133718,500-550,0.0
16477,528.4840203501535,0.09452006168443856,500-550,0.0
16478,482.1158303594106,0.23355947535014274,450-500,0.0
16479,536.014806256306,0.08064236160308359,500-550,0.0
16480,541.4960290356659,0.07173794490750102,500-550,0.0
16481,496.0902238388661,0.1807614073927435,450-500,0.0
16482,492.153520035137,0.19462392721752408,450-500,0.0
16483,517.7359838821352,0.11801944145532842,500-550,0.0
16484,585.5632294442044,0.02716030511551875,550-600,0.0
16485,554.398125743204,0.05424893716827019,550-600,0.0
16486,448.39172792774167,0.3991211982242363,<450,0.0
16487,479.94274160864234,0.24266729118820146,450-500,1.0
16488,592.7858836733253,0.023082182636554323,550-600,0.0
16489,478.26954170950756,0.24984254838040595,450-500,0.0
16490,464.54749926138487,0.31380163311683595,450-500,1.0
16491,494.39603004125473,0.1866307375999785,450-500,0.0
16492,506.2486430977549,0.14856422501664343,500-550,0.0
16493,554.9082299035069,0.05364741655581862,550-600,0.0
16494,495.94560071818364,0.18125676766391355,450-500,0.0
16495,508.1191835230382,0.14317998843791435,500-550,0.0
16496,511.7722050817655,0.13313402002062258,500-550,0.0
16497,527.5912911335913,0.09630022069606925,500-550,0.0
16498,530.7359809917655,0.09015987977327969,500-550,0.0
16499,491.76264390291556,0.19604342509724512,450-500,1.0
16500,525.3211324423133,0.10096257233573361,500-550,0.0
16501,561.4858979332976,0.04643481449903823,550-600,0.0
16502,490.963457738776,0.19897006312712884,450-500,1.0
16503,547.9411362373821,0.06243220331037068,500-550,0.0
16504,523.7603927452311,0.10428319733515921,500-550,0.0
16505,567.4182762007496,0.04072930914127799,550-600,0.0
16506,556.0035008758637,0.05237705718540354,550-600,0.0
16507,579.62147010891,0.031033012439000137,550-600,0.0
16508,491.24653540039895,0.1979296866791521,450-500,1.0
16509,519.9519238514491,0.11279343196150068,500-550,0.0
16510,434.64478006576064,0.4771394021973982,<450,0.0
16511,442.7530990492339,0.4307361931562821,<450,1.0
16512,522.4116391013994,0.10723016369716656,500-550,0.0
16513,560.9667734866857,0.046968805152866486,550-600,0.0
16514,506.55708322345794,0.14766503174314438,500-550,0.0
16515,493.93298984268114,0.18826021419947686,450-500,1.0
16516,513.3463170454879,0.12899233370330465,500-550,0.0
16517,549.5793247331419,0.06025301610622336,500-550,0.0
16518,561.6708598781495,0.046245954908798896,550-600,0.0
16519,527.9821672658128,0.09551713124837075,500-550,1.0
16520,539.3067775211289,0.07518014474080198,500-550,1.0
16521,524.3093146108478,0.10310445244906986,500-550,0.0
16522,550.0453579108439,0.059646202865964074,550-600,0.0
16523,498.4377097920875,0.17286802326815157,450-500,0.0
16524,528.4421915202912,0.0946028088145588,500-550,0.0
16525,537.9281612356131,0.07742499594221394,500-550,0.0
16526,559.1472709668133,0.04888685236285763,550-600,0.0
16527,521.7499602277549,0.10870252739601396,500-550,0.0
16528,544.0985538726334,0.06783539238698796,500-550,0.0
16529,487.3274764556141,0.21269861175970273,450-500,0.0
16530,540.8864858590601,0.0726814588531244,500-550,0.0
16531,528.4201027787536,0.09464653163891058,500-550,1.0
16532,507.5598314008416,0.14477279381340635,500-550,0.0
16533,515.7074712679182,0.12298604066370167,500-550,0.0
16534,525.2162992455858,0.10118264239734641,500-550,1.0
16535,478.7240359510257,0.24787960360845093,450-500,0.0
16536,458.77693105869304,0.3431975025669805,450-500,0.0
16537,491.483422974919,0.1970622228923593,450-500,0.0
16538,483.9707853213583,0.2259751564164749,450-500,1.0
16539,482.4024848100736,0.23237596638864091,450-500,0.0
16540,482.3187591600232,0.2327212112863437,450-500,1.0
16541,534.8538114578314,0.08265362519529731,500-550,0.0
16542,480.6692251903152,0.239595823469587,450-500,0.0
16543,453.6212888709303,0.37052700073434985,450-500,0.0
16544,514.3898218323864,0.12630763114956522,500-550,0.0
16545,486.8646625533383,0.2144947857928517,450-500,0.0
16546,501.4866182081564,0.16302637275722615,500-550,0.0
16547,549.4819170941113,0.060380576779389836,500-550,0.0
16548,487.7346001901996,0.2111276666810633,450-500,1.0
16549,555.046436335301,0.05348552831190205,550-600,0.0
16550,536.0648861621305,0.08055661741273135,500-550,1.0
16551,494.59891552946516,0.18592019874829857,450-500,0.0
16552,503.30357476387906,0.1573788906022227,500-550,0.0
16553,547.3890036543852,0.06318310666565309,500-550,0.0
16554,524.8424761348058,0.10197085556269503,500-550,1.0
16555,519.901890158486,0.11290916829472626,500-550,0.0
16556,488.71648765946514,0.20737394180643515,450-500,0.0
16557,511.2296681117115,0.1345873715096079,500-550,0.0
16558,525.4197969386247,0.10075584009099295,500-550,0.0
16559,514.6504195677433,0.1256446738031613,500-550,0.0
16560,549.7396653767494,0.06004359033345918,500-550,0.0
16561,502.14134548914194,0.16097276340326308,500-550,0.0
16562,521.8985189970012,0.10837041775823127,500-550,0.0
16563,457.94149897513796,0.3475616278989653,450-500,1.0
16564,456.8472975670011,0.3533163786267786,450-500,1.0
16565,507.4738315884575,0.14501898737006869,500-550,0.0
16566,505.13999442841686,0.15183362148675322,500-550,0.0
16567,488.71648765946514,0.20737394180643515,450-500,0.0
16568,520.8065724174112,0.11083242857938912,500-550,0.0
16569,488.71648765946514,0.20737394180643515,450-500,0.0
16570,544.0596429869622,0.06789226366836176,500-550,0.0
16571,476.39472769984116,0.2580487909950115,450-500,1.0
16572,497.2486121096506,0.1768317579060807,450-500,0.0
16573,503.56829536002294,0.15656949609741413,500-550,0.0
16574,512.9580453344682,0.13000361222968232,500-550,0.0
16575,455.60451610503867,0.3599044412493567,450-500,0.0
16576,490.1514852939989,0.20197703106001702,450-500,0.0
16577,547.9675329115937,0.06239651311998127,500-550,0.0
16578,485.87589187904547,0.21836904385548445,450-500,0.0
16579,534.008654210401,0.08414634024983188,500-550,0.0
16580,510.0397992359508,0.13782172990691008,500-550,0.0
16581,511.65159105749893,0.13345596894341272,500-550,0.0
16582,533.429547962063,0.08518324892920252,500-550,0.0
16583,487.40529935637846,0.21239766277631683,450-500,1.0
16584,517.522099726354,0.11853480664094572,500-550,0.0
16585,503.3382492281146,0.15727267860794764,500-550,0.0
16586,477.3158061427217,0.2539952812719355,450-500,0.0
16587,478.4575766238313,0.2490291765878278,450-500,1.0
16588,579.6651333258461,0.031002691168475566,550-600,0.0
16589,498.4377097920875,0.17286802326815157,450-500,0.0
16590,486.4655399261646,0.216052609173921,450-500,0.0
16591,494.7249513368194,0.18547985242848003,450-500,0.0
16592,544.360123037796,0.06745423391822439,500-550,0.0
16593,522.2706750666457,0.10754235768987352,500-550,0.0
16594,499.4901717414824,0.1694186692956276,450-500,0.0
16595,565.8186663076661,0.04219807059283553,550-600,0.0
16596,529.1742690760418,0.09316392296586037,500-550,0.0
16597,510.0134025617392,0.13789421757298911,500-550,0.0
16598,494.57859182896715,0.18599128155955003,450-500,0.0
16599,524.6501108372446,0.10237857901462384,500-550,0.0
16600,517.5487671087363,0.11847044404084045,500-550,0.0
16601,505.99913239342936,0.14929492499099306,500-550,1.0
16602,479.72785142363614,0.2435809269391205,450-500,0.0
16603,503.30357476387906,0.1573788906022227,500-550,0.0
16604,502.8486951951386,0.1587776471291782,500-550,1.0
16605,564.160531319735,0.04377394990259807,550-600,0.0
16606,501.91626919868787,0.16167636659198534,500-550,1.0
16607,465.04085400226,0.31135232792133644,450-500,0.0
16608,479.161663015295,0.24599930371799086,450-500,0.0
16609,554.0630947563833,0.05464746274744254,550-600,0.0
16610,478.2742812857085,0.2498220249171722,450-500,1.0
16611,497.1629653567086,0.17711998955122618,450-500,0.0
16612,488.2833188139314,0.20902382840963468,450-500,0.0
16613,483.10311915028905,0.22950089577459876,450-500,1.0
16614,536.0164007463814,0.08063963031793385,500-550,0.0
16615,542.6394084818625,0.06999852972240626,500-550,1.0
16616,478.6639688925308,0.2481384372059564,450-500,0.0
16617,543.493454578621,0.06872480779570402,500-550,0.0
16618,529.1397732945144,0.09323128071638592,500-550,0.0
16619,520.7596129400642,0.11093939840813358,500-550,0.0
16620,478.4575766238313,0.2490291765878278,450-500,0.0
16621,479.1115831094704,0.24621398834404523,450-500,0.0
16622,532.4289285363959,0.08700222506751012,500-550,1.0
16623,457.6049067497917,0.3493272289395683,450-500,0.0
16624,516.6144559026562,0.12074353794225973,500-550,0.0
16625,510.0397992359508,0.13782172990691008,500-550,0.0
16626,501.00180375138143,0.16456059140411206,500-550,0.0
16627,421.35040092476453,0.553706805396085,<450,0.0
16628,526.6240127823233,0.09826278991317236,500-550,0.0
16629,516.010467716455,0.1222329321610108,500-550,0.0
16630,537.3678255113008,0.0783548435652977,500-550,0.0
16631,548.2534330967115,0.06201117408162843,500-550,0.0
16632,503.0186675837275,0.15825380477782472,500-550,0.0
16633,509.2024974121889,0.1401366767357363,500-550,0.0
16634,512.5652384521406,0.13103355712138856,500-550,0.0
16635,510.7594697517115,0.13585775857142243,500-550,1.0
16636,523.9733510171229,0.10382448742556383,500-550,0.0
16637,463.98853552304496,0.3165892448396525,450-500,0.0
16638,503.6159361229106,0.15642419289570395,500-550,0.0
16639,539.0708144914597,0.07556008421778185,500-550,1.0
16640,488.16551724160774,0.20947418685476074,450-500,0.0
16641,501.1957486456255,0.16394545657502382,500-550,0.0
16642,491.19645549457437,0.1981134432438836,450-500,0.0
16643,497.1629653567086,0.17711998955122618,450-500,0.0
16644,452.55772664895676,0.37627644818992273,450-500,0.0
16645,521.2314378808783,0.10986871789860876,500-550,0.0
16646,529.1241891702173,0.09326172518504164,500-550,0.0
16647,492.2247749489254,0.19436600093772036,450-500,0.0
16648,580.9563696123316,0.03011886757255587,550-600,0.0
16649,495.42487910991304,0.18304908607731923,450-500,1.0
16650,528.8397927900727,0.09381887805422735,500-550,0.0
16651,498.0050067566714,0.17430220006974928,450-500,0.0
16652,528.4701826845782,0.09454742861985779,500-550,0.0
16653,495.5326404254346,0.18267704764429044,450-500,0.0
16654,580.5142036195259,0.03041873735612247,550-600,0.0
16655,527.0925919241754,0.09730764956104959,500-550,0.0
16656,524.5615185198662,0.10256683814032716,500-550,0.0
16657,496.7704520459427,0.178445652945235,450-500,0.0
16658,502.9333069832802,0.15851670422078443,500-550,0.0
16659,514.6504195677433,0.1256446738031613,500-550,1.0
16660,507.8146278148543,0.1440454203307183,500-550,1.0
16661,508.5017705518402,0.1420989630964115,500-550,0.0
16662,524.6501108372446,0.10237857901462384,500-550,0.0
16663,478.0827340408121,0.2506523641540528,450-500,0.0
16664,528.4701826845782,0.09454742861985779,500-550,0.0
16665,478.0329671646691,0.25086839920647164,450-500,0.0
16666,529.4249943161373,0.09267565833135673,500-550,0.0
16667,480.2484341427369,0.24137161474905466,450-500,0.0
16668,490.9239597041378,0.1991155539074051,450-500,0.0
16669,517.0812566011497,0.11960318798660886,500-550,0.0
16670,523.8080694372818,0.10418034691604082,500-550,0.0
16671,529.1241891702173,0.09326172518504164,500-550,0.0
16672,515.3051468487288,0.12399219473225896,500-550,1.0
16673,561.620779972325,0.04629701785693508,550-600,0.0
16674,496.97914608613155,0.17773985102366527,450-500,0.0
16675,515.328470066529,0.12393367437112784,500-550,0.0
16676,581.4191835146075,0.029808063316736178,550-600,0.0
16677,510.0397992359508,0.13782172990691008,500-550,0.0
16678,491.9175570054677,0.19547991131860815,450-500,0.0
16679,484.98037494135355,0.22192121076515497,450-500,0.0
16680,538.2475397770983,0.07689953709390591,500-550,0.0
16681,523.9733510171229,0.10382448742556383,500-550,0.0
16682,523.5103108185493,0.10482415653632998,500-550,1.0
16683,483.2601103343335,0.22886011479815294,450-500,0.0
16684,459.61423288245487,0.33885003620371984,450-500,0.0
16685,459.1165387596907,0.3414309587593568,450-500,0.0
16686,522.1899695173631,0.10772145645162985,500-550,0.0
16687,471.8436909130625,0.2786870695177143,450-500,1.0
16688,433.1982744050637,0.4854828783626309,<450,0.0
16689,491.8674770996431,0.19566194834869802,450-500,0.0
16690,470.80698396177144,0.28352754747144293,450-500,0.0
16691,476.34464779401657,0.25827038930240376,450-500,0.0
16692,504.2393169650917,0.15453300627532005,500-550,0.0
16693,481.56114997723256,0.23586146042480924,450-500,1.0
16694,456.7972176611765,0.3535808002767919,450-500,0.0
16695,502.8642089685593,0.15872977654832465,500-550,1.0
16696,566.3238789231218,0.04172879587751279,550-600,0.0
16697,502.95875218341723,0.15843829928242936,500-550,0.0
16698,505.07992736992196,0.15201243461758238,500-550,0.0
16699,577.8994175495789,0.03225201688652869,550-600,0.0
16700,528.6805577637344,0.09413213236342775,500-550,0.0
16701,502.7583105986507,0.15905677822446182,500-550,0.0
16702,511.60151115167434,0.13358983810192113,500-550,0.0
16703,530.4515176529544,0.09070048317649639,500-550,0.0
16704,464.0764106257196,0.31615012185141117,450-500,1.0
16705,553.7213659230823,0.05505679614226305,550-600,0.0
16706,511.60817391157804,0.13357202125561227,500-550,0.0
16707,524.8869984117646,0.10187669473967062,500-550,0.0
16708,521.9485989028258,0.1082586629747747,500-550,0.0
16709,558.9222839820012,0.04912912507930897,550-600,0.0
16710,493.0070188374037,0.19155150709297655,450-500,1.0
16711,494.4873571951776,0.18631063601927347,450-500,1.0
16712,483.2133899596239,0.22905067881140673,450-500,1.0
16713,502.7583105986507,0.15905677822446182,500-550,0.0
16714,514.8818134976807,0.12505851021341932,500-550,0.0
16715,490.89851450400084,0.19920932348094306,450-500,1.0
16716,452.6956246320793,0.3755289850717241,450-500,0.0
16717,504.9119658406339,0.15251335530482413,500-550,0.0
16718,513.7188002273176,0.12802848336611994,500-550,0.0
16719,529.4905425251067,0.09254838852975233,500-550,0.0
16720,516.6126774592976,0.12074790039241912,500-550,1.0
16721,501.24582855145,0.1637869187785907,500-550,0.0
16722,540.3039272254368,0.0735938792243039,500-550,0.0
16723,511.65159105749893,0.13345596894341272,500-550,0.0
16724,540.4983865682965,0.07328814492390988,500-550,0.0
16725,470.4600393989728,0.2851587616709289,450-500,1.0
16726,499.7679728192843,0.1685173896960898,450-500,0.0
16727,447.8970920705835,0.4018651579478684,<450,1.0
16728,528.2868873464554,0.094910604311315,500-550,0.0
16729,521.5743372776375,0.10909629257646496,500-550,0.0
16730,529.1241891702173,0.09326172518504164,500-550,0.0
16731,567.3269897364968,0.04081179500865435,550-600,0.0
16732,504.3200225143743,0.15428953613208551,500-550,1.0
16733,477.1523368826318,0.25471160728014114,450-500,1.0
16734,503.7711936032973,0.1559514234674487,500-550,1.0
16735,469.58701353814223,0.28928827615224756,450-500,0.0
16736,533.9267228807195,0.08429234178283042,500-550,0.0
16737,529.1898532003389,0.09313350714460383,500-550,0.0
16738,495.94560071818364,0.18125676766391355,450-500,1.0
16739,449.0829323232863,0.395297408074567,<450,1.0
16740,511.9875546512237,0.13256083307465624,500-550,0.0
16741,560.3393727770423,0.04762196528915584,550-600,0.0
16742,495.99568062400823,0.18108511542567313,450-500,0.0
16743,512.8676607379804,0.13023999022139937,500-550,0.0
16744,490.26782651688967,0.20154411153790738,450-500,0.0
16745,470.0807248504496,0.28694860794887794,450-500,1.0
16746,491.483422974919,0.1970622228923593,450-500,0.0
16747,537.4179054171253,0.07827132453918116,500-550,0.0
16748,514.3224613754841,0.12647948130692394,500-550,0.0
16749,548.5248525535486,0.061647409719047926,500-550,0.0
16750,527.9821672658128,0.09551713124837075,500-550,0.0
16751,477.7797375922753,0.2519695707147654,450-500,0.0
16752,502.7583105986507,0.15905677822446182,500-550,0.0
16753,516.8180133348903,0.1202451174706459,500-550,0.0
16754,554.0719912182992,0.054636844677768845,550-600,0.0
16755,556.7319629032445,0.051547936185439604,550-600,0.0
16756,490.97542198497825,0.19892600866614932,450-500,0.0
16757,522.3615591955747,0.10734098456780895,500-550,0.0
16758,579.672162219563,0.030997812738566912,550-600,0.0
16759,522.0410201353469,0.10805268811676098,500-550,0.0
16760,553.7213659230823,0.05505679614226305,550-600,0.0
16761,584.6562448094663,0.027719532952022955,550-600,1.0
16762,505.99089481511675,0.1493190994531058,500-550,1.0
16763,530.7359809917655,0.09015987977327969,500-550,0.0
16764,520.4518263834532,0.11164274994764196,500-550,1.0
16765,455.69517393767,0.35942203383447674,450-500,1.0
16766,471.5389683734557,0.2801045750372303,450-500,1.0
16767,464.84579491349155,0.31231946549793194,450-500,0.0
16768,537.4179054171253,0.07827132453918116,500-550,0.0
16769,510.32325787087655,0.13704534302608007,500-550,0.0
16770,483.67392066438424,0.22717712643906285,450-500,0.0
16771,510.3267667162954,0.13703575546989577,500-550,0.0
16772,511.14551325126087,0.134814002601548,500-550,0.0
16773,517.0774961012298,0.1196123372337931,500-550,0.0
16774,508.39693735511264,0.14239449718024277,500-550,1.0
16775,560.8288184781866,0.04711168978371714,550-600,0.0
16776,535.4350463095501,0.08164107322408545,500-550,0.0
16777,555.815214538245,0.05259340151647497,550-600,0.0
16778,522.1088940761574,0.10790164007547366,500-550,0.0
16779,482.92581512078283,0.23022609986740403,450-500,0.0
16780,469.16905752662507,0.29127775955333945,450-500,1.0
16781,471.45115015789554,0.28051390364260587,450-500,0.0
16782,515.6195610268953,0.12320529013421846,500-550,0.0
16783,497.16770493290954,0.1771040295672511,450-500,1.0
16784,513.2806210307294,0.12916297088464798,500-550,0.0
16785,519.5540234065207,0.11371671076515506,500-550,1.0
16786,517.8925640258229,0.11764338483148647,500-550,0.0
16787,478.775484827423,0.2476580503865629,450-500,0.0
16788,511.26814048297445,0.13448387168116507,500-550,1.0
16789,560.9667734866857,0.046968805152866486,550-600,0.0
16790,533.9267228807195,0.08429234178283042,500-550,0.0
16791,561.9010846927658,0.04601189960710599,550-600,1.0
16792,467.2637096291712,0.3004484087848408,450-500,1.0
16793,488.740249321249,0.2072837153775908,450-500,0.0
16794,552.4817301711786,0.05656602482568837,550-600,0.0
16795,532.4150908708204,0.08702762452620968,500-550,0.0
16796,491.24653540039895,0.1979296866791521,450-500,0.0
16797,529.1241891702173,0.09326172518504164,500-550,0.0
16798,471.2743139684343,0.2813392594007564,450-500,1.0
16799,542.823357518403,0.06972235708363414,500-550,0.0
16800,521.524257371813,0.1092088061453476,500-550,0.0
16801,543.0715786169648,0.06935128697606935,500-550,0.0
16802,457.55482684396713,0.3495902790301484,450-500,0.0
16803,470.0807248504496,0.28694860794887794,450-500,0.0
16804,541.4960290356659,0.07173794490750102,500-550,0.0
16805,512.5652384521406,0.13103355712138856,500-550,0.0
16806,520.2650187147576,0.11207154028559461,500-550,0.0
16807,494.14592489434057,0.18750952477435023,450-500,1.0
16808,529.843859685978,0.09186508017656328,500-550,0.0
16809,580.5781211909258,0.0303752113600245,550-600,0.0
16810,483.8607283330797,0.2264202382993727,450-500,0.0
16811,493.7365504290043,0.18895479438099377,450-500,0.0
16812,520.4096043602614,0.11173953893690178,500-550,0.0
16813,466.34220893290683,0.3049422960064169,450-500,0.0
16814,536.2531724997492,0.08023498722813964,500-550,0.0
16815,483.9707853213583,0.2259751564164749,450-500,0.0
16816,516.074385287855,0.12207457063266085,500-550,0.0
16817,547.1724555699878,0.06347990642145669,500-550,1.0
16818,477.838937687781,0.2517118516221225,450-500,0.0
16819,490.9239597041378,0.1991155539074051,450-500,0.0
16820,554.9082299035069,0.05364741655581862,550-600,0.0
16821,510.8418079235852,0.13563456883329536,500-550,0.0
16822,479.8312536252311,0.243141007084076,450-500,1.0
16823,501.33706318523963,0.163498414497586,500-550,0.0
16824,495.47571538786525,0.1828735041626046,450-500,0.0
16825,503.22027446362483,0.15763428768493543,500-550,1.0
16826,452.5310638475845,0.37642103951970274,450-500,0.0
16827,492.8082473161225,0.19226372220007415,450-500,1.0
16828,432.3108926754773,0.49060562060886836,<450,0.0
16829,430.38125918378535,0.5017505078815817,<450,1.0
16830,493.6773724338053,0.18916442373966194,450-500,0.0
16831,483.62384075855965,0.22738033843944833,450-500,0.0
16832,491.4333430690944,0.19724537216093868,450-500,0.0
16833,464.0764106257196,0.31615012185141117,450-500,0.0
16834,533.9372519652266,0.08427356609469532,500-550,0.0
16835,523.946024445781,0.10388324865195663,500-550,0.0
16836,487.3028417499265,0.21279394146927993,450-500,0.0
16837,584.6061649036417,0.02775073495869365,550-600,0.0
16838,552.1596540073588,0.0569644652744171,550-600,0.0
16839,451.66677556342097,0.3811198375539003,450-500,0.0
16840,541.5599466070657,0.07163966396012786,500-550,0.0
16841,467.8578692235384,0.2975709966093418,450-500,0.0
16842,527.615123541246,0.09625231059997592,500-550,0.0
16843,497.0943523411582,0.1773511625294019,450-500,0.0
16844,479.44088394329157,0.24480464125588075,450-500,0.0
16845,497.5139753938109,0.1759410549565922,450-500,0.0
16846,509.2525773180135,0.1399973071207829,500-550,0.0
16847,588.005710531135,0.02570831938690243,550-600,0.0
16848,517.5721796321786,0.11841396208954177,500-550,0.0
16849,581.9873766626051,0.029430740655001543,550-600,0.0
16850,529.3992560608539,0.09272567522898996,500-550,0.0
16851,485.47252015462783,0.21996397062889786,450-500,0.0
16852,572.3994280846175,0.036462945743365,550-600,0.0
16853,493.6773724338053,0.18916442373966194,450-500,1.0
16854,498.0050067566714,0.17430220006974928,450-500,0.0
16855,470.0807248504496,0.28694860794887794,450-500,0.0
16856,479.8926617028178,0.2428800046382283,450-500,0.0
16857,467.5094936656071,0.29925619401292136,450-500,0.0
16858,498.4350458634714,0.17287682412608749,450-500,1.0
16859,562.186968380666,0.04572282846136034,550-600,0.0
16860,477.96654526097075,0.2511569256307238,450-500,1.0
16861,464.8305769230078,0.3123949879277646,450-500,0.0
16862,497.4922661905297,0.1760137900749846,450-500,0.0
16863,474.79852000259007,0.26517262538782493,450-500,0.0
16864,518.8995081149158,0.11524976292520936,500-550,0.0
16865,542.6425541919211,0.06999379840725183,500-550,0.0
16866,463.2309263402543,0.32038862567883986,450-500,0.0
16867,503.51821545419836,0.15672235711049726,500-550,0.0
16868,469.16905752662507,0.29127775955333945,450-500,0.0
16869,542.8794417664411,0.06963835547314552,500-550,0.0
16870,562.3835015001932,0.04552510787727001,550-600,0.0
16871,432.4325251324849,0.4899033110126476,<450,0.0
16872,494.437277289353,0.18648611358952003,450-500,0.0
16873,527.8442692826902,0.09579274660923598,500-550,0.0
16874,529.795210775286,0.0919588962809816,500-550,0.0
16875,485.75327107299756,0.2188530017381025,450-500,0.0
16876,575.040068974824,0.03437897875288426,550-600,0.0
16877,536.9718707968686,0.07901805922493804,500-550,0.0
16878,561.7347774495494,0.046180860511520205,550-600,0.0
16879,473.49770475780247,0.27107024750860276,450-500,1.0
16880,521.1381756270453,0.11007963088118138,500-550,0.0
16881,545.4374851706599,0.06590516047877149,500-550,0.0
16882,527.8909326320232,0.09569940152300027,500-550,0.0
16883,474.13904039033963,0.26815229358186404,450-500,0.0
16884,514.0962657564806,0.12705801573453765,500-550,1.0
16885,540.9808033757239,0.07253472012872882,500-550,0.0
16886,478.0326541349875,0.2508697584415822,450-500,0.0
16887,490.4044940004361,0.2010364421390757,450-500,1.0
16888,495.0417901702038,0.18437643343369767,450-500,0.0
16889,520.4745850702153,0.11159060876327295,500-550,0.0
16890,576.9283258996157,0.03295971348771407,550-600,0.0
16891,534.2232949007204,0.08376493913481528,500-550,1.0
16892,550.7800263791419,0.05870121732186312,550-600,0.0
16893,509.76730344551424,0.13857157020299973,500-550,1.0
16894,510.24778064244595,0.1372517133639274,500-550,0.0
16895,538.8865947467484,0.07585793321648743,500-550,0.0
16896,467.2637096291712,0.3004484087848408,450-500,0.0
16897,517.522099726354,0.11853480664094572,500-550,0.0
16898,445.23306688434315,0.4167455830161284,<450,1.0
16899,521.0003155459345,0.11039205187217264,500-550,0.0
16900,510.1098256339468,0.13762958616130508,500-550,0.0
16901,528.4201027787536,0.09464653163891058,500-550,0.0
16902,502.054224207187,0.16124481623814615,500-550,0.0
16903,468.02131881196186,0.29678222970796575,450-500,1.0
16904,495.2390843495289,0.18369190970438573,450-500,0.0
16905,541.4459491298413,0.07181503568991837,500-550,0.0
16906,483.62384075855965,0.22738033843944833,450-500,1.0
16907,522.8555835375638,0.10625216256528394,500-550,0.0
16908,556.8185688004567,0.051450192513483727,550-600,0.0
16909,520.6876466627464,0.11110350701564374,500-550,0.0
16910,482.115517329729,0.23356077004228804,450-500,0.0
16911,564.8105780336798,0.0431495666333935,550-600,0.0
16912,493.04513489064254,0.19141516433455863,450-500,1.0
16913,537.7415568982487,0.07773352787074723,500-550,0.0
16914,496.66470135062673,0.178804137822722,450-500,0.0
16915,476.34464779401657,0.25827038930240376,450-500,0.0
16916,540.7418627383776,0.07290699423095695,500-550,0.0
16917,486.1426172148458,0.21731900149017122,450-500,0.0
16918,501.6084826420767,0.16264254297536723,500-550,0.0
16919,545.364251540088,0.06600940282418818,500-550,0.0
16920,538.6986214388113,0.07616296156345134,500-550,0.0
16921,512.1573310827265,0.13211042124594818,500-550,0.0
16922,532.1237384758081,0.08756397039240385,500-550,0.0
16923,544.3984344737027,0.06739857359487886,500-550,0.0
16924,532.6122238745186,0.08666641314161401,500-550,0.0
16925,533.3163102659823,0.08538735451447357,500-550,0.0
16926,483.47707400905085,0.2279766205836358,450-500,0.0
16927,541.9093023580965,0.07110467992618821,500-550,0.0
16928,480.189982469646,0.2416189967451257,450-500,1.0
16929,498.2497364841505,0.17348990336052464,450-500,0.0
16930,496.41295767779036,0.17965979143125327,450-500,0.0
16931,478.31962161533215,0.2496257476207937,450-500,0.0
16932,552.7700666220959,0.05621154767595616,550-600,0.0
16933,517.2877162933676,0.11910180161093985,500-550,0.0
16934,502.4661081663366,0.1599618979974652,500-550,0.0
16935,502.8141290627347,0.15888434936189855,500-550,0.0
16936,512.4706362693572,0.13128263841738544,500-550,0.0
16937,509.71861049571555,0.138705920989876,500-550,0.0
16938,537.6265980778542,0.07792416101936114,500-550,0.0
16939,488.8645536656501,0.20681218657636846,450-500,0.0
16940,543.0787158425134,0.06934064448996241,500-550,0.0
16941,486.8646625533383,0.2144947857928517,450-500,0.0
16942,565.8186663076661,0.04219807059283553,550-600,0.0
16943,530.8958416273754,0.0898573509690264,500-550,0.0
16944,487.8880822976192,0.21053764398637184,450-500,0.0
16945,542.0733498394848,0.07085474164402808,500-550,0.0
16946,510.0898791417754,0.1376842939191924,500-550,0.0
16947,517.0562727571205,0.1196639846920823,500-550,0.0
16948,490.4923691031107,0.20071052430413727,450-500,0.0
16949,532.2399921159839,0.08734960359201058,500-550,0.0
16950,464.7804970171832,0.3126435901678856,450-500,0.0
16951,465.79846318505065,0.30761160252341463,450-500,1.0
16952,529.1241891702173,0.09326172518504164,500-550,0.0
16953,489.3901017695281,0.2048273711145111,450-500,0.0
16954,522.0389834993136,0.1080572233582415,500-550,0.0
16955,503.51821545419836,0.15672235711049726,500-550,0.0
16956,578.7581486911081,0.031638460393972084,550-600,0.0
16957,488.07488996631463,0.20982114238919244,450-500,0.0
16958,502.0269071447974,0.16133019542828025,500-550,1.0
16959,559.2006594537061,0.048829528635416265,550-600,0.0
16960,538.9958526477719,0.07568115374809221,500-550,0.0
16961,491.19645549457437,0.1981134432438836,450-500,0.0
16962,491.19645549457437,0.1981134432438836,450-500,1.0
16963,482.21343962589975,0.2331560063827016,450-500,0.0
16964,526.173963235913,0.09918801566243694,500-550,0.0
16965,533.4937633091197,0.08506770049599559,500-550,0.0
16966,515.5691726723992,0.12333111085368767,500-550,0.0
16967,480.45885011115894,0.24048251270082274,450-500,0.0
16968,494.437277289353,0.18648611358952003,450-500,0.0
16969,541.4459491298413,0.07181503568991837,500-550,0.0
16970,495.48256051961005,0.18284987195382998,450-500,0.0
16971,481.8742448405411,0.23456015783485396,450-500,0.0
16972,482.7817993585968,0.23081633029792353,450-500,0.0
16973,543.0076610455649,0.06944666339051472,500-550,0.0
16974,529.8666130204606,0.0918212314577681,500-550,0.0
16975,515.9603878106304,0.1223571331490017,500-550,0.0
16976,490.41864469569305,0.20098393222680913,450-500,0.0
16977,529.1241891702173,0.09326172518504164,500-550,0.0
16978,523.8080694372818,0.10418034691604082,500-550,0.0
16979,546.4993764822844,0.06441074234275107,500-550,0.0
16980,534.8676491234069,0.08262938677325034,500-550,0.0
16981,510.0397992359508,0.13782172990691008,500-550,0.0
16982,509.23897875507544,0.14003513969019746,500-550,0.0
16983,443.373413978046,0.4272254178423141,<450,1.0
16984,504.63786206247227,0.15333373576796236,500-550,0.0
16985,452.84021027758297,0.3747459085880488,450-500,0.0
16986,563.2964893652729,0.04461723500912306,550-600,0.0
16987,472.93886709629294,0.27362905132605775,450-500,0.0
16988,500.2282628577169,0.16703247580507555,500-550,0.0
16989,518.2834355770343,0.11670916321177889,500-550,1.0
16990,482.8318792644214,0.23061096408242543,450-500,1.0
16991,480.1796291831624,0.2416628324305638,450-500,1.0
16992,491.82681761688264,0.1958098371188763,450-500,0.0
16993,440.990132986621,0.440750938397487,<450,0.0
16994,491.4333430690944,0.19724537216093868,450-500,0.0
16995,500.24210052329227,0.16698799734013395,500-550,0.0
16996,530.4375410050027,0.09072711992413875,500-550,0.0
16997,494.05787022069654,0.18781967655210452,450-500,0.0
16998,598.0054018006364,0.020513645617721142,550-600,0.0
16999,509.00404138878145,0.14069011117677716,500-550,0.0
17000,495.99568062400823,0.18108511542567313,450-500,0.0
17001,521.8020959247937,0.10858587410459059,500-550,1.0
17002,471.5389683734557,0.2801045750372303,450-500,0.0
17003,476.56742841171365,0.25728556026147875,450-500,0.0
17004,495.94560071818364,0.18125676766391355,450-500,0.0
17005,458.09767684370274,0.34674381168185053,450-500,0.0
17006,541.9093023580965,0.07110467992618821,500-550,0.0
17007,474.6926216326815,0.2656496676806243,450-500,0.0
17008,589.7581373106293,0.024713400948130602,550-600,0.0
17009,473.21073727745784,0.27238233422001373,450-500,0.0
17010,525.7697574455185,0.10002559439941905,500-550,1.0
17011,509.76730344551424,0.13857157020299973,500-550,0.0
17012,544.1664065905895,0.06773632603411824,500-550,0.0
17013,545.0531617546882,0.06645392480715111,500-550,0.0
17014,570.4644324441999,0.03806665373325293,550-600,0.0
17015,492.2906569027113,0.19412775435743382,450-500,1.0
17016,464.7804970171832,0.3126435901678856,450-500,0.0
17017,547.4887511193594,0.0630468290327836,500-550,0.0
17018,538.6478317513738,0.07624557200586088,500-550,0.0
17019,472.1463679212352,0.2772834455856754,450-500,0.0
17020,485.5825771429064,0.2195279784859531,450-500,0.0
17021,535.4350463095501,0.08164107322408545,500-550,0.0
17022,503.51821545419836,0.15672235711049726,500-550,0.0
17023,456.8472975670011,0.3533163786267786,450-500,1.0
17024,458.535303907972,0.34445703127042926,450-500,0.0
17025,502.8642089685593,0.15872977654832465,500-550,0.0
17026,529.1742690760418,0.09316392296586037,500-550,0.0
17027,473.0742132640913,0.2730079489943325,450-500,0.0
17028,468.07139871778645,0.2965407985691842,450-500,0.0
17029,498.5200479639612,0.17259617624773227,450-500,0.0
17030,494.8154794034872,0.18516406106090558,450-500,0.0
17031,484.87525161544465,0.2223408913741098,450-500,0.0
17032,582.2768090388673,0.02924032049898503,550-600,0.0
17033,545.0055385073715,0.06652221947359667,500-550,0.0
17034,515.0299906524501,0.12468438225115965,500-550,1.0
17035,507.81035501347844,0.14405759290259404,500-550,1.0
17036,479.6355494946198,0.24397407679991373,450-500,0.0
17037,524.8126929049558,0.10203388761474799,500-550,0.0
17038,482.3688390658478,0.23251466255552702,450-500,0.0
17039,524.5625441832416,0.10256465684712984,500-550,0.0
17040,504.0529535915541,0.15509642142988306,500-550,0.0
17041,450.5332947176095,0.38731590061719867,450-500,0.0
17042,482.4024848100736,0.23237596638864091,450-500,0.0
17043,478.8902796592474,0.2471641908515798,450-500,1.0
17044,521.313610526083,0.10968317774957854,500-550,0.0
17045,554.9082299035069,0.05364741655581862,550-600,0.0
17046,540.7418627383776,0.07290699423095695,500-550,0.0
17047,451.8535832321164,0.3801023161178501,450-500,1.0
17048,491.9201088207919,0.19547063907835588,450-500,1.0
17049,512.0961483478711,0.13227258750090426,500-550,0.0
17050,483.9108082389043,0.22621763311847923,450-500,0.0
17051,495.2380714412176,0.18369541901399744,450-500,0.0
17052,526.5941414292835,0.0983239613383115,500-550,0.0
17053,532.562143968694,0.08675804693599967,500-550,0.0
17054,499.4901717414824,0.1694186692956276,450-500,0.0
17055,533.3366339664803,0.08535068938702495,500-550,0.0
17056,553.4410612026413,0.05539470768114623,550-600,1.0
17057,511.9337545031752,0.13270383447173068,500-550,0.0
17058,440.4395287025769,0.44388901768161926,<450,0.0
17059,529.740457484383,0.09206458724872205,500-550,0.0
17060,458.77693105869304,0.3431975025669805,450-500,0.0
17061,520.4179986610027,0.11172029015583071,500-550,0.0
17062,456.7972176611765,0.3535808002767919,450-500,0.0
17063,491.9161260103351,0.19548511110809524,450-500,1.0
17064,461.1759447981784,0.3308138910017513,450-500,0.0
17065,504.37584097845826,0.15412132814407914,500-550,0.0
17066,494.19600480016516,0.18733330596231162,450-500,0.0
17067,541.5599466070657,0.07163966396012786,500-550,0.0
17068,530.6859010859408,0.09025484225807442,500-550,0.0
17069,597.128393129349,0.020924771230418616,550-600,0.0
17070,530.1922352439093,0.09119577220907671,500-550,0.0
17071,483.62384075855965,0.22738033843944833,450-500,0.0
17072,544.0203963756188,0.06794967041644437,500-550,0.0
17073,504.537436819175,0.15363520733086422,500-550,0.0
17074,503.51821545419836,0.15672235711049726,500-550,0.0
17075,455.9364464268579,0.3581395633647832,450-500,0.0
17076,528.4273518487679,0.09463218071410748,500-550,0.0
17077,502.8642089685593,0.15872977654832465,500-550,0.0
17078,549.4819170941113,0.060380576779389836,500-550,0.0
17079,533.3163102659823,0.08538735451447357,500-550,0.0
17080,476.5928736118506,0.2571732329463393,450-500,0.0
17081,493.72042929708715,0.1890118834590227,450-500,0.0
17082,500.5889576416382,0.16587618492959533,500-550,0.0
17083,483.3908430027613,0.22832747239130413,450-500,0.0
17084,491.483422974919,0.1970622228923593,450-500,0.0
17085,520.8244589175212,0.11079170835215911,500-550,0.0
17086,557.3808957667757,0.05081980071039477,550-600,0.0
17087,547.82378210618,0.06259110526494062,500-550,0.0
17088,495.32101109820036,0.18340823933531478,450-500,0.0
17089,475.9127011307281,0.2601868501188472,450-500,0.0
17090,523.7431262025066,0.10432046766310481,500-550,0.0
17091,486.68880100070834,0.21518018631815078,450-500,1.0
17092,504.4325836441865,0.153950488834916,500-550,0.0
17093,490.48578050754963,0.20073494685833143,450-500,0.0
17094,488.4491278035444,0.20839114405453288,450-500,1.0
17095,526.2118227529681,0.09910988520520853,500-550,0.0
17096,546.5289389871883,0.06436959329810292,500-550,0.0
17097,531.7110044793568,0.08832888066312412,500-550,0.0
17098,530.3296532190342,0.09093296994830555,500-550,0.0
17099,470.861803443797,0.2832703215249156,450-500,0.0
17100,498.0050067566714,0.17430220006974928,450-500,0.0
17101,428.7628787666761,0.5110968244116022,<450,0.0
17102,579.7282464676011,0.030958913867675197,550-600,0.0
17103,566.0157993113643,0.042014363271853726,550-600,0.0
17104,509.13312763089436,0.14032992083584098,500-550,0.0
17105,555.3521743396714,0.05312903803812656,550-600,0.0
17106,518.5704030573789,0.11602738724507079,500-550,0.0
17107,477.1523368826318,0.25471160728014114,450-500,0.0
17108,563.232571793873,0.04468022863620688,550-600,0.0
17109,517.1687825654827,0.11939040925327223,500-550,0.0
17110,572.3344848498423,0.03651570034988135,550-600,0.0
17111,478.1353160073592,0.25042424351368175,450-500,0.0
17112,492.8082473161225,0.19226372220007415,450-500,0.0
17113,551.6966138087851,0.05754191501749331,550-600,0.0
17114,525.693615624143,0.10018407436055912,500-550,0.0
17115,509.24783774181253,0.14001049212674818,500-550,0.0
17116,475.5526862998783,0.26179119107859733,450-500,0.0
17117,468.82211296382644,0.29293533228981616,450-500,1.0
17118,491.07551560550485,0.19855773359112303,450-500,0.0
17119,556.0644025031685,0.052307260269476755,550-600,0.0
17120,509.99956489616386,0.13793222985372586,500-550,0.0
17121,464.7804970171832,0.3126435901678856,450-500,0.0
17122,505.3395682789245,0.1512407515854661,500-550,0.0
17123,511.8222849875901,0.13300053751541854,500-550,0.0
17124,483.01811704979923,0.22984836874602388,450-500,1.0
17125,490.05141764607475,0.20234994999203293,450-500,1.0
17126,522.4116391013994,0.10723016369716656,500-550,0.0
17127,478.0326541349875,0.2508697584415822,450-500,0.0
17128,504.9926237161259,0.15227263626001225,500-550,0.0
17129,527.1868462405596,0.09711652727291703,500-550,1.0
17130,477.61553522386845,0.2526853173671441,450-500,0.0
17131,555.815214538245,0.05259340151647497,550-600,0.0
17132,475.6405614025529,0.2613990032053498,450-500,0.0
17133,576.8735064175902,0.03300010815680965,550-600,0.0
17134,526.8656399330443,0.09776922424043562,500-550,0.0
17135,478.71404879835535,0.24792262647261432,450-500,1.0
17136,564.0655191297741,0.04386593020733003,550-600,0.0
17137,543.0577409513894,0.06937192495380051,500-550,0.0
17138,510.0397992359508,0.13782172990691008,500-550,0.0
17139,490.1514852939989,0.20197703106001702,450-500,0.0
17140,474.05610073335686,0.2685285306115662,450-500,0.0
17141,513.9380440728602,0.1274640378396802,500-550,0.0
17142,437.50363319690945,0.46069135583046716,<450,1.0
17143,501.6840077480382,0.16240503133527676,500-550,0.0
17144,561.6708598781495,0.046245954908798896,550-600,1.0
17145,498.23415235985345,0.17354154024544818,450-500,0.0
17146,492.8082473161225,0.19226372220007415,450-500,0.0
17147,472.7261923676932,0.2746067910163863,450-500,0.0
17148,573.9425399319489,0.03523081231317875,550-600,0.0
17149,478.0827340408121,0.2506523641540528,450-500,0.0
17150,465.6882024472677,0.3081544655562953,450-500,1.0
17151,492.7581674102979,0.19244348063025468,450-500,0.0
17152,455.6995588523379,0.35939870807138147,450-500,0.0
17153,539.3247739433366,0.07515123967461806,500-550,0.0
17154,535.4851262153747,0.08155436133731031,500-550,0.0
17155,451.26867476119827,0.38329172571557224,450-500,0.0
17156,521.6016543400272,0.10903496273980087,500-550,0.0
17157,459.1666186655153,0.34117082770964274,450-500,1.0
17158,491.19645549457437,0.1981134432438836,450-500,0.0
17159,425.69798173980206,0.5287703708122998,<450,1.0
17160,554.9082299035069,0.05364741655581862,550-600,0.0
17161,528.1857246980469,0.09511157920847013,500-550,0.0
17162,488.66640775364056,0.20756419732603745,450-500,1.0
17163,498.89162723244743,0.17137358104845093,450-500,0.0
17164,474.93992706233746,0.2645364807762707,450-500,1.0
17165,523.8080694372818,0.10418034691604082,500-550,0.0
17166,468.82211296382644,0.29293533228981616,450-500,0.0
17167,477.1022569768072,0.2549313244693895,450-500,0.0
17168,442.70301914340934,0.43101993762701923,<450,0.0
17169,491.19645549457437,0.1981134432438836,450-500,1.0
17170,467.01582782357553,0.30165353895780406,450-500,0.0
17171,510.4713898369779,0.13664107847013945,500-550,0.0
17172,486.30550967377746,0.21667952385033215,450-500,0.0
17173,538.9958526477719,0.07568115374809221,500-550,0.0
17174,527.5089529617177,0.09646590845453355,500-550,0.0
17175,451.6166956575964,0.38139279536179604,450-500,0.0
17176,529.1881067416173,0.09313691529675733,500-550,0.0
17177,484.19002916690084,0.22509035897396545,450-500,0.0
17178,442.4860322484596,0.4322498705512857,<450,0.0
17179,504.34099740549823,0.15422631105970644,500-550,0.0
17180,492.2645015682663,0.19422231242416707,450-500,0.0
17181,492.153520035137,0.19462392721752408,450-500,0.0
17182,526.6740926881479,0.09816031090589096,500-550,0.0
17183,544.0596429869622,0.06789226366836176,500-550,1.0
17184,523.9733510171229,0.10382448742556383,500-550,1.0
17185,500.20984225724317,0.16709169991198658,500-550,0.0
17186,523.5103108185493,0.10482415653632998,500-550,0.0
17187,474.5429025937143,0.26632504362969467,450-500,0.0
17188,553.4969063480421,0.055327230155330316,550-600,0.0
17189,541.6364935379784,0.07152212736785411,500-550,0.0
17190,558.168117684713,0.04994956406806513,550-600,0.0
17191,489.8450307296549,0.20312070774247376,450-500,0.0
17192,477.3625265174313,0.2537907958317495,450-500,0.0
17193,530.6859010859408,0.09025484225807442,500-550,0.0
17194,464.7534929844752,0.31277768594584493,450-500,0.0
17195,547.1667124307183,0.06348779560550814,500-550,0.0
17196,530.6552754424829,0.09031295958229661,500-550,1.0
17197,523.9232711112984,0.10393219832715038,500-550,0.0
17198,491.24653540039895,0.1979296866791521,450-500,0.0
17199,571.0294032513059,0.03759153420497942,550-600,0.0
17200,476.39817058534356,0.2580335611458198,450-500,1.0
17201,522.3615591955747,0.10734098456780895,500-550,0.0
17202,547.9675329115937,0.06239651311998127,500-550,0.0
17203,530.8958416273754,0.0898573509690264,500-550,0.0
17204,530.0039034360149,0.09155705350561245,500-550,0.0
17205,514.8007195645414,0.12526366890082988,500-550,1.0
17206,491.19645549457437,0.1981134432438836,450-500,0.0
17207,536.2677844054049,0.08021007628371311,500-550,0.0
17208,487.96333427048825,0.21024879912002037,450-500,0.0
17209,482.4024848100736,0.23237596638864091,450-500,0.0
17210,486.27629047607104,0.21679413131487993,450-500,0.0
17211,514.1269503678642,0.12697940217662732,500-550,1.0
17212,571.6270217327499,0.037095162812538586,550-600,0.0
17213,512.4706362693572,0.13128263841738544,500-550,1.0
17214,483.9707853213583,0.2259751564164749,450-500,0.0
17215,488.66640775364056,0.20756419732603745,450-500,0.0
17216,521.9024594859471,0.1083616207691846,500-550,0.0
17217,476.54279370602603,0.25739434021136715,450-500,0.0
17218,504.2393169650917,0.15453300627532005,500-550,0.0
17219,530.3975271598447,0.09080341740245979,500-550,1.0
17220,569.729534274381,0.03869331140607777,550-600,0.0
17221,453.60333006216376,0.3706237843907679,450-500,0.0
17222,479.72785142363614,0.2435809269391205,450-500,1.0
17223,494.57859182896715,0.18599128155955003,450-500,0.0
17224,513.7688801331421,0.12789936450741216,500-550,1.0
17225,462.2281781628707,0.32545416059104976,450-500,1.0
17226,518.6220035919608,0.11590516256425332,500-550,0.0
17227,546.0747560714792,0.06500449427148147,500-550,0.0
17228,496.87599787636395,0.17808842376729717,450-500,0.0
17229,541.3996059634583,0.0718864423860361,500-550,0.0
17230,548.0176128174182,0.06232885384372635,500-550,0.0
17231,489.89195485386887,0.2029452763469105,450-500,0.0
17232,482.4024848100736,0.23237596638864091,450-500,1.0
17233,517.8983141570833,0.11762959459985775,500-550,0.0
17234,505.07992736992196,0.15201243461758238,500-550,0.0
17235,477.1779081595992,0.25459946567462705,450-500,0.0
17236,493.6272925279808,0.18934196371179496,450-500,0.0
17237,527.2553275398666,0.0969778758929823,500-550,0.0
17238,498.0816424710752,0.17404751181706443,450-500,0.0
17239,444.3910254843803,0.4214820769578364,<450,0.0
17240,525.6713445107642,0.10023047114144466,500-550,0.0
17241,475.87744897707296,0.26034366311924406,450-500,0.0
17242,535.2261691549344,0.08200364434089592,500-550,0.0
17243,544.1481818596066,0.06776292132728853,500-550,0.0
17244,445.23306688434315,0.4167455830161284,<450,0.0
17245,493.82621348398993,0.18863751576658885,450-500,0.0
17246,483.9707853213583,0.2259751564164749,450-500,0.0
17247,447.03166637458673,0.40668077547868836,<450,1.0
17248,534.6494039882957,0.08301242506427163,500-550,0.0
17249,485.30723857478665,0.22061990295185643,450-500,0.0
17250,482.115517329729,0.23356077004228804,450-500,0.0
17251,549.9629537148925,0.059753081711389266,500-550,0.0
17252,530.2438357784912,0.09109700977569654,500-550,0.0
17253,481.09379301762584,0.23781318375729651,450-500,0.0
17254,558.142672484576,0.04997747043840811,550-600,0.0
17255,504.0355591755633,0.1551490938391408,500-550,0.0
17256,466.6519251667239,0.30342769208933307,450-500,0.0
17257,479.64444595653566,0.24393616459488224,450-500,1.0
17258,517.522099726354,0.11853480664094572,500-550,0.0
17259,465.6381225414431,0.30840120676376764,450-500,0.0
17260,564.5517464579661,0.04339715419216947,550-600,0.0
17261,538.2755309413852,0.07685364065103023,500-550,0.0
17262,480.0152187046761,0.24235967035931846,450-500,1.0
17263,554.9082299035069,0.05364741655581862,550-600,1.0
17264,491.8127238087401,0.1958611195778794,450-500,0.0
17265,544.3984344737027,0.06739857359487886,500-550,0.0
17266,450.0856805006699,0.38977294247911926,450-500,0.0
17267,581.4211882542639,0.029806723812318733,550-600,0.0
17268,424.39655716821494,0.5362557648917154,<450,0.0
17269,528.4840203501535,0.09452006168443856,500-550,0.0
17270,502.95663020108043,0.15844483659692116,500-550,0.0
17271,459.61423288245487,0.33885003620371984,450-500,1.0
17272,527.0751826310748,0.09734298759913301,500-550,1.0
17273,465.500167532944,0.3090814698654418,450-500,1.0
17274,510.55591231947744,0.1364108596044787,500-550,0.0
17275,472.42558884923176,0.27599246695167706,450-500,1.0
17276,574.9635220439114,0.03443773977595815,550-600,0.0
17277,534.8506956103638,0.08265908388866905,500-550,0.0
17278,462.300529182074,0.3250872811686714,450-500,1.0
17279,513.4303400696966,0.12877437432178301,500-550,1.0
17280,544.5056776072189,0.06724299315992838,500-550,0.0
17281,533.4487665665159,0.08514865225372252,500-550,0.0
17282,505.6000186828953,0.1504698999965095,500-550,0.0
17283,511.65825381740257,0.13343816720144508,500-550,0.0
17284,499.79861186718546,0.16841822080702787,450-500,0.0
17285,559.5020709532804,0.04850709469094176,550-600,0.0
17286,561.9010846927658,0.04601189960710599,550-600,0.0
17287,507.3370376344641,0.14541130662062798,500-550,0.0
17288,521.9740120371301,0.10820199155415013,500-550,0.0
17289,490.31790642271426,0.20135797194927854,450-500,0.0
17290,520.4772715835901,0.1115844552444922,500-550,1.0
17291,538.7428439413347,0.07609109967218139,500-550,0.0
17292,586.2179567251899,0.026763445446521896,550-600,0.0
17293,541.0023177233585,0.07250128648524388,500-550,0.0
17294,446.8448587058913,0.4077226496149066,<450,1.0
17295,498.39512163508243,0.17300876481334965,450-500,0.0
17296,469.63311063351,0.2890693465012493,450-500,0.0
17297,510.0898791417754,0.1376842939191924,500-550,0.0
17298,541.7373996502032,0.07136745959314142,500-550,0.0
17299,560.3393727770423,0.04762196528915584,550-600,0.0
17300,517.7322233822154,0.11802848579304932,500-550,0.0
17301,520.8477835568495,0.11073862738687812,500-550,0.0
17302,519.0215266932687,0.11496260567576429,500-550,1.0
17303,471.6490253617343,0.27959210504631193,450-500,0.0
17304,549.4010255481935,0.060486700737760545,500-550,0.0
17305,532.562143968694,0.08675804693599967,500-550,0.0
17306,498.0050067566714,0.17430220006974928,450-500,1.0
17307,503.51821545419836,0.15672235711049726,500-550,1.0
17308,500.667508676093,0.16562522332870058,500-550,0.0
17309,445.23306688434315,0.4167455830161284,<450,0.0
17310,533.4937633091197,0.08506770049599559,500-550,0.0
17311,576.525233959635,0.03325785767613517,550-600,0.0
17312,475.6906413083775,0.26117566573481704,450-500,1.0
17313,464.3098553147372,0.31498516233899826,450-500,0.0
17314,519.9785912338314,0.11273178814198191,500-550,1.0
17315,492.8270934555299,0.19219610840050746,450-500,0.0
17316,459.56415297663034,0.33910930853016974,450-500,1.0
17317,531.4085821935171,0.08889317827165191,500-550,0.0
17318,509.5767590373772,0.1390979323470269,500-550,0.0
17319,505.66886911274565,0.15026666534265318,500-550,0.0
17320,507.75797731285104,0.1442068786664665,500-550,0.0
17321,429.5892976896471,0.5063247266373893,<450,0.0
17322,491.4333430690944,0.19724537216093868,450-500,0.0
17323,500.1781829518924,0.16719352701940723,500-550,1.0
17324,511.60151115167434,0.13358983810192113,500-550,0.0
17325,583.143240813595,0.028677403430710523,550-600,0.0
17326,546.073132662212,0.06500677404770712,500-550,0.0
17327,504.6565940188739,0.15327755700723442,500-550,0.0
17328,485.1922154341869,0.2210772077383559,450-500,1.0
17329,503.51821545419836,0.15672235711049726,500-550,0.0
17330,515.0299906524501,0.12468438225115965,500-550,1.0
17331,568.7085521624185,0.03958036890897587,550-600,0.0
17332,543.211172143047,0.0691434098946747,500-550,0.0
17333,545.3171875783586,0.06607647555001693,500-550,0.0
17334,474.39370842346665,0.26699913892866595,450-500,0.0
17335,501.8661892928633,0.16183325684331928,500-550,1.0
17336,512.0591725621101,0.13237067444784356,500-550,0.0
17337,566.7198857028279,0.041364452489454875,550-600,0.0
17338,529.6514599698725,0.09223661319235736,500-550,0.0
17339,492.8270934555299,0.19219610840050746,450-500,0.0
17340,530.7569558828893,0.09012013353147341,500-550,0.0
17341,543.1526583522242,0.06923047597557601,500-550,0.0
17342,570.659135470707,0.03790226792933244,550-600,0.0
17343,528.0823224964519,0.09531739681006159,500-550,1.0
17344,586.0791363192625,0.02684711689430027,550-600,0.0
17345,523.103983045818,0.10570837883167553,500-550,1.0
17346,463.1808464344297,0.3206406228451123,450-500,1.0
17347,514.6121081318366,0.1257419504490773,500-550,0.0
17348,491.9208655865361,0.19546788936900966,450-500,0.0
17349,498.0797706088225,0.17405372919260037,450-500,0.0
17350,529.2381866474418,0.09303923053382207,500-550,0.0
17351,503.51821545419836,0.15672235711049726,500-550,0.0
17352,495.5991098121587,0.18244785964323326,450-500,0.0
17353,545.3171875783586,0.06607647555001693,500-550,0.0
17354,562.5778445128875,0.0453303914772603,550-600,0.0
17355,511.86353223568835,0.13289068259686665,500-550,0.0
17356,540.7919426442022,0.07282882324481306,500-550,0.0
17357,463.18435551105466,0.3206229621066093,450-500,0.0
17358,576.9423530090163,0.032949385049656325,550-600,0.0
17359,513.1508221549229,0.12950067238363974,500-550,0.0
17360,549.6895854709248,0.060108927932402606,500-550,0.0
17361,469.9969992003992,0.2873445818672995,450-500,1.0
17362,594.4673583058495,0.022222174308302284,550-600,0.0
17363,523.9232711112984,0.10393219832715038,500-550,1.0
17364,471.90948034671516,0.27838160924786387,450-500,0.0
17365,506.8502718827666,0.14681447680811072,500-550,0.0
17366,508.74526744276807,0.14141449849224264,500-550,0.0
17367,538.8865947467484,0.07585793321648743,500-550,0.0
17368,511.60817391157804,0.13357202125561227,500-550,0.0
17369,497.91432425520077,0.1746039505718063,450-500,0.0
17370,529.9818146944772,0.0915995110795399,500-550,0.0
17371,491.24653540039895,0.1979296866791521,450-500,0.0
17372,510.0898791417754,0.1376842939191924,500-550,0.0
17373,505.2506213000131,0.1515047491917982,500-550,1.0
17374,486.6511330590902,0.21532719939700362,450-500,0.0
17375,489.70040760897245,0.20366210907067148,450-500,0.0
17376,566.3937576035888,0.041664282187387706,550-600,0.0
17377,503.51821545419836,0.15672235711049726,500-550,0.0
17378,458.7456789871283,0.3433602863312262,450-500,0.0
17379,496.37719131921074,0.17978161709338786,450-500,0.0
17380,533.9234142996511,0.0842982424993879,500-550,0.0
17381,469.0590005383465,0.291802972649447,450-500,0.0
17382,560.4731626032435,0.04748196248137483,550-600,0.0
17383,439.1570377148499,0.4512153271799665,<450,1.0
17384,499.67591211495113,0.16881564113721323,450-500,0.0
17385,511.13847095310075,0.13483298228240045,500-550,0.0
17386,463.93845561722037,0.3168396468461481,450-500,0.0
17387,492.99505498481795,0.19159431758471915,450-500,0.0
17388,457.55482684396713,0.3495902790301484,450-500,1.0
17389,494.437277289353,0.18648611358952003,450-500,0.0
17390,485.68446133281725,0.21912491693032696,450-500,0.0
17391,521.1813579750537,0.1099819297452015,500-550,1.0
17392,537.3678255113008,0.0783548435652977,500-550,0.0
17393,541.4459491298413,0.07181503568991837,500-550,0.0
17394,561.9010846927658,0.04601189960710599,550-600,0.0
17395,489.19442075343636,0.20556473445311912,450-500,0.0
17396,517.6670970330133,0.1181852157238804,500-550,1.0
17397,601.1812803606399,0.019089994332844286,600-650,0.0
17398,474.93992706233746,0.2645364807762707,450-500,0.0
17399,534.1484905901052,0.08389768238593438,500-550,0.0
17400,540.6086473060794,0.07311531001742086,500-550,0.0
17401,488.8904228476002,0.20671415568553705,450-500,1.0
17402,539.8378940477347,0.07433137331832312,500-550,1.0
17403,479.44088394329157,0.24480464125588075,450-500,0.0
17404,545.4875650764845,0.06583396376142461,500-550,0.0
17405,502.95663020108043,0.15844483659692116,500-550,0.0
17406,536.8815565512571,0.0791700507805616,500-550,0.0
17407,563.6974911211614,0.04422395765938209,550-600,0.0
17408,488.71648765946514,0.20737394180643515,450-500,1.0
17409,485.5825771429064,0.2195279784859531,450-500,0.0
17410,492.1108236845625,0.19477860243424855,450-500,0.0
17411,512.4706362693572,0.13128263841738544,500-550,0.0
17412,535.5629237738608,0.08141982358457465,500-550,0.0
17413,568.716798944327,0.03957312635930654,550-600,0.0
17414,499.34340499197367,0.16989637675106045,450-500,0.0
17415,515.2805121430412,0.12405403151019578,500-550,0.0
17416,513.9881239786847,0.1273354051047993,500-550,0.0
17417,485.5825771429064,0.2195279784859531,450-500,0.0
17418,513.371855664519,0.12892605218995423,500-550,0.0
17419,551.2083547063723,0.058156765429969996,550-600,0.0
17420,536.014806256306,0.08064236160308359,500-550,0.0
17421,516.010467716455,0.1222329321610108,500-550,0.0
17422,584.6562448094663,0.027719532952022955,550-600,0.0
17423,522.9889599052183,0.10595987598193422,500-550,0.0
17424,486.31029520084184,0.2166607575903046,450-500,0.0
17425,516.2814008358962,0.12156288309841357,500-550,1.0
17426,480.6123322185785,0.23983539498812279,450-500,0.0
17427,491.24653540039895,0.1979296866791521,450-500,0.0
17428,480.67329502519397,0.23957869202057358,450-500,1.0
17429,526.6442213351081,0.09822142548386142,500-550,0.0
17430,529.6073267729911,0.09232202662596015,500-550,0.0
17431,496.87599787636395,0.17808842376729717,450-500,0.0
17432,522.4116391013994,0.10723016369716656,500-550,1.0
17433,476.39472769984116,0.2580487909950115,450-500,1.0
17434,492.2909685933543,0.19412662772864622,450-500,1.0
17435,503.3884165783918,0.1571191132751341,500-550,0.0
17436,560.3393727770423,0.04762196528915584,550-600,0.0
17437,521.8985189970012,0.10837041775823127,500-550,0.0
17438,495.5326404254346,0.18267704764429044,450-500,0.0
17439,486.14927997474945,0.21729281833607642,450-500,1.0
17440,563.2417782150791,0.044671150072666095,550-600,0.0
17441,539.7878141419102,0.07441102763599186,500-550,0.0
17442,561.8510047869413,0.04606271660208005,550-600,0.0
17443,524.4128251442743,0.10288350154100508,500-550,0.0
17444,563.1440329212287,0.04476762772464365,550-600,0.0
17445,497.10819000673354,0.177304521216913,450-500,0.0
17446,544.308522503214,0.06752926854812931,500-550,0.0
17447,460.046935917871,0.33661389656755947,450-500,1.0
17448,545.8833759866998,0.06527376509873774,500-550,1.0
17449,517.7103362681363,0.11808113817103419,500-550,0.0
17450,520.1363877744783,0.11236763022127191,500-550,0.0
17451,478.0326541349875,0.2508697584415822,450-500,1.0
17452,531.7521592073218,0.08825233953438472,500-550,1.0
17453,572.9832089004861,0.03599201095178319,550-600,0.0
17454,530.3296532190342,0.09093296994830555,500-550,0.0
17455,539.7878141419102,0.07441102763599186,500-550,0.0
17456,541.0584019713966,0.07241419743391904,500-550,0.0
17457,526.9375360712471,0.09762279109474487,500-550,1.0
17458,507.83074894677145,0.1439995013402944,500-550,0.0
17459,474.70086841459005,0.2656124985934978,450-500,1.0
17460,459.61423288245487,0.33885003620371984,450-500,0.0
17461,468.07139871778645,0.2965407985691842,450-500,0.0
17462,505.70777999841687,0.1501519070527981,500-550,0.0
17463,511.6812732790458,0.133376678641544,500-550,0.0
17464,424.1173362402184,0.5378597472785372,<450,1.0
17465,493.8244255316789,0.18864383855596212,450-500,0.0
17466,489.70040760897245,0.20366210907067148,450-500,1.0
17467,609.3055674434693,0.01587468926286443,600-650,0.0
17468,525.7970840168605,0.09996877181598054,500-550,0.0
17469,475.3919795224575,0.26250940935718853,450-500,1.0
17470,505.99913239342936,0.14929492499099306,500-550,0.0
17471,543.493454578621,0.06872480779570402,500-550,0.0
17472,523.6930462966819,0.10442863315222857,500-550,0.0
17473,478.64892244915325,0.24820330184576953,450-500,0.0
17474,474.00602082753227,0.26875586850029887,450-500,1.0
17475,538.3497129805663,0.07673212757580496,500-550,0.0
17476,476.34464779401657,0.25827038930240376,450-500,0.0
17477,478.940359565072,0.2469489491363944,450-500,0.0
17478,530.3613991836272,0.09087235500425087,500-550,0.0
17479,446.4003516170435,0.41020510139943894,<450,1.0
17480,500.5179096140695,0.16610343758273335,500-550,0.0
17481,538.3973671478972,0.07665416114355174,500-550,0.0
17482,571.2440439416253,0.037412527179575904,550-600,0.0
17483,512.3279527591703,0.13165907482573969,500-550,1.0
17484,566.7198857028279,0.041364452489454875,550-600,0.0
17485,459.89345381045143,0.33740623663460706,450-500,0.0
17486,503.56585621708604,0.1565769383828189,500-550,0.0
17487,547.1724555699878,0.06347990642145669,500-550,0.0
17488,576.150391514878,0.03353744293915559,550-600,0.0
17489,511.86353223568835,0.13289068259686665,500-550,0.0
17490,538.5335827125922,0.07643170087482212,500-550,0.0
17491,529.1742690760418,0.09316392296586037,500-550,0.0
17492,488.71648765946514,0.20737394180643515,450-500,0.0
17493,548.737283333179,0.06136409555932698,500-550,0.0
17494,484.7225124757096,0.22295167651046702,450-500,0.0
17495,548.162198462922,0.06213389894351273,500-550,0.0
17496,536.3565470058145,0.08005890200219706,500-550,0.0
17497,555.0965162411256,0.053426981009969836,550-600,1.0
17498,531.1696898793406,0.08934123149446306,500-550,0.0
17499,519.0598487585232,0.11487254747464543,500-550,0.0
17500,473.74380387402744,0.26994818859422604,450-500,0.0
17501,518.5704030573789,0.11602738724507079,500-550,0.0
17502,522.3615591955747,0.10734098456780895,500-550,0.0
17503,445.5200343646877,0.4151348458659417,<450,0.0
17504,499.2324234588443,0.1702583186680585,450-500,1.0
17505,521.8267306304813,0.10853079236187396,500-550,0.0
17506,488.71648765946514,0.20737394180643515,450-500,1.0
17507,493.91874304834266,0.18831052269224843,450-500,0.0
17508,484.02086522718287,0.2257728332670972,450-500,0.0
17509,528.654303839899,0.09418387018050133,500-550,0.0
17510,488.54041426779725,0.2080434211462286,450-500,0.0
17511,501.1957486456255,0.16394545657502382,500-550,0.0
17512,470.69692697349285,0.2840443867140171,450-500,0.0
17513,523.2258474797384,0.1054424976588246,500-550,0.0
17514,546.0794956476802,0.06499783884430227,500-550,0.0
17515,474.2323315942489,0.26772949844229493,450-500,0.0
17516,535.4199998661726,0.08166714210468713,500-550,0.0
17517,522.4116391013994,0.10723016369716656,500-550,0.0
17518,469.5830307276854,0.2893071963895444,450-500,0.0
17519,508.56274634472567,0.14192730244140084,500-550,1.0
17520,572.3344848498423,0.03651570034988135,550-600,0.0
17521,468.07139871778645,0.2965407985691842,450-500,0.0
17522,480.71070407791666,0.23942126270289846,450-500,0.0
17523,516.5174560292904,0.12098167333989529,500-550,0.0
17524,534.4554590940517,0.08335416886353678,500-550,1.0
17525,494.4873571951776,0.18631063601927347,450-500,0.0
17526,528.4421915202912,0.0946028088145588,500-550,0.0
17527,521.0101344306554,0.11036977447534618,500-550,1.0
17528,536.0648861621305,0.08055661741273135,500-550,0.0
17529,507.3635501298278,0.14533520116418572,500-550,0.0
17530,558.8722040761767,0.04918320734366197,550-600,0.0
17531,549.8413458171558,0.05991113570504952,500-550,0.0
17532,516.4673761234659,0.1211047783374104,500-550,0.0
17533,469.08585580902894,0.29167476278601084,450-500,0.0
17534,484.18116040051456,0.22512610270171107,450-500,0.0
17535,524.761092370374,0.10214317470018872,500-550,0.0
17536,559.4202849137257,0.048594384743949025,550-600,0.0
17537,487.0096530906178,0.21393089618223754,450-500,0.0
17538,506.90035178859114,0.14666959876376862,500-550,0.0
17539,517.3377961991922,0.11898045704069299,500-550,0.0
17540,545.777211832837,0.06542358459847172,500-550,0.0
17541,470.03064494462507,0.28718541775984247,450-500,1.0
17542,543.493454578621,0.06872480779570402,500-550,0.0
17543,505.321924549947,0.15129308868786354,500-550,1.0
17544,485.11155755869487,0.2213982890631335,450-500,0.0
17545,465.99786165570816,0.3066312258041041,450-500,0.0
17546,467.2992734734694,0.3002757330419527,450-500,0.0
17547,549.7396653767494,0.06004359033345918,500-550,0.0
17548,503.56829536002294,0.15656949609741413,500-550,0.0
17549,490.48578050754963,0.20073494685833143,450-500,0.0
17550,476.05728677623176,0.259544327258022,450-500,0.0
17551,440.990132986621,0.440750938397487,<450,0.0
17552,521.4088909240157,0.1094683852138815,500-550,0.0
17553,537.6265980778542,0.07792416101936114,500-550,0.0
17554,477.8446808270505,0.2516868590026684,450-500,0.0
17555,527.0432328136972,0.09740787032800692,500-550,0.0
17556,465.01738459170326,0.31146860657848574,450-500,0.0
17557,543.7330353578341,0.0683713715569476,500-550,0.0
17558,441.44191074614724,0.4381796244095651,<450,0.0
17559,507.7806690409469,0.1441421874183523,500-550,0.0
17560,476.34464779401657,0.25827038930240376,450-500,0.0
17561,515.2550669429043,0.1241179305400994,500-550,0.0
17562,498.33430759049253,0.17320989470539216,450-500,0.0
17563,516.5174560292904,0.12098167333989529,500-550,0.0
17564,524.9918515867531,0.10165524370396095,500-550,0.0
17565,522.3615591955747,0.10734098456780895,500-550,1.0
17566,532.0736585699835,0.08765646210884172,500-550,0.0
17567,516.1204315606673,0.1219605963417855,500-550,1.0
17568,605.7375479852319,0.017215351383795416,600-650,0.0
17569,542.4488233840553,0.07028573215078478,500-550,0.0
17570,520.9444704005338,0.11051883002250962,500-550,0.0
17571,488.8904228476002,0.20671415568553705,450-500,1.0
17572,529.1241891702173,0.09326172518504164,500-550,0.0
17573,592.1315164061525,0.023425578609032865,550-600,0.0
17574,562.1631057767798,0.045746890833475745,550-600,0.0
17575,536.9331987176905,0.07908310851556481,500-550,0.0
17576,494.78886890821934,0.18525684399417405,450-500,0.0
17577,567.3504022599391,0.040790624363936254,550-600,0.0
17578,535.4350463095501,0.08164107322408545,500-550,0.0
17579,522.0389834993136,0.1080572233582415,500-550,0.0
17580,471.9183491131014,0.27834044730816654,450-500,0.0
17581,514.1482688460079,0.12692480899858952,500-550,1.0
17582,531.0027968064397,0.08965545440417667,500-550,1.0
17583,451.6166956575964,0.38139279536179604,450-500,0.0
17584,484.8251717096201,0.22254102304359724,450-500,0.0
17585,476.19844642882737,0.25891802417427984,450-500,1.0
17586,558.168117684713,0.04994956406806513,550-600,0.0
17587,484.02086522718287,0.2257728332670972,450-500,0.0
17588,566.3937511779231,0.041664288115329635,550-600,0.0
17589,449.2246029251618,0.394515239185253,<450,1.0
17590,513.371855664519,0.12892605218995423,500-550,1.0
17591,509.9494849903393,0.13806987370351467,500-550,0.0
17592,485.85917156495196,0.21843498989368387,450-500,0.0
17593,461.59644279061035,0.3286666435474023,450-500,0.0
17594,472.2652936759,0.27673313724073334,450-500,0.0
17595,491.19645549457437,0.1981134432438836,450-500,0.0
17596,520.9945503063583,0.11040513406555384,500-550,0.0
17597,495.99568062400823,0.18108511542567313,450-500,0.0
17598,538.8865947467484,0.07585793321648743,500-550,0.0
17599,551.2584346121969,0.058093418649075905,550-600,0.0
17600,533.4937633091197,0.08506770049599559,500-550,0.0
17601,466.9007630511243,0.30221388300895585,450-500,0.0
17602,509.5699139056324,0.13911687257628866,500-550,0.0
17603,548.4836459951204,0.06170250732081564,500-550,0.0
17604,497.95492685084685,0.1744687925360347,450-500,0.0
17605,490.4044940004361,0.2010364421390757,450-500,0.0
17606,492.3161021028483,0.1940357971435571,450-500,0.0
17607,510.10326703923903,0.1376475725717944,500-550,0.0
17608,458.6355239989456,0.3439343479631234,450-500,1.0
17609,518.4553382849276,0.11630034109005065,500-550,0.0
17610,471.6490253617343,0.27959210504631193,450-500,1.0
17611,523.1132863499262,0.10568806025932145,500-550,0.0
17612,512.7712376657728,0.1304925630845058,500-550,0.0
17613,477.3786476493484,0.253720262178886,450-500,0.0
17614,471.1899256521066,0.2817336493588574,450-500,0.0
17615,514.6621880376612,0.1256148053973443,500-550,0.0
17616,517.8424841199983,0.11776354803630017,500-550,0.0
17617,506.2183059345974,0.14865291044878257,500-550,0.0
17618,494.4873571951776,0.18631063601927347,450-500,1.0
17619,542.3536545599258,0.07042955436003705,500-550,0.0
17620,511.65159105749893,0.13345596894341272,500-550,0.0
17621,515.6195610268953,0.12320529013421846,500-550,0.0
17622,519.5559563819529,0.11371220965233844,500-550,0.0
17623,585.1220717786998,0.027430930403521285,550-600,0.0
17624,460.1539087954323,0.3360621994293607,450-500,0.0
17625,471.5389683734557,0.2801045750372303,450-500,0.0
17626,483.0232227598135,0.22982748712662154,450-500,0.0
17627,499.4901717414824,0.1694186692956276,450-500,1.0
17628,510.3267667162954,0.13703575546989577,500-550,0.0
17629,534.5508150092946,0.08318598586734277,500-550,0.0
17630,522.082388729027,0.10796060350997143,500-550,0.0
17631,549.7396653767494,0.06004359033345918,500-550,0.0
17632,477.4889291079781,0.25323810256906054,450-500,0.0
17633,500.404493718609,0.16646672373681304,500-550,0.0
17634,544.3984344737027,0.06739857359487886,500-550,0.0
17635,503.56829536002294,0.15656949609741413,500-550,0.0
17636,455.74963875816246,0.359132352776717,450-500,0.0
17637,541.3593615521194,0.07194850510241518,500-550,0.0
17638,513.6087432390391,0.12831262932006887,500-550,1.0
17639,465.99786165570816,0.3066312258041041,450-500,0.0
17640,520.7596129400642,0.11093939840813358,500-550,0.0
17641,509.64067660877714,0.13892117909712814,500-550,0.0
17642,529.4905425251067,0.09254838852975233,500-550,0.0
17643,541.4960290356659,0.07173794490750102,500-550,0.0
17644,490.3931583955833,0.20107851331681603,450-500,0.0
17645,585.2360692559243,0.02736074933797919,550-600,0.0
17646,485.3458933178907,0.2204663731751951,450-500,0.0
17647,497.0943523411582,0.1773511625294019,450-500,0.0
17648,517.4056701400027,0.11881616787114047,500-550,0.0
17649,562.334793580341,0.045574034069517703,550-600,1.0
17650,523.9963557749004,0.10377504232243319,500-550,0.0
17651,573.9926198377734,0.03519150437624364,550-600,0.0
17652,502.8141290627347,0.15888434936189855,500-550,0.0
17653,517.5632831702627,0.11843542176800116,500-550,0.0
17654,461.54636288478576,0.32892200046315134,450-500,0.0
17655,517.3555902341782,0.11893736750750987,500-550,0.0
17656,450.03560059484533,0.39004819176703864,450-500,0.0
17657,570.0946411280247,0.03838075189137816,550-600,0.0
17658,520.8088747932242,0.11082718627909886,500-550,0.0
17659,492.8082473161225,0.19226372220007415,450-500,0.0
17660,502.80136746193256,0.15892375785927113,500-550,0.0
17661,488.1002193452994,0.20972412945459853,450-500,1.0
17662,522.3615591955747,0.10734098456780895,500-550,0.0
17663,529.4249943161373,0.09267565833135673,500-550,0.0
17664,567.3269897364968,0.04081179500865435,550-600,0.0
17665,503.51821545419836,0.15672235711049726,500-550,0.0
17666,522.184419182119,0.10773378318311516,500-550,0.0
17667,543.405887924618,0.06885441033080077,500-550,0.0
17668,530.5665407935542,0.09048153890607272,500-550,0.0
17669,547.9675329115937,0.06239651311998127,500-550,0.0
17670,491.19645549457437,0.1981134432438836,450-500,0.0
17671,514.918521136865,0.1249657386631952,500-550,0.0
17672,492.8082473161225,0.19226372220007415,450-500,0.0
17673,565.0029163067177,0.04296645797515085,550-600,0.0
17674,491.80549913873887,0.19588741157419337,450-500,0.0
17675,524.4128251442743,0.10288350154100508,500-550,1.0
17676,509.837214022358,0.1383788679172245,500-550,0.0
17677,490.54244900893525,0.20052496124267946,450-500,1.0
17678,490.1178811816246,0.20210220516415403,450-500,0.0
17679,510.8095496575361,0.13572197275996883,500-550,1.0
17680,543.493454578621,0.06872480779570402,500-550,0.0
17681,536.2620412661355,0.08021986656845655,500-550,0.0
17682,456.0052561670382,0.35777417980555315,450-500,0.0
17683,523.7431262025066,0.10432046766310481,500-550,0.0
17684,503.0745840477156,0.15808178140363138,500-550,0.0
17685,506.1427426058005,0.14887399669843782,500-550,1.0
17686,467.2637096291712,0.3004484087848408,450-500,1.0
17687,489.34074265904997,0.2050131802731031,450-500,0.0
17688,500.1781829518924,0.16719352701940723,500-550,0.0
17689,476.34464779401657,0.25827038930240376,450-500,0.0
17690,464.7804970171832,0.3126435901678856,450-500,0.0
17691,460.18042129079606,0.33592553413279763,450-500,0.0
17692,528.4201027787536,0.09464653163891058,500-550,0.0
17693,457.55482684396713,0.3495902790301484,450-500,0.0
17694,467.3601751007742,0.29998016452817683,450-500,0.0
17695,533.7295835884129,0.08464458669534325,500-550,0.0
17696,547.82378210618,0.06259110526494062,500-550,0.0
17697,503.51821545419836,0.15672235711049726,500-550,0.0
17698,535.0554752248432,0.0823010247575445,500-550,0.0
17699,558.2872581300796,0.04981909612497491,550-600,0.0
17700,474.76482830750086,0.265324337570816,450-500,0.0
17701,542.823357518403,0.06972235708363414,500-550,0.0
17702,556.2612491585018,0.052082262801267216,550-600,0.0
17703,438.8617830993889,0.45290510494580594,<450,0.0
17704,543.0787158425134,0.06934064448996241,500-550,0.0
17705,564.5857926763264,0.04336450969209099,550-600,0.0
17706,579.6220823137385,0.03103258710412639,550-600,0.0
17707,483.62384075855965,0.22738033843944833,450-500,0.0
17708,516.5683683162408,0.12085663284249325,500-550,0.0
17709,498.8003407681946,0.17167330000001435,450-500,1.0
17710,554.0072496109825,0.05471415924099984,550-600,0.0
17711,511.81193170110646,0.1330281237731068,500-550,1.0
17712,520.043251005372,0.1125824439230958,500-550,0.0
17713,448.91023161141374,0.3962516204292228,<450,0.0
17714,477.39764264372525,0.2536371713231761,450-500,0.0
17715,506.7225295770797,0.14718456391332863,500-550,0.0
17716,496.2570505173963,0.18019130716533494,450-500,0.0
17717,503.51821545419836,0.15672235711049726,500-550,0.0
17718,492.7581674102979,0.19244348063025468,450-500,0.0
17719,487.0143815923055,0.21391252452142867,450-500,1.0
17720,491.9161260103351,0.19548511110809524,450-500,0.0
17721,504.42592088428285,0.15397054086540637,500-550,0.0
17722,524.9493787079925,0.10174489539689414,500-550,0.0
17723,509.19775783598794,0.14014987272853774,500-550,1.0
17724,503.56829536002294,0.15656949609741413,500-550,0.0
17725,461.73434077373287,0.3279640266374035,450-500,0.0
17726,538.9796173328489,0.07570739856832075,500-550,0.0
17727,493.6773724338053,0.18916442373966194,450-500,0.0
17728,506.0926626999759,0.14902067195323307,500-550,0.0
17729,483.16080055998606,0.22926531491845628,450-500,0.0
17730,497.1892697419929,0.1770314267742946,450-500,0.0
17731,565.1145799162025,0.042860493436991526,550-600,0.0
17732,504.70365149612485,0.15313650191884315,500-550,0.0
17733,534.9787048221168,0.08243509280677186,500-550,0.0
17734,467.60012094090024,0.29881727653826823,450-500,0.0
17735,516.1353610807404,0.12192366228905685,500-550,0.0
17736,522.1177628425437,0.10788191706003919,500-550,0.0
17737,497.48339742414345,0.17604351103896157,450-500,0.0
17738,525.3048381182301,0.1009967501258803,500-550,0.0
17739,478.0827340408121,0.2506523641540528,450-500,0.0
17740,505.8577253336819,0.14971035406732366,500-550,0.0
17741,530.1699942108828,0.09123837082019619,500-550,0.0
17742,491.8127238087401,0.1958611195778794,450-500,0.0
17743,508.0387303532666,0.14340818406568673,500-550,0.0
17744,490.28978388951793,0.20146248340589717,450-500,0.0
17745,459.8603319986799,0.33757734559860453,450-500,1.0
17746,493.6272925279808,0.18934196371179496,450-500,0.0
17747,523.5312857096733,0.10477869014565085,500-550,0.0
17748,562.5778445128875,0.0453303914772603,550-600,0.0
17749,482.115517329729,0.23356077004228804,450-500,1.0
17750,514.6121081318366,0.1257419504490773,500-550,0.0
17751,542.3132533580999,0.07049069217166312,500-550,0.0
17752,515.3051468487288,0.12399219473225896,500-550,0.0
17753,491.19645549457437,0.1981134432438836,450-500,0.0
17754,512.1340078649263,0.1321722200856977,500-550,0.0
17755,529.1241891702173,0.09326172518504164,500-550,0.0
17756,534.7940271089782,0.0827584194161183,500-550,0.0
17757,515.284494953498,0.12404403226953568,500-550,0.0
17758,476.36761036854534,0.25816876693343443,450-500,0.0
17759,522.3615591955747,0.10734098456780895,500-550,0.0
17760,574.0623026487497,0.03513688033294764,550-600,0.0
17761,473.10068028917925,0.2728865950221611,450-500,0.0
17762,524.5230461486033,0.1026486875719464,500-550,0.0
17763,491.97094549236067,0.19528598904974817,450-500,1.0
17764,524.8854188150817,0.10188003413274437,500-550,0.0
17765,584.6620100490425,0.027715943139951047,550-600,0.0
17766,554.9082299035069,0.05364741655581862,550-600,0.0
17767,513.4252441514119,0.12878758441046914,500-550,0.0
17768,531.4070025968342,0.08889613420521014,500-550,0.0
17769,510.35332252487467,0.1369632127701646,500-550,0.0
17770,511.8222849875901,0.13300053751541854,500-550,0.0
17771,484.63836404092467,0.22328868657983195,450-500,0.0
17772,482.4024848100736,0.23237596638864091,450-500,0.0
17773,560.3393727770423,0.04762196528915584,550-600,0.0
17774,539.502863060914,0.07486575072670212,500-550,0.0
17775,448.4326414310235,0.39889451409914745,<450,1.0
17776,468.16630934924143,0.29608355401840586,450-500,0.0
17777,471.93599284207886,0.2782585699120893,450-500,0.0
17778,433.1982744050637,0.4854828783626309,<450,0.0
17779,465.01738459170326,0.31146860657848574,450-500,0.0
17780,510.5722959492027,0.13636627235584142,500-550,0.0
17781,501.47497415463204,0.16306308554893195,500-550,0.0
17782,460.2188520302075,0.33572748203389025,450-500,0.0
17783,505.1300072757465,0.15186334018550382,500-550,0.0
17784,518.4144226596,0.11639753445171948,500-550,0.0
17785,515.213860384476,0.12422147005516014,500-550,0.0
17786,571.5661201054451,0.03714545686824396,550-600,0.0
17787,483.9141168199726,0.22620425231538083,450-500,1.0
17788,445.2831467901677,0.4164643574054913,<450,1.0
17789,550.8222729616047,0.058647305584772845,550-600,0.0
17790,516.769659938309,0.12036335206842631,500-550,0.0
17791,580.579146854301,0.030374513405319516,550-600,0.0
17792,486.6511330590902,0.21532719939700362,450-500,0.0
17793,506.90035178859114,0.14666959876376862,500-550,0.0
17794,492.5701941023609,0.19311933999292813,450-500,0.0
17795,531.119609973516,0.08943541648147861,500-550,0.0
17796,447.9531670708512,0.40155377296016426,<450,1.0
17797,522.4116391013994,0.10723016369716656,500-550,0.0
17798,560.6614489408621,0.04728559476695302,550-600,0.0
17799,533.2662303601577,0.0854777625061448,500-550,0.0
17800,500.8212607241394,0.16513488399080373,500-550,1.0
17801,503.51821545419836,0.15672235711049726,500-550,0.0
17802,481.14387292345043,0.2376035152095089,450-500,0.0
17803,520.7095330342397,0.11105357587066929,500-550,0.0
17804,520.1525089063955,0.1123304842784642,500-550,0.0
17805,517.334126418417,0.11898934535764878,500-550,0.0
17806,475.5526862998783,0.26179119107859733,450-500,0.0
17807,491.483422974919,0.1970622228923593,450-500,0.0
17808,548.0176128174182,0.06232885384372635,500-550,0.0
17809,523.4253873397647,0.10500841967040606,500-550,0.0
17810,502.8642089685593,0.15872977654832465,500-550,1.0
17811,498.33430759049253,0.17320989470539216,450-500,0.0
17812,585.1721516845244,0.027400077840821182,550-600,0.0
17813,455.98652633268244,0.35787361992192374,450-500,0.0
17814,503.8903715238428,0.1555893094992267,500-550,0.0
17815,476.0153469601954,0.2597305970819279,450-500,0.0
17816,547.1755714174554,0.0634756266544611,500-550,0.0
17817,498.45845838691366,0.17279948797704994,450-500,0.0
17818,531.8913651347577,0.08799388290233241,500-550,0.0
17819,521.9485989028258,0.1082586629747747,500-550,0.0
17820,475.86334202025,0.26040643258882595,450-500,0.0
17821,459.56415297663034,0.33910930853016974,450-500,0.0
17822,521.6049629210955,0.10902753666279447,500-550,0.0
17823,467.5094936656071,0.29925619401292136,450-500,0.0
17824,492.17576691933766,0.194543370793172,450-500,0.0
17825,513.7188002273176,0.12802848336611994,500-550,0.0
17826,503.10400091337135,0.15799134330976886,500-550,0.0
17827,573.9425399319489,0.03523081231317875,550-600,0.0
17828,560.2892928712176,0.04767447162762067,550-600,0.0
17829,512.5652384521406,0.13103355712138856,500-550,1.0
17830,593.8068657852879,0.0225561912347935,550-600,0.0
17831,510.55591231947744,0.1364108596044787,500-550,0.0
17832,573.9425399319489,0.03523081231317875,550-600,0.0
17833,524.2353721011369,0.10326254527330028,500-550,0.0
17834,483.6372286560233,0.22732600106834977,450-500,0.0
17835,580.9563696123316,0.03011886757255587,550-600,0.0
17836,529.1241891702173,0.09326172518504164,500-550,0.0
17837,526.6989746260111,0.09810943017421701,500-550,0.0
17838,467.3137895349958,0.30020526842692546,450-500,0.0
17839,560.7539156436591,0.047189442139404736,550-600,0.0
17840,572.0762242657481,0.03672621779494771,550-600,1.0
17841,513.1338917563995,0.1295447760599543,500-550,0.0
17842,505.7509489749907,0.15002467499192343,500-550,1.0
17843,527.7530216626308,0.09597551305114277,500-550,0.0
17844,507.096791202268,0.1461024545467195,500-550,1.0
17845,483.67722924545257,0.22716370554344878,450-500,0.0
17846,509.71861049571555,0.138705920989876,500-550,0.0
17847,598.2809441182605,0.020386116726131713,550-600,0.0
17848,510.0898791417754,0.1376842939191924,500-550,0.0
17849,471.85940044089057,0.2786141115068733,450-500,0.0
17850,504.9119658406339,0.15251335530482413,500-550,1.0
17851,457.55482684396713,0.3495902790301484,450-500,1.0
17852,501.4471201735182,0.16315093398420763,500-550,0.0
17853,510.4155597998929,0.136793325325928,500-550,0.0
17854,497.48339742414345,0.17604351103896157,450-500,0.0
17855,519.3391646139082,0.11421799830110267,500-550,0.0
17856,510.0898791417754,0.1376842939191924,500-550,1.0
17857,505.1300072757465,0.15186334018550382,500-550,0.0
17858,482.115517329729,0.23356077004228804,450-500,0.0
17859,478.0827340408121,0.2506523641540528,450-500,1.0
17860,562.2370482864906,0.0456723684827804,550-600,0.0
17861,520.2274707500833,0.11215789977791098,500-550,0.0
17862,524.4865648057167,0.10272635454535349,500-550,0.0
17863,541.3593615521194,0.07194850510241518,500-550,0.0
17864,580.579146854301,0.030374513405319516,550-600,0.0
17865,510.0397992359508,0.13782172990691008,500-550,0.0
17866,505.5201222924197,0.15070602390150686,500-550,0.0
17867,489.69154862223536,0.20369530785776974,450-500,1.0
17868,518.5203231515543,0.11614611711176519,500-550,0.0
17869,536.5758640171625,0.07968649137435849,500-550,0.0
17870,478.617871797163,0.24833719591484987,450-500,0.0
17871,445.5200343646877,0.4151348458659417,<450,1.0
17872,496.04906911090114,0.18090226226647585,450-500,0.0
17873,552.7928199565785,0.056183664121277496,550-600,0.0
17874,492.97328604234167,0.19167223255032015,450-500,1.0
17875,561.620779972325,0.04629701785693508,550-600,0.0
17876,547.820766162085,0.06259519393834524,500-550,0.0
17877,529.1742690760418,0.09316392296586037,500-550,0.0
17878,476.72754558350726,0.2565792604093228,450-500,0.0
17879,503.51821545419836,0.15672235711049726,500-550,0.0
17880,452.6346618254638,0.375859355361576,450-500,1.0
17881,487.9065028980929,0.21046691203046722,450-500,0.0
17882,530.7359809917655,0.09015987977327969,500-550,0.0
17883,504.63786206247227,0.15333373576796236,500-550,0.0
17884,453.46537505366456,0.3713675978874049,450-500,0.0
17885,491.00848218663737,0.1988043133066174,450-500,1.0
17886,525.3248929422332,0.10095468604266965,500-550,0.0
17887,463.2844491315813,0.3201194200218803,450-500,0.0
17888,534.8279422758812,0.08269895569355104,500-550,0.0
17889,539.4143518837993,0.07500751534795055,500-550,0.0
17890,470.2721553966779,0.28604447845059106,450-500,0.0
17891,511.888478632019,0.13282427947281833,500-550,0.0
17892,512.8676607379804,0.13023999022139937,500-550,0.0
17893,511.48630947765776,0.13389821615844383,500-550,0.0
17894,510.3267667162954,0.13703575546989577,500-550,1.0
17895,492.8082473161225,0.19226372220007415,450-500,0.0
17896,574.1955180810478,0.035032680659713974,550-600,0.0
17897,516.6627573651222,0.12062510837804859,500-550,0.0
17898,474.59298249953883,0.2660990136983959,450-500,0.0
17899,570.489877644337,0.03804513177327869,550-600,0.0
17900,442.7530990492339,0.4307361931562821,<450,0.0
17901,581.4211882542639,0.029806723812318733,550-600,0.0
17902,591.6490995987251,0.02368192718285748,550-600,0.0
17903,540.2563932837622,0.07366879176631828,500-550,0.0
17904,504.26994260854974,0.15444057878307899,500-550,0.0
17905,541.4960290356659,0.07173794490750102,500-550,1.0
17906,466.39228883873136,0.3046971029430167,450-500,0.0
17907,509.43938498670894,0.13947845519973484,500-550,0.0
17908,494.437277289353,0.18648611358952003,450-500,0.0
17909,548.2959882891232,0.06195400813993198,500-550,0.0
17910,540.0247017164302,0.07403493881231625,500-550,1.0
17911,541.4459491298413,0.07181503568991837,500-550,0.0
17912,517.8319708471897,0.11778878739659737,500-550,0.0
17913,479.64444595653566,0.24393616459488224,450-500,0.0
17914,487.2773965497895,0.21289244030315305,450-500,0.0
17915,522.6730089947874,0.10665341577199307,500-550,0.0
17916,533.115725211036,0.08574998813704393,500-550,0.0
17917,529.843859685978,0.09186508017656328,500-550,1.0
17918,465.01738459170326,0.31146860657848574,450-500,1.0
17919,488.66640775364056,0.20756419732603745,450-500,0.0
17920,561.9215851182448,0.04599111284647033,550-600,0.0
17921,523.6003837243942,0.10462903242752855,500-550,1.0
17922,468.71044348095427,0.2934700215331378,450-500,0.0
17923,555.3691278527143,0.053109336023262316,550-600,0.0
17924,581.4211882542639,0.029806723812318733,550-600,0.0
17925,436.15212871949774,0.46845860466294137,<450,0.0
17926,490.81776732286676,0.19950710922399073,450-500,0.0
17927,557.7728811684008,0.05038470020411938,550-600,0.0
17928,565.7628211622653,0.042250251843947775,550-600,0.0
17929,513.2199657331262,0.12932068608412592,500-550,1.0
17930,506.32955027449594,0.14832792048880888,500-550,0.0
17931,476.39472769984116,0.2580487909950115,450-500,1.0
17932,449.97876922245,0.39036063331864573,<450,0.0
17933,554.4153922859285,0.05422847270130989,550-600,0.0
17934,530.1537308068137,0.09126953171130284,500-550,0.0
17935,513.2806210307294,0.12916297088464798,500-550,0.0
17936,463.2844491315813,0.3201194200218803,450-500,0.0
17937,483.183563403421,0.22917239429105685,450-500,1.0
17938,462.300529182074,0.3250872811686714,450-500,0.0
17939,529.1241891702173,0.09326172518504164,500-550,1.0
17940,473.4476248519779,0.2712989391267383,450-500,0.0
17941,474.98649789153717,0.2643271877188008,450-500,1.0
17942,529.6094762529916,0.09231786497217319,500-550,0.0
17943,522.2712449499633,0.10754109395761291,500-550,0.0
17944,538.9457727419473,0.07576213612024756,500-550,0.0
17945,487.0096530906178,0.21393089618223754,450-500,0.0
17946,522.4116391013994,0.10723016369716656,500-550,1.0
17947,532.0766745140786,0.08765088951548279,500-550,0.0
17948,539.7878141419102,0.07441102763599186,500-550,0.0
17949,491.4545168068941,0.1971679211574537,450-500,0.0
17950,482.68170573807015,0.23122717476576013,450-500,0.0
17951,590.037307777177,0.024558409558930183,550-600,0.0
17952,536.0648861621305,0.08055661741273135,500-550,1.0
17953,456.7972176611765,0.3535808002767919,450-500,1.0
17954,514.5391403972194,0.12592740133425612,500-550,0.0
17955,512.4706362693572,0.13128263841738544,500-550,1.0
17956,601.7741592658829,0.01883516653484192,600-650,0.0
17957,499.2324234588443,0.1702583186680585,450-500,0.0
17958,522.7931497966019,0.10638922644374592,500-550,0.0
17959,519.8451474927579,0.11304054901353476,500-550,0.0
17960,576.8735064175902,0.03300010815680965,550-600,0.0
17961,530.6859010859408,0.09025484225807442,500-550,0.0
17962,504.24186878041587,0.15452530322894115,500-550,0.0
17963,479.44088394329157,0.24480464125588075,450-500,0.0
17964,489.5945092390639,0.204059223703973,450-500,0.0
17965,528.2821477702545,0.09492001170235922,500-550,0.0
17966,479.6777715178116,0.2437941834432638,450-500,0.0
17967,517.1579174175611,0.11941680501486145,500-550,1.0
17968,556.2111692526772,0.05213941767912884,550-600,0.0
17969,464.7804970171832,0.3126435901678856,450-500,1.0
17970,485.57220408460734,0.2195690449617545,450-500,0.0
17971,524.3856720979351,0.10294142113995894,500-550,0.0
17972,479.6355494946198,0.24397407679991373,450-500,0.0
17973,502.9333069832802,0.15851670422078443,500-550,0.0
17974,551.6711686086481,0.05757380611065567,550-600,0.0
17975,553.6811215117434,0.055105191768312974,550-600,0.0
17976,492.8082473161225,0.19226372220007415,450-500,0.0
17977,538.2254510355607,0.07693577321090533,500-550,0.0
17978,496.92607778218854,0.1779191199647671,450-500,0.0
17979,593.7429482138879,0.022588774026107816,550-600,0.0
17980,562.5778445128875,0.0453303914772603,550-600,0.0
17981,556.2111692526772,0.05213941767912884,550-600,0.0
17982,515.0299906524501,0.12468438225115965,500-550,1.0
17983,531.9213795585131,0.08793824633025013,500-550,0.0
17984,473.43664388290404,0.27134910028663195,450-500,0.0
17985,542.639538247826,0.06999833454165047,500-550,0.0
17986,496.87599787636395,0.17808842376729717,450-500,0.0
17987,470.80698396177144,0.28352754747144293,450-500,1.0
17988,516.6556624610845,0.12064249797508966,500-550,0.0
17989,479.161663015295,0.24599930371799086,450-500,1.0
17990,513.8436550239788,0.12770678247212633,500-550,0.0
17991,540.3451337838651,0.07352899526338473,500-550,0.0
17992,518.2834355770343,0.11670916321177889,500-550,0.0
17993,466.2770825837047,0.3052613225906914,450-500,0.0
17994,545.1228445656643,0.06635411272192128,500-550,0.0
17995,518.428021222538,0.11636522381040236,500-550,0.0
17996,474.88984715651293,0.26476166227715026,450-500,0.0
17997,475.03116169612707,0.2641265646749012,450-500,1.0
17998,523.8533618734931,0.10408272296538154,500-550,0.0
17999,555.0965162411256,0.053426981009969836,550-600,0.0
